image_path,label,source_id,split,pair_type
/root/autodl-tmp/qkzhang/cqt_v2/dataset_images_PM_noisy_cqt/lensed/pos_0000.png,1,0,train,positive
/root/autodl-tmp/qkzhang/cqt_v2/dataset_images_PM_noisy_cqt/lensed/pos_0001.png,1,1,train,positive
/root/autodl-tmp/qkzhang/cqt_v2/dataset_images_PM_noisy_cqt/lensed/pos_0002.png,1,2,train,positive
/root/autodl-tmp/qkzhang/cqt_v2/dataset_images_PM_noisy_cqt/lensed/pos_0003.png,1,3,train,positive
/root/autodl-tmp/qkzhang/cqt_v2/dataset_images_PM_noisy_cqt/lensed/pos_0004.png,1,4,train,positive
/root/autodl-tmp/qkzhang/cqt_v2/dataset_images_PM_noisy_cqt/lensed/pos_0005.png,1,5,train,positive
/root/autodl-tmp/qkzhang/cqt_v2/dataset_images_PM_noisy_cqt/lensed/pos_0007.png,1,7,train,positive
/root/autodl-tmp/qkzhang/cqt_v2/dataset_images_PM_noisy_cqt/lensed/pos_0009.png,1,9,train,positive
/root/autodl-tmp/qkzhang/cqt_v2/dataset_images_PM_noisy_cqt/lensed/pos_0010.png,1,10,train,positive
/root/autodl-tmp/qkzhang/cqt_v2/dataset_images_PM_noisy_cqt/lensed/pos_0011.png,1,11,train,positive
/root/autodl-tmp/qkzhang/cqt_v2/dataset_images_PM_noisy_cqt/lensed/pos_0012.png,1,12,train,positive
/root/autodl-tmp/qkzhang/cqt_v2/dataset_images_PM_noisy_cqt/lensed/pos_0013.png,1,13,train,positive
/root/autodl-tmp/qkzhang/cqt_v2/dataset_images_PM_noisy_cqt/lensed/pos_0014.png,1,14,train,positive
/root/autodl-tmp/qkzhang/cqt_v2/dataset_images_PM_noisy_cqt/lensed/pos_0015.png,1,15,train,positive
/root/autodl-tmp/qkzhang/cqt_v2/dataset_images_PM_noisy_cqt/lensed/pos_0016.png,1,16,train,positive
/root/autodl-tmp/qkzhang/cqt_v2/dataset_images_PM_noisy_cqt/lensed/pos_0017.png,1,17,train,positive
/root/autodl-tmp/qkzhang/cqt_v2/dataset_images_PM_noisy_cqt/lensed/pos_0018.png,1,18,train,positive
/root/autodl-tmp/qkzhang/cqt_v2/dataset_images_PM_noisy_cqt/lensed/pos_0019.png,1,19,train,positive
/root/autodl-tmp/qkzhang/cqt_v2/dataset_images_PM_noisy_cqt/lensed/pos_0020.png,1,20,train,positive
/root/autodl-tmp/qkzhang/cqt_v2/dataset_images_PM_noisy_cqt/lensed/pos_0021.png,1,21,train,positive
/root/autodl-tmp/qkzhang/cqt_v2/dataset_images_PM_noisy_cqt/lensed/pos_0022.png,1,22,train,positive
/root/autodl-tmp/qkzhang/cqt_v2/dataset_images_PM_noisy_cqt/lensed/pos_0023.png,1,23,train,positive
/root/autodl-tmp/qkzhang/cqt_v2/dataset_images_PM_noisy_cqt/lensed/pos_0024.png,1,24,train,positive
/root/autodl-tmp/qkzhang/cqt_v2/dataset_images_PM_noisy_cqt/lensed/pos_0025.png,1,25,train,positive
/root/autodl-tmp/qkzhang/cqt_v2/dataset_images_PM_noisy_cqt/lensed/pos_0026.png,1,26,train,positive
/root/autodl-tmp/qkzhang/cqt_v2/dataset_images_PM_noisy_cqt/lensed/pos_0027.png,1,27,train,positive
/root/autodl-tmp/qkzhang/cqt_v2/dataset_images_PM_noisy_cqt/lensed/pos_0028.png,1,28,train,positive
/root/autodl-tmp/qkzhang/cqt_v2/dataset_images_PM_noisy_cqt/lensed/pos_0029.png,1,29,train,positive
/root/autodl-tmp/qkzhang/cqt_v2/dataset_images_PM_noisy_cqt/lensed/pos_0030.png,1,30,train,positive
/root/autodl-tmp/qkzhang/cqt_v2/dataset_images_PM_noisy_cqt/lensed/pos_0031.png,1,31,train,positive
/root/autodl-tmp/qkzhang/cqt_v2/dataset_images_PM_noisy_cqt/lensed/pos_0032.png,1,32,train,positive
/root/autodl-tmp/qkzhang/cqt_v2/dataset_images_PM_noisy_cqt/lensed/pos_0033.png,1,33,train,positive
/root/autodl-tmp/qkzhang/cqt_v2/dataset_images_PM_noisy_cqt/lensed/pos_0035.png,1,35,train,positive
/root/autodl-tmp/qkzhang/cqt_v2/dataset_images_PM_noisy_cqt/lensed/pos_0037.png,1,37,train,positive
/root/autodl-tmp/qkzhang/cqt_v2/dataset_images_PM_noisy_cqt/lensed/pos_0041.png,1,41,train,positive
/root/autodl-tmp/qkzhang/cqt_v2/dataset_images_PM_noisy_cqt/lensed/pos_0042.png,1,42,train,positive
/root/autodl-tmp/qkzhang/cqt_v2/dataset_images_PM_noisy_cqt/lensed/pos_0043.png,1,43,train,positive
/root/autodl-tmp/qkzhang/cqt_v2/dataset_images_PM_noisy_cqt/lensed/pos_0044.png,1,44,train,positive
/root/autodl-tmp/qkzhang/cqt_v2/dataset_images_PM_noisy_cqt/lensed/pos_0045.png,1,45,train,positive
/root/autodl-tmp/qkzhang/cqt_v2/dataset_images_PM_noisy_cqt/lensed/pos_0046.png,1,46,train,positive
/root/autodl-tmp/qkzhang/cqt_v2/dataset_images_PM_noisy_cqt/lensed/pos_0048.png,1,48,train,positive
/root/autodl-tmp/qkzhang/cqt_v2/dataset_images_PM_noisy_cqt/lensed/pos_0049.png,1,49,train,positive
/root/autodl-tmp/qkzhang/cqt_v2/dataset_images_PM_noisy_cqt/lensed/pos_0050.png,1,50,train,positive
/root/autodl-tmp/qkzhang/cqt_v2/dataset_images_PM_noisy_cqt/lensed/pos_0051.png,1,51,train,positive
/root/autodl-tmp/qkzhang/cqt_v2/dataset_images_PM_noisy_cqt/lensed/pos_0052.png,1,52,train,positive
/root/autodl-tmp/qkzhang/cqt_v2/dataset_images_PM_noisy_cqt/lensed/pos_0053.png,1,53,train,positive
/root/autodl-tmp/qkzhang/cqt_v2/dataset_images_PM_noisy_cqt/lensed/pos_0054.png,1,54,train,positive
/root/autodl-tmp/qkzhang/cqt_v2/dataset_images_PM_noisy_cqt/lensed/pos_0055.png,1,55,train,positive
/root/autodl-tmp/qkzhang/cqt_v2/dataset_images_PM_noisy_cqt/lensed/pos_0056.png,1,56,train,positive
/root/autodl-tmp/qkzhang/cqt_v2/dataset_images_PM_noisy_cqt/lensed/pos_0057.png,1,57,train,positive
/root/autodl-tmp/qkzhang/cqt_v2/dataset_images_PM_noisy_cqt/lensed/pos_0058.png,1,58,train,positive
/root/autodl-tmp/qkzhang/cqt_v2/dataset_images_PM_noisy_cqt/lensed/pos_0060.png,1,60,train,positive
/root/autodl-tmp/qkzhang/cqt_v2/dataset_images_PM_noisy_cqt/lensed/pos_0061.png,1,61,train,positive
/root/autodl-tmp/qkzhang/cqt_v2/dataset_images_PM_noisy_cqt/lensed/pos_0062.png,1,62,train,positive
/root/autodl-tmp/qkzhang/cqt_v2/dataset_images_PM_noisy_cqt/lensed/pos_0063.png,1,63,train,positive
/root/autodl-tmp/qkzhang/cqt_v2/dataset_images_PM_noisy_cqt/lensed/pos_0065.png,1,65,train,positive
/root/autodl-tmp/qkzhang/cqt_v2/dataset_images_PM_noisy_cqt/lensed/pos_0066.png,1,66,train,positive
/root/autodl-tmp/qkzhang/cqt_v2/dataset_images_PM_noisy_cqt/lensed/pos_0067.png,1,67,train,positive
/root/autodl-tmp/qkzhang/cqt_v2/dataset_images_PM_noisy_cqt/lensed/pos_0068.png,1,68,train,positive
/root/autodl-tmp/qkzhang/cqt_v2/dataset_images_PM_noisy_cqt/lensed/pos_0069.png,1,69,train,positive
/root/autodl-tmp/qkzhang/cqt_v2/dataset_images_PM_noisy_cqt/lensed/pos_0070.png,1,70,train,positive
/root/autodl-tmp/qkzhang/cqt_v2/dataset_images_PM_noisy_cqt/lensed/pos_0071.png,1,71,train,positive
/root/autodl-tmp/qkzhang/cqt_v2/dataset_images_PM_noisy_cqt/lensed/pos_0072.png,1,72,train,positive
/root/autodl-tmp/qkzhang/cqt_v2/dataset_images_PM_noisy_cqt/lensed/pos_0073.png,1,73,train,positive
/root/autodl-tmp/qkzhang/cqt_v2/dataset_images_PM_noisy_cqt/lensed/pos_0074.png,1,74,train,positive
/root/autodl-tmp/qkzhang/cqt_v2/dataset_images_PM_noisy_cqt/lensed/pos_0075.png,1,75,train,positive
/root/autodl-tmp/qkzhang/cqt_v2/dataset_images_PM_noisy_cqt/lensed/pos_0076.png,1,76,train,positive
/root/autodl-tmp/qkzhang/cqt_v2/dataset_images_PM_noisy_cqt/lensed/pos_0077.png,1,77,train,positive
/root/autodl-tmp/qkzhang/cqt_v2/dataset_images_PM_noisy_cqt/lensed/pos_0078.png,1,78,train,positive
/root/autodl-tmp/qkzhang/cqt_v2/dataset_images_PM_noisy_cqt/lensed/pos_0079.png,1,79,train,positive
/root/autodl-tmp/qkzhang/cqt_v2/dataset_images_PM_noisy_cqt/lensed/pos_0081.png,1,81,train,positive
/root/autodl-tmp/qkzhang/cqt_v2/dataset_images_PM_noisy_cqt/lensed/pos_0082.png,1,82,train,positive
/root/autodl-tmp/qkzhang/cqt_v2/dataset_images_PM_noisy_cqt/lensed/pos_0083.png,1,83,train,positive
/root/autodl-tmp/qkzhang/cqt_v2/dataset_images_PM_noisy_cqt/lensed/pos_0085.png,1,85,train,positive
/root/autodl-tmp/qkzhang/cqt_v2/dataset_images_PM_noisy_cqt/lensed/pos_0086.png,1,86,train,positive
/root/autodl-tmp/qkzhang/cqt_v2/dataset_images_PM_noisy_cqt/lensed/pos_0087.png,1,87,train,positive
/root/autodl-tmp/qkzhang/cqt_v2/dataset_images_PM_noisy_cqt/lensed/pos_0088.png,1,88,train,positive
/root/autodl-tmp/qkzhang/cqt_v2/dataset_images_PM_noisy_cqt/lensed/pos_0089.png,1,89,train,positive
/root/autodl-tmp/qkzhang/cqt_v2/dataset_images_PM_noisy_cqt/lensed/pos_0090.png,1,90,train,positive
/root/autodl-tmp/qkzhang/cqt_v2/dataset_images_PM_noisy_cqt/lensed/pos_0091.png,1,91,train,positive
/root/autodl-tmp/qkzhang/cqt_v2/dataset_images_PM_noisy_cqt/lensed/pos_0093.png,1,93,train,positive
/root/autodl-tmp/qkzhang/cqt_v2/dataset_images_PM_noisy_cqt/lensed/pos_0094.png,1,94,train,positive
/root/autodl-tmp/qkzhang/cqt_v2/dataset_images_PM_noisy_cqt/lensed/pos_0095.png,1,95,train,positive
/root/autodl-tmp/qkzhang/cqt_v2/dataset_images_PM_noisy_cqt/lensed/pos_0097.png,1,97,train,positive
/root/autodl-tmp/qkzhang/cqt_v2/dataset_images_PM_noisy_cqt/lensed/pos_0098.png,1,98,train,positive
/root/autodl-tmp/qkzhang/cqt_v2/dataset_images_PM_noisy_cqt/lensed/pos_0099.png,1,99,train,positive
/root/autodl-tmp/qkzhang/cqt_v2/dataset_images_PM_noisy_cqt/lensed/pos_0101.png,1,101,train,positive
/root/autodl-tmp/qkzhang/cqt_v2/dataset_images_PM_noisy_cqt/lensed/pos_0102.png,1,102,train,positive
/root/autodl-tmp/qkzhang/cqt_v2/dataset_images_PM_noisy_cqt/lensed/pos_0103.png,1,103,train,positive
/root/autodl-tmp/qkzhang/cqt_v2/dataset_images_PM_noisy_cqt/lensed/pos_0105.png,1,105,train,positive
/root/autodl-tmp/qkzhang/cqt_v2/dataset_images_PM_noisy_cqt/lensed/pos_0106.png,1,106,train,positive
/root/autodl-tmp/qkzhang/cqt_v2/dataset_images_PM_noisy_cqt/lensed/pos_0108.png,1,108,train,positive
/root/autodl-tmp/qkzhang/cqt_v2/dataset_images_PM_noisy_cqt/lensed/pos_0109.png,1,109,train,positive
/root/autodl-tmp/qkzhang/cqt_v2/dataset_images_PM_noisy_cqt/lensed/pos_0110.png,1,110,train,positive
/root/autodl-tmp/qkzhang/cqt_v2/dataset_images_PM_noisy_cqt/lensed/pos_0111.png,1,111,train,positive
/root/autodl-tmp/qkzhang/cqt_v2/dataset_images_PM_noisy_cqt/lensed/pos_0112.png,1,112,train,positive
/root/autodl-tmp/qkzhang/cqt_v2/dataset_images_PM_noisy_cqt/lensed/pos_0114.png,1,114,train,positive
/root/autodl-tmp/qkzhang/cqt_v2/dataset_images_PM_noisy_cqt/lensed/pos_0115.png,1,115,train,positive
/root/autodl-tmp/qkzhang/cqt_v2/dataset_images_PM_noisy_cqt/lensed/pos_0116.png,1,116,train,positive
/root/autodl-tmp/qkzhang/cqt_v2/dataset_images_PM_noisy_cqt/lensed/pos_0117.png,1,117,train,positive
/root/autodl-tmp/qkzhang/cqt_v2/dataset_images_PM_noisy_cqt/lensed/pos_0119.png,1,119,train,positive
/root/autodl-tmp/qkzhang/cqt_v2/dataset_images_PM_noisy_cqt/lensed/pos_0120.png,1,120,train,positive
/root/autodl-tmp/qkzhang/cqt_v2/dataset_images_PM_noisy_cqt/lensed/pos_0123.png,1,123,train,positive
/root/autodl-tmp/qkzhang/cqt_v2/dataset_images_PM_noisy_cqt/lensed/pos_0125.png,1,125,train,positive
/root/autodl-tmp/qkzhang/cqt_v2/dataset_images_PM_noisy_cqt/lensed/pos_0126.png,1,126,train,positive
/root/autodl-tmp/qkzhang/cqt_v2/dataset_images_PM_noisy_cqt/lensed/pos_0127.png,1,127,train,positive
/root/autodl-tmp/qkzhang/cqt_v2/dataset_images_PM_noisy_cqt/lensed/pos_0129.png,1,129,train,positive
/root/autodl-tmp/qkzhang/cqt_v2/dataset_images_PM_noisy_cqt/lensed/pos_0130.png,1,130,train,positive
/root/autodl-tmp/qkzhang/cqt_v2/dataset_images_PM_noisy_cqt/lensed/pos_0131.png,1,131,train,positive
/root/autodl-tmp/qkzhang/cqt_v2/dataset_images_PM_noisy_cqt/lensed/pos_0133.png,1,133,train,positive
/root/autodl-tmp/qkzhang/cqt_v2/dataset_images_PM_noisy_cqt/lensed/pos_0134.png,1,134,train,positive
/root/autodl-tmp/qkzhang/cqt_v2/dataset_images_PM_noisy_cqt/lensed/pos_0136.png,1,136,train,positive
/root/autodl-tmp/qkzhang/cqt_v2/dataset_images_PM_noisy_cqt/lensed/pos_0137.png,1,137,train,positive
/root/autodl-tmp/qkzhang/cqt_v2/dataset_images_PM_noisy_cqt/lensed/pos_0139.png,1,139,train,positive
/root/autodl-tmp/qkzhang/cqt_v2/dataset_images_PM_noisy_cqt/lensed/pos_0141.png,1,141,train,positive
/root/autodl-tmp/qkzhang/cqt_v2/dataset_images_PM_noisy_cqt/lensed/pos_0142.png,1,142,train,positive
/root/autodl-tmp/qkzhang/cqt_v2/dataset_images_PM_noisy_cqt/lensed/pos_0143.png,1,143,train,positive
/root/autodl-tmp/qkzhang/cqt_v2/dataset_images_PM_noisy_cqt/lensed/pos_0145.png,1,145,train,positive
/root/autodl-tmp/qkzhang/cqt_v2/dataset_images_PM_noisy_cqt/lensed/pos_0146.png,1,146,train,positive
/root/autodl-tmp/qkzhang/cqt_v2/dataset_images_PM_noisy_cqt/lensed/pos_0147.png,1,147,train,positive
/root/autodl-tmp/qkzhang/cqt_v2/dataset_images_PM_noisy_cqt/lensed/pos_0149.png,1,149,train,positive
/root/autodl-tmp/qkzhang/cqt_v2/dataset_images_PM_noisy_cqt/lensed/pos_0150.png,1,150,train,positive
/root/autodl-tmp/qkzhang/cqt_v2/dataset_images_PM_noisy_cqt/lensed/pos_0151.png,1,151,train,positive
/root/autodl-tmp/qkzhang/cqt_v2/dataset_images_PM_noisy_cqt/lensed/pos_0152.png,1,152,train,positive
/root/autodl-tmp/qkzhang/cqt_v2/dataset_images_PM_noisy_cqt/lensed/pos_0153.png,1,153,train,positive
/root/autodl-tmp/qkzhang/cqt_v2/dataset_images_PM_noisy_cqt/lensed/pos_0154.png,1,154,train,positive
/root/autodl-tmp/qkzhang/cqt_v2/dataset_images_PM_noisy_cqt/lensed/pos_0157.png,1,157,train,positive
/root/autodl-tmp/qkzhang/cqt_v2/dataset_images_PM_noisy_cqt/lensed/pos_0158.png,1,158,train,positive
/root/autodl-tmp/qkzhang/cqt_v2/dataset_images_PM_noisy_cqt/lensed/pos_0159.png,1,159,train,positive
/root/autodl-tmp/qkzhang/cqt_v2/dataset_images_PM_noisy_cqt/lensed/pos_0160.png,1,160,train,positive
/root/autodl-tmp/qkzhang/cqt_v2/dataset_images_PM_noisy_cqt/lensed/pos_0162.png,1,162,train,positive
/root/autodl-tmp/qkzhang/cqt_v2/dataset_images_PM_noisy_cqt/lensed/pos_0163.png,1,163,train,positive
/root/autodl-tmp/qkzhang/cqt_v2/dataset_images_PM_noisy_cqt/lensed/pos_0165.png,1,165,train,positive
/root/autodl-tmp/qkzhang/cqt_v2/dataset_images_PM_noisy_cqt/lensed/pos_0167.png,1,167,train,positive
/root/autodl-tmp/qkzhang/cqt_v2/dataset_images_PM_noisy_cqt/lensed/pos_0168.png,1,168,train,positive
/root/autodl-tmp/qkzhang/cqt_v2/dataset_images_PM_noisy_cqt/lensed/pos_0169.png,1,169,train,positive
/root/autodl-tmp/qkzhang/cqt_v2/dataset_images_PM_noisy_cqt/lensed/pos_0171.png,1,171,train,positive
/root/autodl-tmp/qkzhang/cqt_v2/dataset_images_PM_noisy_cqt/lensed/pos_0172.png,1,172,train,positive
/root/autodl-tmp/qkzhang/cqt_v2/dataset_images_PM_noisy_cqt/lensed/pos_0173.png,1,173,train,positive
/root/autodl-tmp/qkzhang/cqt_v2/dataset_images_PM_noisy_cqt/lensed/pos_0174.png,1,174,train,positive
/root/autodl-tmp/qkzhang/cqt_v2/dataset_images_PM_noisy_cqt/lensed/pos_0175.png,1,175,train,positive
/root/autodl-tmp/qkzhang/cqt_v2/dataset_images_PM_noisy_cqt/lensed/pos_0176.png,1,176,train,positive
/root/autodl-tmp/qkzhang/cqt_v2/dataset_images_PM_noisy_cqt/lensed/pos_0177.png,1,177,train,positive
/root/autodl-tmp/qkzhang/cqt_v2/dataset_images_PM_noisy_cqt/lensed/pos_0179.png,1,179,train,positive
/root/autodl-tmp/qkzhang/cqt_v2/dataset_images_PM_noisy_cqt/lensed/pos_0180.png,1,180,train,positive
/root/autodl-tmp/qkzhang/cqt_v2/dataset_images_PM_noisy_cqt/lensed/pos_0181.png,1,181,train,positive
/root/autodl-tmp/qkzhang/cqt_v2/dataset_images_PM_noisy_cqt/lensed/pos_0182.png,1,182,train,positive
/root/autodl-tmp/qkzhang/cqt_v2/dataset_images_PM_noisy_cqt/lensed/pos_0183.png,1,183,train,positive
/root/autodl-tmp/qkzhang/cqt_v2/dataset_images_PM_noisy_cqt/lensed/pos_0184.png,1,184,train,positive
/root/autodl-tmp/qkzhang/cqt_v2/dataset_images_PM_noisy_cqt/lensed/pos_0185.png,1,185,train,positive
/root/autodl-tmp/qkzhang/cqt_v2/dataset_images_PM_noisy_cqt/lensed/pos_0187.png,1,187,train,positive
/root/autodl-tmp/qkzhang/cqt_v2/dataset_images_PM_noisy_cqt/lensed/pos_0188.png,1,188,train,positive
/root/autodl-tmp/qkzhang/cqt_v2/dataset_images_PM_noisy_cqt/lensed/pos_0189.png,1,189,train,positive
/root/autodl-tmp/qkzhang/cqt_v2/dataset_images_PM_noisy_cqt/lensed/pos_0190.png,1,190,train,positive
/root/autodl-tmp/qkzhang/cqt_v2/dataset_images_PM_noisy_cqt/lensed/pos_0192.png,1,192,train,positive
/root/autodl-tmp/qkzhang/cqt_v2/dataset_images_PM_noisy_cqt/lensed/pos_0193.png,1,193,train,positive
/root/autodl-tmp/qkzhang/cqt_v2/dataset_images_PM_noisy_cqt/lensed/pos_0194.png,1,194,train,positive
/root/autodl-tmp/qkzhang/cqt_v2/dataset_images_PM_noisy_cqt/lensed/pos_0197.png,1,197,train,positive
/root/autodl-tmp/qkzhang/cqt_v2/dataset_images_PM_noisy_cqt/lensed/pos_0198.png,1,198,train,positive
/root/autodl-tmp/qkzhang/cqt_v2/dataset_images_PM_noisy_cqt/lensed/pos_0199.png,1,199,train,positive
/root/autodl-tmp/qkzhang/cqt_v2/dataset_images_PM_noisy_cqt/lensed/pos_0200.png,1,200,train,positive
/root/autodl-tmp/qkzhang/cqt_v2/dataset_images_PM_noisy_cqt/lensed/pos_0201.png,1,201,train,positive
/root/autodl-tmp/qkzhang/cqt_v2/dataset_images_PM_noisy_cqt/lensed/pos_0202.png,1,202,train,positive
/root/autodl-tmp/qkzhang/cqt_v2/dataset_images_PM_noisy_cqt/lensed/pos_0204.png,1,204,train,positive
/root/autodl-tmp/qkzhang/cqt_v2/dataset_images_PM_noisy_cqt/lensed/pos_0206.png,1,206,train,positive
/root/autodl-tmp/qkzhang/cqt_v2/dataset_images_PM_noisy_cqt/lensed/pos_0207.png,1,207,train,positive
/root/autodl-tmp/qkzhang/cqt_v2/dataset_images_PM_noisy_cqt/lensed/pos_0208.png,1,208,train,positive
/root/autodl-tmp/qkzhang/cqt_v2/dataset_images_PM_noisy_cqt/lensed/pos_0209.png,1,209,train,positive
/root/autodl-tmp/qkzhang/cqt_v2/dataset_images_PM_noisy_cqt/lensed/pos_0210.png,1,210,train,positive
/root/autodl-tmp/qkzhang/cqt_v2/dataset_images_PM_noisy_cqt/lensed/pos_0211.png,1,211,train,positive
/root/autodl-tmp/qkzhang/cqt_v2/dataset_images_PM_noisy_cqt/lensed/pos_0212.png,1,212,train,positive
/root/autodl-tmp/qkzhang/cqt_v2/dataset_images_PM_noisy_cqt/lensed/pos_0214.png,1,214,train,positive
/root/autodl-tmp/qkzhang/cqt_v2/dataset_images_PM_noisy_cqt/lensed/pos_0216.png,1,216,train,positive
/root/autodl-tmp/qkzhang/cqt_v2/dataset_images_PM_noisy_cqt/lensed/pos_0217.png,1,217,train,positive
/root/autodl-tmp/qkzhang/cqt_v2/dataset_images_PM_noisy_cqt/lensed/pos_0218.png,1,218,train,positive
/root/autodl-tmp/qkzhang/cqt_v2/dataset_images_PM_noisy_cqt/lensed/pos_0219.png,1,219,train,positive
/root/autodl-tmp/qkzhang/cqt_v2/dataset_images_PM_noisy_cqt/lensed/pos_0220.png,1,220,train,positive
/root/autodl-tmp/qkzhang/cqt_v2/dataset_images_PM_noisy_cqt/lensed/pos_0221.png,1,221,train,positive
/root/autodl-tmp/qkzhang/cqt_v2/dataset_images_PM_noisy_cqt/lensed/pos_0222.png,1,222,train,positive
/root/autodl-tmp/qkzhang/cqt_v2/dataset_images_PM_noisy_cqt/lensed/pos_0223.png,1,223,train,positive
/root/autodl-tmp/qkzhang/cqt_v2/dataset_images_PM_noisy_cqt/lensed/pos_0225.png,1,225,train,positive
/root/autodl-tmp/qkzhang/cqt_v2/dataset_images_PM_noisy_cqt/lensed/pos_0226.png,1,226,train,positive
/root/autodl-tmp/qkzhang/cqt_v2/dataset_images_PM_noisy_cqt/lensed/pos_0227.png,1,227,train,positive
/root/autodl-tmp/qkzhang/cqt_v2/dataset_images_PM_noisy_cqt/lensed/pos_0228.png,1,228,train,positive
/root/autodl-tmp/qkzhang/cqt_v2/dataset_images_PM_noisy_cqt/lensed/pos_0229.png,1,229,train,positive
/root/autodl-tmp/qkzhang/cqt_v2/dataset_images_PM_noisy_cqt/lensed/pos_0230.png,1,230,train,positive
/root/autodl-tmp/qkzhang/cqt_v2/dataset_images_PM_noisy_cqt/lensed/pos_0231.png,1,231,train,positive
/root/autodl-tmp/qkzhang/cqt_v2/dataset_images_PM_noisy_cqt/lensed/pos_0232.png,1,232,train,positive
/root/autodl-tmp/qkzhang/cqt_v2/dataset_images_PM_noisy_cqt/lensed/pos_0234.png,1,234,train,positive
/root/autodl-tmp/qkzhang/cqt_v2/dataset_images_PM_noisy_cqt/lensed/pos_0235.png,1,235,train,positive
/root/autodl-tmp/qkzhang/cqt_v2/dataset_images_PM_noisy_cqt/lensed/pos_0236.png,1,236,train,positive
/root/autodl-tmp/qkzhang/cqt_v2/dataset_images_PM_noisy_cqt/lensed/pos_0238.png,1,238,train,positive
/root/autodl-tmp/qkzhang/cqt_v2/dataset_images_PM_noisy_cqt/lensed/pos_0239.png,1,239,train,positive
/root/autodl-tmp/qkzhang/cqt_v2/dataset_images_PM_noisy_cqt/lensed/pos_0241.png,1,241,train,positive
/root/autodl-tmp/qkzhang/cqt_v2/dataset_images_PM_noisy_cqt/lensed/pos_0242.png,1,242,train,positive
/root/autodl-tmp/qkzhang/cqt_v2/dataset_images_PM_noisy_cqt/lensed/pos_0243.png,1,243,train,positive
/root/autodl-tmp/qkzhang/cqt_v2/dataset_images_PM_noisy_cqt/lensed/pos_0244.png,1,244,train,positive
/root/autodl-tmp/qkzhang/cqt_v2/dataset_images_PM_noisy_cqt/lensed/pos_0245.png,1,245,train,positive
/root/autodl-tmp/qkzhang/cqt_v2/dataset_images_PM_noisy_cqt/lensed/pos_0246.png,1,246,train,positive
/root/autodl-tmp/qkzhang/cqt_v2/dataset_images_PM_noisy_cqt/lensed/pos_0248.png,1,248,train,positive
/root/autodl-tmp/qkzhang/cqt_v2/dataset_images_PM_noisy_cqt/lensed/pos_0249.png,1,249,train,positive
/root/autodl-tmp/qkzhang/cqt_v2/dataset_images_PM_noisy_cqt/lensed/pos_0250.png,1,250,train,positive
/root/autodl-tmp/qkzhang/cqt_v2/dataset_images_PM_noisy_cqt/lensed/pos_0251.png,1,251,train,positive
/root/autodl-tmp/qkzhang/cqt_v2/dataset_images_PM_noisy_cqt/lensed/pos_0252.png,1,252,train,positive
/root/autodl-tmp/qkzhang/cqt_v2/dataset_images_PM_noisy_cqt/lensed/pos_0254.png,1,254,train,positive
/root/autodl-tmp/qkzhang/cqt_v2/dataset_images_PM_noisy_cqt/lensed/pos_0256.png,1,256,train,positive
/root/autodl-tmp/qkzhang/cqt_v2/dataset_images_PM_noisy_cqt/lensed/pos_0257.png,1,257,train,positive
/root/autodl-tmp/qkzhang/cqt_v2/dataset_images_PM_noisy_cqt/lensed/pos_0258.png,1,258,train,positive
/root/autodl-tmp/qkzhang/cqt_v2/dataset_images_PM_noisy_cqt/lensed/pos_0260.png,1,260,train,positive
/root/autodl-tmp/qkzhang/cqt_v2/dataset_images_PM_noisy_cqt/lensed/pos_0261.png,1,261,train,positive
/root/autodl-tmp/qkzhang/cqt_v2/dataset_images_PM_noisy_cqt/lensed/pos_0262.png,1,262,train,positive
/root/autodl-tmp/qkzhang/cqt_v2/dataset_images_PM_noisy_cqt/lensed/pos_0263.png,1,263,train,positive
/root/autodl-tmp/qkzhang/cqt_v2/dataset_images_PM_noisy_cqt/lensed/pos_0264.png,1,264,train,positive
/root/autodl-tmp/qkzhang/cqt_v2/dataset_images_PM_noisy_cqt/lensed/pos_0265.png,1,265,train,positive
/root/autodl-tmp/qkzhang/cqt_v2/dataset_images_PM_noisy_cqt/lensed/pos_0266.png,1,266,train,positive
/root/autodl-tmp/qkzhang/cqt_v2/dataset_images_PM_noisy_cqt/lensed/pos_0267.png,1,267,train,positive
/root/autodl-tmp/qkzhang/cqt_v2/dataset_images_PM_noisy_cqt/lensed/pos_0268.png,1,268,train,positive
/root/autodl-tmp/qkzhang/cqt_v2/dataset_images_PM_noisy_cqt/lensed/pos_0269.png,1,269,train,positive
/root/autodl-tmp/qkzhang/cqt_v2/dataset_images_PM_noisy_cqt/lensed/pos_0270.png,1,270,train,positive
/root/autodl-tmp/qkzhang/cqt_v2/dataset_images_PM_noisy_cqt/lensed/pos_0271.png,1,271,train,positive
/root/autodl-tmp/qkzhang/cqt_v2/dataset_images_PM_noisy_cqt/lensed/pos_0272.png,1,272,train,positive
/root/autodl-tmp/qkzhang/cqt_v2/dataset_images_PM_noisy_cqt/lensed/pos_0273.png,1,273,train,positive
/root/autodl-tmp/qkzhang/cqt_v2/dataset_images_PM_noisy_cqt/lensed/pos_0274.png,1,274,train,positive
/root/autodl-tmp/qkzhang/cqt_v2/dataset_images_PM_noisy_cqt/lensed/pos_0275.png,1,275,train,positive
/root/autodl-tmp/qkzhang/cqt_v2/dataset_images_PM_noisy_cqt/lensed/pos_0276.png,1,276,train,positive
/root/autodl-tmp/qkzhang/cqt_v2/dataset_images_PM_noisy_cqt/lensed/pos_0277.png,1,277,train,positive
/root/autodl-tmp/qkzhang/cqt_v2/dataset_images_PM_noisy_cqt/lensed/pos_0278.png,1,278,train,positive
/root/autodl-tmp/qkzhang/cqt_v2/dataset_images_PM_noisy_cqt/lensed/pos_0279.png,1,279,train,positive
/root/autodl-tmp/qkzhang/cqt_v2/dataset_images_PM_noisy_cqt/lensed/pos_0280.png,1,280,train,positive
/root/autodl-tmp/qkzhang/cqt_v2/dataset_images_PM_noisy_cqt/lensed/pos_0281.png,1,281,train,positive
/root/autodl-tmp/qkzhang/cqt_v2/dataset_images_PM_noisy_cqt/lensed/pos_0283.png,1,283,train,positive
/root/autodl-tmp/qkzhang/cqt_v2/dataset_images_PM_noisy_cqt/lensed/pos_0284.png,1,284,train,positive
/root/autodl-tmp/qkzhang/cqt_v2/dataset_images_PM_noisy_cqt/lensed/pos_0286.png,1,286,train,positive
/root/autodl-tmp/qkzhang/cqt_v2/dataset_images_PM_noisy_cqt/lensed/pos_0287.png,1,287,train,positive
/root/autodl-tmp/qkzhang/cqt_v2/dataset_images_PM_noisy_cqt/lensed/pos_0288.png,1,288,train,positive
/root/autodl-tmp/qkzhang/cqt_v2/dataset_images_PM_noisy_cqt/lensed/pos_0289.png,1,289,train,positive
/root/autodl-tmp/qkzhang/cqt_v2/dataset_images_PM_noisy_cqt/lensed/pos_0290.png,1,290,train,positive
/root/autodl-tmp/qkzhang/cqt_v2/dataset_images_PM_noisy_cqt/lensed/pos_0291.png,1,291,train,positive
/root/autodl-tmp/qkzhang/cqt_v2/dataset_images_PM_noisy_cqt/lensed/pos_0292.png,1,292,train,positive
/root/autodl-tmp/qkzhang/cqt_v2/dataset_images_PM_noisy_cqt/lensed/pos_0293.png,1,293,train,positive
/root/autodl-tmp/qkzhang/cqt_v2/dataset_images_PM_noisy_cqt/lensed/pos_0294.png,1,294,train,positive
/root/autodl-tmp/qkzhang/cqt_v2/dataset_images_PM_noisy_cqt/lensed/pos_0295.png,1,295,train,positive
/root/autodl-tmp/qkzhang/cqt_v2/dataset_images_PM_noisy_cqt/lensed/pos_0296.png,1,296,train,positive
/root/autodl-tmp/qkzhang/cqt_v2/dataset_images_PM_noisy_cqt/lensed/pos_0297.png,1,297,train,positive
/root/autodl-tmp/qkzhang/cqt_v2/dataset_images_PM_noisy_cqt/lensed/pos_0298.png,1,298,train,positive
/root/autodl-tmp/qkzhang/cqt_v2/dataset_images_PM_noisy_cqt/lensed/pos_0300.png,1,300,train,positive
/root/autodl-tmp/qkzhang/cqt_v2/dataset_images_PM_noisy_cqt/lensed/pos_0301.png,1,301,train,positive
/root/autodl-tmp/qkzhang/cqt_v2/dataset_images_PM_noisy_cqt/lensed/pos_0302.png,1,302,train,positive
/root/autodl-tmp/qkzhang/cqt_v2/dataset_images_PM_noisy_cqt/lensed/pos_0304.png,1,304,train,positive
/root/autodl-tmp/qkzhang/cqt_v2/dataset_images_PM_noisy_cqt/lensed/pos_0305.png,1,305,train,positive
/root/autodl-tmp/qkzhang/cqt_v2/dataset_images_PM_noisy_cqt/lensed/pos_0306.png,1,306,train,positive
/root/autodl-tmp/qkzhang/cqt_v2/dataset_images_PM_noisy_cqt/lensed/pos_0307.png,1,307,train,positive
/root/autodl-tmp/qkzhang/cqt_v2/dataset_images_PM_noisy_cqt/lensed/pos_0308.png,1,308,train,positive
/root/autodl-tmp/qkzhang/cqt_v2/dataset_images_PM_noisy_cqt/lensed/pos_0309.png,1,309,train,positive
/root/autodl-tmp/qkzhang/cqt_v2/dataset_images_PM_noisy_cqt/lensed/pos_0311.png,1,311,train,positive
/root/autodl-tmp/qkzhang/cqt_v2/dataset_images_PM_noisy_cqt/lensed/pos_0312.png,1,312,train,positive
/root/autodl-tmp/qkzhang/cqt_v2/dataset_images_PM_noisy_cqt/lensed/pos_0315.png,1,315,train,positive
/root/autodl-tmp/qkzhang/cqt_v2/dataset_images_PM_noisy_cqt/lensed/pos_0316.png,1,316,train,positive
/root/autodl-tmp/qkzhang/cqt_v2/dataset_images_PM_noisy_cqt/lensed/pos_0317.png,1,317,train,positive
/root/autodl-tmp/qkzhang/cqt_v2/dataset_images_PM_noisy_cqt/lensed/pos_0318.png,1,318,train,positive
/root/autodl-tmp/qkzhang/cqt_v2/dataset_images_PM_noisy_cqt/lensed/pos_0319.png,1,319,train,positive
/root/autodl-tmp/qkzhang/cqt_v2/dataset_images_PM_noisy_cqt/lensed/pos_0320.png,1,320,train,positive
/root/autodl-tmp/qkzhang/cqt_v2/dataset_images_PM_noisy_cqt/lensed/pos_0321.png,1,321,train,positive
/root/autodl-tmp/qkzhang/cqt_v2/dataset_images_PM_noisy_cqt/lensed/pos_0322.png,1,322,train,positive
/root/autodl-tmp/qkzhang/cqt_v2/dataset_images_PM_noisy_cqt/lensed/pos_0323.png,1,323,train,positive
/root/autodl-tmp/qkzhang/cqt_v2/dataset_images_PM_noisy_cqt/lensed/pos_0325.png,1,325,train,positive
/root/autodl-tmp/qkzhang/cqt_v2/dataset_images_PM_noisy_cqt/lensed/pos_0326.png,1,326,train,positive
/root/autodl-tmp/qkzhang/cqt_v2/dataset_images_PM_noisy_cqt/lensed/pos_0327.png,1,327,train,positive
/root/autodl-tmp/qkzhang/cqt_v2/dataset_images_PM_noisy_cqt/lensed/pos_0329.png,1,329,train,positive
/root/autodl-tmp/qkzhang/cqt_v2/dataset_images_PM_noisy_cqt/lensed/pos_0330.png,1,330,train,positive
/root/autodl-tmp/qkzhang/cqt_v2/dataset_images_PM_noisy_cqt/lensed/pos_0331.png,1,331,train,positive
/root/autodl-tmp/qkzhang/cqt_v2/dataset_images_PM_noisy_cqt/lensed/pos_0332.png,1,332,train,positive
/root/autodl-tmp/qkzhang/cqt_v2/dataset_images_PM_noisy_cqt/lensed/pos_0334.png,1,334,train,positive
/root/autodl-tmp/qkzhang/cqt_v2/dataset_images_PM_noisy_cqt/lensed/pos_0335.png,1,335,train,positive
/root/autodl-tmp/qkzhang/cqt_v2/dataset_images_PM_noisy_cqt/lensed/pos_0336.png,1,336,train,positive
/root/autodl-tmp/qkzhang/cqt_v2/dataset_images_PM_noisy_cqt/lensed/pos_0337.png,1,337,train,positive
/root/autodl-tmp/qkzhang/cqt_v2/dataset_images_PM_noisy_cqt/lensed/pos_0338.png,1,338,train,positive
/root/autodl-tmp/qkzhang/cqt_v2/dataset_images_PM_noisy_cqt/lensed/pos_0339.png,1,339,train,positive
/root/autodl-tmp/qkzhang/cqt_v2/dataset_images_PM_noisy_cqt/lensed/pos_0341.png,1,341,train,positive
/root/autodl-tmp/qkzhang/cqt_v2/dataset_images_PM_noisy_cqt/lensed/pos_0342.png,1,342,train,positive
/root/autodl-tmp/qkzhang/cqt_v2/dataset_images_PM_noisy_cqt/lensed/pos_0344.png,1,344,train,positive
/root/autodl-tmp/qkzhang/cqt_v2/dataset_images_PM_noisy_cqt/lensed/pos_0345.png,1,345,train,positive
/root/autodl-tmp/qkzhang/cqt_v2/dataset_images_PM_noisy_cqt/lensed/pos_0346.png,1,346,train,positive
/root/autodl-tmp/qkzhang/cqt_v2/dataset_images_PM_noisy_cqt/lensed/pos_0349.png,1,349,train,positive
/root/autodl-tmp/qkzhang/cqt_v2/dataset_images_PM_noisy_cqt/lensed/pos_0350.png,1,350,train,positive
/root/autodl-tmp/qkzhang/cqt_v2/dataset_images_PM_noisy_cqt/lensed/pos_0351.png,1,351,train,positive
/root/autodl-tmp/qkzhang/cqt_v2/dataset_images_PM_noisy_cqt/lensed/pos_0352.png,1,352,train,positive
/root/autodl-tmp/qkzhang/cqt_v2/dataset_images_PM_noisy_cqt/lensed/pos_0353.png,1,353,train,positive
/root/autodl-tmp/qkzhang/cqt_v2/dataset_images_PM_noisy_cqt/lensed/pos_0354.png,1,354,train,positive
/root/autodl-tmp/qkzhang/cqt_v2/dataset_images_PM_noisy_cqt/lensed/pos_0355.png,1,355,train,positive
/root/autodl-tmp/qkzhang/cqt_v2/dataset_images_PM_noisy_cqt/lensed/pos_0356.png,1,356,train,positive
/root/autodl-tmp/qkzhang/cqt_v2/dataset_images_PM_noisy_cqt/lensed/pos_0357.png,1,357,train,positive
/root/autodl-tmp/qkzhang/cqt_v2/dataset_images_PM_noisy_cqt/lensed/pos_0358.png,1,358,train,positive
/root/autodl-tmp/qkzhang/cqt_v2/dataset_images_PM_noisy_cqt/lensed/pos_0359.png,1,359,train,positive
/root/autodl-tmp/qkzhang/cqt_v2/dataset_images_PM_noisy_cqt/lensed/pos_0360.png,1,360,train,positive
/root/autodl-tmp/qkzhang/cqt_v2/dataset_images_PM_noisy_cqt/lensed/pos_0361.png,1,361,train,positive
/root/autodl-tmp/qkzhang/cqt_v2/dataset_images_PM_noisy_cqt/lensed/pos_0363.png,1,363,train,positive
/root/autodl-tmp/qkzhang/cqt_v2/dataset_images_PM_noisy_cqt/lensed/pos_0364.png,1,364,train,positive
/root/autodl-tmp/qkzhang/cqt_v2/dataset_images_PM_noisy_cqt/lensed/pos_0365.png,1,365,train,positive
/root/autodl-tmp/qkzhang/cqt_v2/dataset_images_PM_noisy_cqt/lensed/pos_0366.png,1,366,train,positive
/root/autodl-tmp/qkzhang/cqt_v2/dataset_images_PM_noisy_cqt/lensed/pos_0367.png,1,367,train,positive
/root/autodl-tmp/qkzhang/cqt_v2/dataset_images_PM_noisy_cqt/lensed/pos_0368.png,1,368,train,positive
/root/autodl-tmp/qkzhang/cqt_v2/dataset_images_PM_noisy_cqt/lensed/pos_0369.png,1,369,train,positive
/root/autodl-tmp/qkzhang/cqt_v2/dataset_images_PM_noisy_cqt/lensed/pos_0370.png,1,370,train,positive
/root/autodl-tmp/qkzhang/cqt_v2/dataset_images_PM_noisy_cqt/lensed/pos_0372.png,1,372,train,positive
/root/autodl-tmp/qkzhang/cqt_v2/dataset_images_PM_noisy_cqt/lensed/pos_0373.png,1,373,train,positive
/root/autodl-tmp/qkzhang/cqt_v2/dataset_images_PM_noisy_cqt/lensed/pos_0374.png,1,374,train,positive
/root/autodl-tmp/qkzhang/cqt_v2/dataset_images_PM_noisy_cqt/lensed/pos_0375.png,1,375,train,positive
/root/autodl-tmp/qkzhang/cqt_v2/dataset_images_PM_noisy_cqt/lensed/pos_0377.png,1,377,train,positive
/root/autodl-tmp/qkzhang/cqt_v2/dataset_images_PM_noisy_cqt/lensed/pos_0378.png,1,378,train,positive
/root/autodl-tmp/qkzhang/cqt_v2/dataset_images_PM_noisy_cqt/lensed/pos_0379.png,1,379,train,positive
/root/autodl-tmp/qkzhang/cqt_v2/dataset_images_PM_noisy_cqt/lensed/pos_0380.png,1,380,train,positive
/root/autodl-tmp/qkzhang/cqt_v2/dataset_images_PM_noisy_cqt/lensed/pos_0382.png,1,382,train,positive
/root/autodl-tmp/qkzhang/cqt_v2/dataset_images_PM_noisy_cqt/lensed/pos_0383.png,1,383,train,positive
/root/autodl-tmp/qkzhang/cqt_v2/dataset_images_PM_noisy_cqt/lensed/pos_0384.png,1,384,train,positive
/root/autodl-tmp/qkzhang/cqt_v2/dataset_images_PM_noisy_cqt/lensed/pos_0385.png,1,385,train,positive
/root/autodl-tmp/qkzhang/cqt_v2/dataset_images_PM_noisy_cqt/lensed/pos_0386.png,1,386,train,positive
/root/autodl-tmp/qkzhang/cqt_v2/dataset_images_PM_noisy_cqt/lensed/pos_0387.png,1,387,train,positive
/root/autodl-tmp/qkzhang/cqt_v2/dataset_images_PM_noisy_cqt/lensed/pos_0388.png,1,388,train,positive
/root/autodl-tmp/qkzhang/cqt_v2/dataset_images_PM_noisy_cqt/lensed/pos_0390.png,1,390,train,positive
/root/autodl-tmp/qkzhang/cqt_v2/dataset_images_PM_noisy_cqt/lensed/pos_0391.png,1,391,train,positive
/root/autodl-tmp/qkzhang/cqt_v2/dataset_images_PM_noisy_cqt/lensed/pos_0392.png,1,392,train,positive
/root/autodl-tmp/qkzhang/cqt_v2/dataset_images_PM_noisy_cqt/lensed/pos_0393.png,1,393,train,positive
/root/autodl-tmp/qkzhang/cqt_v2/dataset_images_PM_noisy_cqt/lensed/pos_0394.png,1,394,train,positive
/root/autodl-tmp/qkzhang/cqt_v2/dataset_images_PM_noisy_cqt/lensed/pos_0395.png,1,395,train,positive
/root/autodl-tmp/qkzhang/cqt_v2/dataset_images_PM_noisy_cqt/lensed/pos_0396.png,1,396,train,positive
/root/autodl-tmp/qkzhang/cqt_v2/dataset_images_PM_noisy_cqt/lensed/pos_0397.png,1,397,train,positive
/root/autodl-tmp/qkzhang/cqt_v2/dataset_images_PM_noisy_cqt/lensed/pos_0399.png,1,399,train,positive
/root/autodl-tmp/qkzhang/cqt_v2/dataset_images_PM_noisy_cqt/lensed/pos_0400.png,1,400,train,positive
/root/autodl-tmp/qkzhang/cqt_v2/dataset_images_PM_noisy_cqt/lensed/pos_0401.png,1,401,train,positive
/root/autodl-tmp/qkzhang/cqt_v2/dataset_images_PM_noisy_cqt/lensed/pos_0402.png,1,402,train,positive
/root/autodl-tmp/qkzhang/cqt_v2/dataset_images_PM_noisy_cqt/lensed/pos_0404.png,1,404,train,positive
/root/autodl-tmp/qkzhang/cqt_v2/dataset_images_PM_noisy_cqt/lensed/pos_0406.png,1,406,train,positive
/root/autodl-tmp/qkzhang/cqt_v2/dataset_images_PM_noisy_cqt/lensed/pos_0407.png,1,407,train,positive
/root/autodl-tmp/qkzhang/cqt_v2/dataset_images_PM_noisy_cqt/lensed/pos_0408.png,1,408,train,positive
/root/autodl-tmp/qkzhang/cqt_v2/dataset_images_PM_noisy_cqt/lensed/pos_0410.png,1,410,train,positive
/root/autodl-tmp/qkzhang/cqt_v2/dataset_images_PM_noisy_cqt/lensed/pos_0411.png,1,411,train,positive
/root/autodl-tmp/qkzhang/cqt_v2/dataset_images_PM_noisy_cqt/lensed/pos_0412.png,1,412,train,positive
/root/autodl-tmp/qkzhang/cqt_v2/dataset_images_PM_noisy_cqt/lensed/pos_0413.png,1,413,train,positive
/root/autodl-tmp/qkzhang/cqt_v2/dataset_images_PM_noisy_cqt/lensed/pos_0414.png,1,414,train,positive
/root/autodl-tmp/qkzhang/cqt_v2/dataset_images_PM_noisy_cqt/lensed/pos_0415.png,1,415,train,positive
/root/autodl-tmp/qkzhang/cqt_v2/dataset_images_PM_noisy_cqt/lensed/pos_0416.png,1,416,train,positive
/root/autodl-tmp/qkzhang/cqt_v2/dataset_images_PM_noisy_cqt/lensed/pos_0417.png,1,417,train,positive
/root/autodl-tmp/qkzhang/cqt_v2/dataset_images_PM_noisy_cqt/lensed/pos_0418.png,1,418,train,positive
/root/autodl-tmp/qkzhang/cqt_v2/dataset_images_PM_noisy_cqt/lensed/pos_0419.png,1,419,train,positive
/root/autodl-tmp/qkzhang/cqt_v2/dataset_images_PM_noisy_cqt/lensed/pos_0420.png,1,420,train,positive
/root/autodl-tmp/qkzhang/cqt_v2/dataset_images_PM_noisy_cqt/lensed/pos_0421.png,1,421,train,positive
/root/autodl-tmp/qkzhang/cqt_v2/dataset_images_PM_noisy_cqt/lensed/pos_0422.png,1,422,train,positive
/root/autodl-tmp/qkzhang/cqt_v2/dataset_images_PM_noisy_cqt/lensed/pos_0423.png,1,423,train,positive
/root/autodl-tmp/qkzhang/cqt_v2/dataset_images_PM_noisy_cqt/lensed/pos_0425.png,1,425,train,positive
/root/autodl-tmp/qkzhang/cqt_v2/dataset_images_PM_noisy_cqt/lensed/pos_0426.png,1,426,train,positive
/root/autodl-tmp/qkzhang/cqt_v2/dataset_images_PM_noisy_cqt/lensed/pos_0427.png,1,427,train,positive
/root/autodl-tmp/qkzhang/cqt_v2/dataset_images_PM_noisy_cqt/lensed/pos_0428.png,1,428,train,positive
/root/autodl-tmp/qkzhang/cqt_v2/dataset_images_PM_noisy_cqt/lensed/pos_0429.png,1,429,train,positive
/root/autodl-tmp/qkzhang/cqt_v2/dataset_images_PM_noisy_cqt/lensed/pos_0430.png,1,430,train,positive
/root/autodl-tmp/qkzhang/cqt_v2/dataset_images_PM_noisy_cqt/lensed/pos_0432.png,1,432,train,positive
/root/autodl-tmp/qkzhang/cqt_v2/dataset_images_PM_noisy_cqt/lensed/pos_0433.png,1,433,train,positive
/root/autodl-tmp/qkzhang/cqt_v2/dataset_images_PM_noisy_cqt/lensed/pos_0434.png,1,434,train,positive
/root/autodl-tmp/qkzhang/cqt_v2/dataset_images_PM_noisy_cqt/lensed/pos_0435.png,1,435,train,positive
/root/autodl-tmp/qkzhang/cqt_v2/dataset_images_PM_noisy_cqt/lensed/pos_0436.png,1,436,train,positive
/root/autodl-tmp/qkzhang/cqt_v2/dataset_images_PM_noisy_cqt/lensed/pos_0438.png,1,438,train,positive
/root/autodl-tmp/qkzhang/cqt_v2/dataset_images_PM_noisy_cqt/lensed/pos_0439.png,1,439,train,positive
/root/autodl-tmp/qkzhang/cqt_v2/dataset_images_PM_noisy_cqt/lensed/pos_0440.png,1,440,train,positive
/root/autodl-tmp/qkzhang/cqt_v2/dataset_images_PM_noisy_cqt/lensed/pos_0441.png,1,441,train,positive
/root/autodl-tmp/qkzhang/cqt_v2/dataset_images_PM_noisy_cqt/lensed/pos_0442.png,1,442,train,positive
/root/autodl-tmp/qkzhang/cqt_v2/dataset_images_PM_noisy_cqt/lensed/pos_0443.png,1,443,train,positive
/root/autodl-tmp/qkzhang/cqt_v2/dataset_images_PM_noisy_cqt/lensed/pos_0444.png,1,444,train,positive
/root/autodl-tmp/qkzhang/cqt_v2/dataset_images_PM_noisy_cqt/lensed/pos_0445.png,1,445,train,positive
/root/autodl-tmp/qkzhang/cqt_v2/dataset_images_PM_noisy_cqt/lensed/pos_0446.png,1,446,train,positive
/root/autodl-tmp/qkzhang/cqt_v2/dataset_images_PM_noisy_cqt/lensed/pos_0447.png,1,447,train,positive
/root/autodl-tmp/qkzhang/cqt_v2/dataset_images_PM_noisy_cqt/lensed/pos_0448.png,1,448,train,positive
/root/autodl-tmp/qkzhang/cqt_v2/dataset_images_PM_noisy_cqt/lensed/pos_0449.png,1,449,train,positive
/root/autodl-tmp/qkzhang/cqt_v2/dataset_images_PM_noisy_cqt/lensed/pos_0450.png,1,450,train,positive
/root/autodl-tmp/qkzhang/cqt_v2/dataset_images_PM_noisy_cqt/lensed/pos_0451.png,1,451,train,positive
/root/autodl-tmp/qkzhang/cqt_v2/dataset_images_PM_noisy_cqt/lensed/pos_0453.png,1,453,train,positive
/root/autodl-tmp/qkzhang/cqt_v2/dataset_images_PM_noisy_cqt/lensed/pos_0455.png,1,455,train,positive
/root/autodl-tmp/qkzhang/cqt_v2/dataset_images_PM_noisy_cqt/lensed/pos_0456.png,1,456,train,positive
/root/autodl-tmp/qkzhang/cqt_v2/dataset_images_PM_noisy_cqt/lensed/pos_0459.png,1,459,train,positive
/root/autodl-tmp/qkzhang/cqt_v2/dataset_images_PM_noisy_cqt/lensed/pos_0460.png,1,460,train,positive
/root/autodl-tmp/qkzhang/cqt_v2/dataset_images_PM_noisy_cqt/lensed/pos_0462.png,1,462,train,positive
/root/autodl-tmp/qkzhang/cqt_v2/dataset_images_PM_noisy_cqt/lensed/pos_0463.png,1,463,train,positive
/root/autodl-tmp/qkzhang/cqt_v2/dataset_images_PM_noisy_cqt/lensed/pos_0465.png,1,465,train,positive
/root/autodl-tmp/qkzhang/cqt_v2/dataset_images_PM_noisy_cqt/lensed/pos_0466.png,1,466,train,positive
/root/autodl-tmp/qkzhang/cqt_v2/dataset_images_PM_noisy_cqt/lensed/pos_0467.png,1,467,train,positive
/root/autodl-tmp/qkzhang/cqt_v2/dataset_images_PM_noisy_cqt/lensed/pos_0468.png,1,468,train,positive
/root/autodl-tmp/qkzhang/cqt_v2/dataset_images_PM_noisy_cqt/lensed/pos_0469.png,1,469,train,positive
/root/autodl-tmp/qkzhang/cqt_v2/dataset_images_PM_noisy_cqt/lensed/pos_0470.png,1,470,train,positive
/root/autodl-tmp/qkzhang/cqt_v2/dataset_images_PM_noisy_cqt/lensed/pos_0471.png,1,471,train,positive
/root/autodl-tmp/qkzhang/cqt_v2/dataset_images_PM_noisy_cqt/lensed/pos_0472.png,1,472,train,positive
/root/autodl-tmp/qkzhang/cqt_v2/dataset_images_PM_noisy_cqt/lensed/pos_0473.png,1,473,train,positive
/root/autodl-tmp/qkzhang/cqt_v2/dataset_images_PM_noisy_cqt/lensed/pos_0476.png,1,476,train,positive
/root/autodl-tmp/qkzhang/cqt_v2/dataset_images_PM_noisy_cqt/lensed/pos_0477.png,1,477,train,positive
/root/autodl-tmp/qkzhang/cqt_v2/dataset_images_PM_noisy_cqt/lensed/pos_0478.png,1,478,train,positive
/root/autodl-tmp/qkzhang/cqt_v2/dataset_images_PM_noisy_cqt/lensed/pos_0479.png,1,479,train,positive
/root/autodl-tmp/qkzhang/cqt_v2/dataset_images_PM_noisy_cqt/lensed/pos_0480.png,1,480,train,positive
/root/autodl-tmp/qkzhang/cqt_v2/dataset_images_PM_noisy_cqt/lensed/pos_0481.png,1,481,train,positive
/root/autodl-tmp/qkzhang/cqt_v2/dataset_images_PM_noisy_cqt/lensed/pos_0483.png,1,483,train,positive
/root/autodl-tmp/qkzhang/cqt_v2/dataset_images_PM_noisy_cqt/lensed/pos_0484.png,1,484,train,positive
/root/autodl-tmp/qkzhang/cqt_v2/dataset_images_PM_noisy_cqt/lensed/pos_0485.png,1,485,train,positive
/root/autodl-tmp/qkzhang/cqt_v2/dataset_images_PM_noisy_cqt/lensed/pos_0487.png,1,487,train,positive
/root/autodl-tmp/qkzhang/cqt_v2/dataset_images_PM_noisy_cqt/lensed/pos_0489.png,1,489,train,positive
/root/autodl-tmp/qkzhang/cqt_v2/dataset_images_PM_noisy_cqt/lensed/pos_0490.png,1,490,train,positive
/root/autodl-tmp/qkzhang/cqt_v2/dataset_images_PM_noisy_cqt/lensed/pos_0491.png,1,491,train,positive
/root/autodl-tmp/qkzhang/cqt_v2/dataset_images_PM_noisy_cqt/lensed/pos_0492.png,1,492,train,positive
/root/autodl-tmp/qkzhang/cqt_v2/dataset_images_PM_noisy_cqt/lensed/pos_0494.png,1,494,train,positive
/root/autodl-tmp/qkzhang/cqt_v2/dataset_images_PM_noisy_cqt/lensed/pos_0495.png,1,495,train,positive
/root/autodl-tmp/qkzhang/cqt_v2/dataset_images_PM_noisy_cqt/lensed/pos_0496.png,1,496,train,positive
/root/autodl-tmp/qkzhang/cqt_v2/dataset_images_PM_noisy_cqt/lensed/pos_0497.png,1,497,train,positive
/root/autodl-tmp/qkzhang/cqt_v2/dataset_images_PM_noisy_cqt/lensed/pos_0498.png,1,498,train,positive
/root/autodl-tmp/qkzhang/cqt_v2/dataset_images_PM_noisy_cqt/lensed/pos_0499.png,1,499,train,positive
/root/autodl-tmp/qkzhang/cqt_v2/dataset_images_PM_noisy_cqt/lensed/pos_0500.png,1,500,train,positive
/root/autodl-tmp/qkzhang/cqt_v2/dataset_images_PM_noisy_cqt/lensed/pos_0501.png,1,501,train,positive
/root/autodl-tmp/qkzhang/cqt_v2/dataset_images_PM_noisy_cqt/lensed/pos_0502.png,1,502,train,positive
/root/autodl-tmp/qkzhang/cqt_v2/dataset_images_PM_noisy_cqt/lensed/pos_0503.png,1,503,train,positive
/root/autodl-tmp/qkzhang/cqt_v2/dataset_images_PM_noisy_cqt/lensed/pos_0504.png,1,504,train,positive
/root/autodl-tmp/qkzhang/cqt_v2/dataset_images_PM_noisy_cqt/lensed/pos_0505.png,1,505,train,positive
/root/autodl-tmp/qkzhang/cqt_v2/dataset_images_PM_noisy_cqt/lensed/pos_0506.png,1,506,train,positive
/root/autodl-tmp/qkzhang/cqt_v2/dataset_images_PM_noisy_cqt/lensed/pos_0507.png,1,507,train,positive
/root/autodl-tmp/qkzhang/cqt_v2/dataset_images_PM_noisy_cqt/lensed/pos_0508.png,1,508,train,positive
/root/autodl-tmp/qkzhang/cqt_v2/dataset_images_PM_noisy_cqt/lensed/pos_0509.png,1,509,train,positive
/root/autodl-tmp/qkzhang/cqt_v2/dataset_images_PM_noisy_cqt/lensed/pos_0510.png,1,510,train,positive
/root/autodl-tmp/qkzhang/cqt_v2/dataset_images_PM_noisy_cqt/lensed/pos_0511.png,1,511,train,positive
/root/autodl-tmp/qkzhang/cqt_v2/dataset_images_PM_noisy_cqt/lensed/pos_0513.png,1,513,train,positive
/root/autodl-tmp/qkzhang/cqt_v2/dataset_images_PM_noisy_cqt/lensed/pos_0514.png,1,514,train,positive
/root/autodl-tmp/qkzhang/cqt_v2/dataset_images_PM_noisy_cqt/lensed/pos_0515.png,1,515,train,positive
/root/autodl-tmp/qkzhang/cqt_v2/dataset_images_PM_noisy_cqt/lensed/pos_0516.png,1,516,train,positive
/root/autodl-tmp/qkzhang/cqt_v2/dataset_images_PM_noisy_cqt/lensed/pos_0517.png,1,517,train,positive
/root/autodl-tmp/qkzhang/cqt_v2/dataset_images_PM_noisy_cqt/lensed/pos_0518.png,1,518,train,positive
/root/autodl-tmp/qkzhang/cqt_v2/dataset_images_PM_noisy_cqt/lensed/pos_0520.png,1,520,train,positive
/root/autodl-tmp/qkzhang/cqt_v2/dataset_images_PM_noisy_cqt/lensed/pos_0521.png,1,521,train,positive
/root/autodl-tmp/qkzhang/cqt_v2/dataset_images_PM_noisy_cqt/lensed/pos_0522.png,1,522,train,positive
/root/autodl-tmp/qkzhang/cqt_v2/dataset_images_PM_noisy_cqt/lensed/pos_0523.png,1,523,train,positive
/root/autodl-tmp/qkzhang/cqt_v2/dataset_images_PM_noisy_cqt/lensed/pos_0524.png,1,524,train,positive
/root/autodl-tmp/qkzhang/cqt_v2/dataset_images_PM_noisy_cqt/lensed/pos_0525.png,1,525,train,positive
/root/autodl-tmp/qkzhang/cqt_v2/dataset_images_PM_noisy_cqt/lensed/pos_0526.png,1,526,train,positive
/root/autodl-tmp/qkzhang/cqt_v2/dataset_images_PM_noisy_cqt/lensed/pos_0527.png,1,527,train,positive
/root/autodl-tmp/qkzhang/cqt_v2/dataset_images_PM_noisy_cqt/lensed/pos_0528.png,1,528,train,positive
/root/autodl-tmp/qkzhang/cqt_v2/dataset_images_PM_noisy_cqt/lensed/pos_0529.png,1,529,train,positive
/root/autodl-tmp/qkzhang/cqt_v2/dataset_images_PM_noisy_cqt/lensed/pos_0530.png,1,530,train,positive
/root/autodl-tmp/qkzhang/cqt_v2/dataset_images_PM_noisy_cqt/lensed/pos_0532.png,1,532,train,positive
/root/autodl-tmp/qkzhang/cqt_v2/dataset_images_PM_noisy_cqt/lensed/pos_0533.png,1,533,train,positive
/root/autodl-tmp/qkzhang/cqt_v2/dataset_images_PM_noisy_cqt/lensed/pos_0534.png,1,534,train,positive
/root/autodl-tmp/qkzhang/cqt_v2/dataset_images_PM_noisy_cqt/lensed/pos_0535.png,1,535,train,positive
/root/autodl-tmp/qkzhang/cqt_v2/dataset_images_PM_noisy_cqt/lensed/pos_0536.png,1,536,train,positive
/root/autodl-tmp/qkzhang/cqt_v2/dataset_images_PM_noisy_cqt/lensed/pos_0537.png,1,537,train,positive
/root/autodl-tmp/qkzhang/cqt_v2/dataset_images_PM_noisy_cqt/lensed/pos_0539.png,1,539,train,positive
/root/autodl-tmp/qkzhang/cqt_v2/dataset_images_PM_noisy_cqt/lensed/pos_0540.png,1,540,train,positive
/root/autodl-tmp/qkzhang/cqt_v2/dataset_images_PM_noisy_cqt/lensed/pos_0541.png,1,541,train,positive
/root/autodl-tmp/qkzhang/cqt_v2/dataset_images_PM_noisy_cqt/lensed/pos_0544.png,1,544,train,positive
/root/autodl-tmp/qkzhang/cqt_v2/dataset_images_PM_noisy_cqt/lensed/pos_0545.png,1,545,train,positive
/root/autodl-tmp/qkzhang/cqt_v2/dataset_images_PM_noisy_cqt/lensed/pos_0546.png,1,546,train,positive
/root/autodl-tmp/qkzhang/cqt_v2/dataset_images_PM_noisy_cqt/lensed/pos_0547.png,1,547,train,positive
/root/autodl-tmp/qkzhang/cqt_v2/dataset_images_PM_noisy_cqt/lensed/pos_0548.png,1,548,train,positive
/root/autodl-tmp/qkzhang/cqt_v2/dataset_images_PM_noisy_cqt/lensed/pos_0549.png,1,549,train,positive
/root/autodl-tmp/qkzhang/cqt_v2/dataset_images_PM_noisy_cqt/lensed/pos_0550.png,1,550,train,positive
/root/autodl-tmp/qkzhang/cqt_v2/dataset_images_PM_noisy_cqt/lensed/pos_0551.png,1,551,train,positive
/root/autodl-tmp/qkzhang/cqt_v2/dataset_images_PM_noisy_cqt/lensed/pos_0552.png,1,552,train,positive
/root/autodl-tmp/qkzhang/cqt_v2/dataset_images_PM_noisy_cqt/lensed/pos_0553.png,1,553,train,positive
/root/autodl-tmp/qkzhang/cqt_v2/dataset_images_PM_noisy_cqt/lensed/pos_0556.png,1,556,train,positive
/root/autodl-tmp/qkzhang/cqt_v2/dataset_images_PM_noisy_cqt/lensed/pos_0557.png,1,557,train,positive
/root/autodl-tmp/qkzhang/cqt_v2/dataset_images_PM_noisy_cqt/lensed/pos_0558.png,1,558,train,positive
/root/autodl-tmp/qkzhang/cqt_v2/dataset_images_PM_noisy_cqt/lensed/pos_0559.png,1,559,train,positive
/root/autodl-tmp/qkzhang/cqt_v2/dataset_images_PM_noisy_cqt/lensed/pos_0560.png,1,560,train,positive
/root/autodl-tmp/qkzhang/cqt_v2/dataset_images_PM_noisy_cqt/lensed/pos_0561.png,1,561,train,positive
/root/autodl-tmp/qkzhang/cqt_v2/dataset_images_PM_noisy_cqt/lensed/pos_0562.png,1,562,train,positive
/root/autodl-tmp/qkzhang/cqt_v2/dataset_images_PM_noisy_cqt/lensed/pos_0563.png,1,563,train,positive
/root/autodl-tmp/qkzhang/cqt_v2/dataset_images_PM_noisy_cqt/lensed/pos_0564.png,1,564,train,positive
/root/autodl-tmp/qkzhang/cqt_v2/dataset_images_PM_noisy_cqt/lensed/pos_0565.png,1,565,train,positive
/root/autodl-tmp/qkzhang/cqt_v2/dataset_images_PM_noisy_cqt/lensed/pos_0567.png,1,567,train,positive
/root/autodl-tmp/qkzhang/cqt_v2/dataset_images_PM_noisy_cqt/lensed/pos_0568.png,1,568,train,positive
/root/autodl-tmp/qkzhang/cqt_v2/dataset_images_PM_noisy_cqt/lensed/pos_0569.png,1,569,train,positive
/root/autodl-tmp/qkzhang/cqt_v2/dataset_images_PM_noisy_cqt/lensed/pos_0570.png,1,570,train,positive
/root/autodl-tmp/qkzhang/cqt_v2/dataset_images_PM_noisy_cqt/lensed/pos_0572.png,1,572,train,positive
/root/autodl-tmp/qkzhang/cqt_v2/dataset_images_PM_noisy_cqt/lensed/pos_0573.png,1,573,train,positive
/root/autodl-tmp/qkzhang/cqt_v2/dataset_images_PM_noisy_cqt/lensed/pos_0574.png,1,574,train,positive
/root/autodl-tmp/qkzhang/cqt_v2/dataset_images_PM_noisy_cqt/lensed/pos_0575.png,1,575,train,positive
/root/autodl-tmp/qkzhang/cqt_v2/dataset_images_PM_noisy_cqt/lensed/pos_0576.png,1,576,train,positive
/root/autodl-tmp/qkzhang/cqt_v2/dataset_images_PM_noisy_cqt/lensed/pos_0577.png,1,577,train,positive
/root/autodl-tmp/qkzhang/cqt_v2/dataset_images_PM_noisy_cqt/lensed/pos_0578.png,1,578,train,positive
/root/autodl-tmp/qkzhang/cqt_v2/dataset_images_PM_noisy_cqt/lensed/pos_0579.png,1,579,train,positive
/root/autodl-tmp/qkzhang/cqt_v2/dataset_images_PM_noisy_cqt/lensed/pos_0580.png,1,580,train,positive
/root/autodl-tmp/qkzhang/cqt_v2/dataset_images_PM_noisy_cqt/lensed/pos_0582.png,1,582,train,positive
/root/autodl-tmp/qkzhang/cqt_v2/dataset_images_PM_noisy_cqt/lensed/pos_0583.png,1,583,train,positive
/root/autodl-tmp/qkzhang/cqt_v2/dataset_images_PM_noisy_cqt/lensed/pos_0585.png,1,585,train,positive
/root/autodl-tmp/qkzhang/cqt_v2/dataset_images_PM_noisy_cqt/lensed/pos_0586.png,1,586,train,positive
/root/autodl-tmp/qkzhang/cqt_v2/dataset_images_PM_noisy_cqt/lensed/pos_0589.png,1,589,train,positive
/root/autodl-tmp/qkzhang/cqt_v2/dataset_images_PM_noisy_cqt/lensed/pos_0590.png,1,590,train,positive
/root/autodl-tmp/qkzhang/cqt_v2/dataset_images_PM_noisy_cqt/lensed/pos_0591.png,1,591,train,positive
/root/autodl-tmp/qkzhang/cqt_v2/dataset_images_PM_noisy_cqt/lensed/pos_0592.png,1,592,train,positive
/root/autodl-tmp/qkzhang/cqt_v2/dataset_images_PM_noisy_cqt/lensed/pos_0594.png,1,594,train,positive
/root/autodl-tmp/qkzhang/cqt_v2/dataset_images_PM_noisy_cqt/lensed/pos_0595.png,1,595,train,positive
/root/autodl-tmp/qkzhang/cqt_v2/dataset_images_PM_noisy_cqt/lensed/pos_0596.png,1,596,train,positive
/root/autodl-tmp/qkzhang/cqt_v2/dataset_images_PM_noisy_cqt/lensed/pos_0597.png,1,597,train,positive
/root/autodl-tmp/qkzhang/cqt_v2/dataset_images_PM_noisy_cqt/lensed/pos_0598.png,1,598,train,positive
/root/autodl-tmp/qkzhang/cqt_v2/dataset_images_PM_noisy_cqt/lensed/pos_0599.png,1,599,train,positive
/root/autodl-tmp/qkzhang/cqt_v2/dataset_images_PM_noisy_cqt/lensed/pos_0601.png,1,601,train,positive
/root/autodl-tmp/qkzhang/cqt_v2/dataset_images_PM_noisy_cqt/lensed/pos_0602.png,1,602,train,positive
/root/autodl-tmp/qkzhang/cqt_v2/dataset_images_PM_noisy_cqt/lensed/pos_0603.png,1,603,train,positive
/root/autodl-tmp/qkzhang/cqt_v2/dataset_images_PM_noisy_cqt/lensed/pos_0604.png,1,604,train,positive
/root/autodl-tmp/qkzhang/cqt_v2/dataset_images_PM_noisy_cqt/lensed/pos_0605.png,1,605,train,positive
/root/autodl-tmp/qkzhang/cqt_v2/dataset_images_PM_noisy_cqt/lensed/pos_0606.png,1,606,train,positive
/root/autodl-tmp/qkzhang/cqt_v2/dataset_images_PM_noisy_cqt/lensed/pos_0607.png,1,607,train,positive
/root/autodl-tmp/qkzhang/cqt_v2/dataset_images_PM_noisy_cqt/lensed/pos_0608.png,1,608,train,positive
/root/autodl-tmp/qkzhang/cqt_v2/dataset_images_PM_noisy_cqt/lensed/pos_0609.png,1,609,train,positive
/root/autodl-tmp/qkzhang/cqt_v2/dataset_images_PM_noisy_cqt/lensed/pos_0610.png,1,610,train,positive
/root/autodl-tmp/qkzhang/cqt_v2/dataset_images_PM_noisy_cqt/lensed/pos_0611.png,1,611,train,positive
/root/autodl-tmp/qkzhang/cqt_v2/dataset_images_PM_noisy_cqt/lensed/pos_0612.png,1,612,train,positive
/root/autodl-tmp/qkzhang/cqt_v2/dataset_images_PM_noisy_cqt/lensed/pos_0614.png,1,614,train,positive
/root/autodl-tmp/qkzhang/cqt_v2/dataset_images_PM_noisy_cqt/lensed/pos_0616.png,1,616,train,positive
/root/autodl-tmp/qkzhang/cqt_v2/dataset_images_PM_noisy_cqt/lensed/pos_0617.png,1,617,train,positive
/root/autodl-tmp/qkzhang/cqt_v2/dataset_images_PM_noisy_cqt/lensed/pos_0618.png,1,618,train,positive
/root/autodl-tmp/qkzhang/cqt_v2/dataset_images_PM_noisy_cqt/lensed/pos_0619.png,1,619,train,positive
/root/autodl-tmp/qkzhang/cqt_v2/dataset_images_PM_noisy_cqt/lensed/pos_0620.png,1,620,train,positive
/root/autodl-tmp/qkzhang/cqt_v2/dataset_images_PM_noisy_cqt/lensed/pos_0621.png,1,621,train,positive
/root/autodl-tmp/qkzhang/cqt_v2/dataset_images_PM_noisy_cqt/lensed/pos_0622.png,1,622,train,positive
/root/autodl-tmp/qkzhang/cqt_v2/dataset_images_PM_noisy_cqt/lensed/pos_0624.png,1,624,train,positive
/root/autodl-tmp/qkzhang/cqt_v2/dataset_images_PM_noisy_cqt/lensed/pos_0625.png,1,625,train,positive
/root/autodl-tmp/qkzhang/cqt_v2/dataset_images_PM_noisy_cqt/lensed/pos_0626.png,1,626,train,positive
/root/autodl-tmp/qkzhang/cqt_v2/dataset_images_PM_noisy_cqt/lensed/pos_0628.png,1,628,train,positive
/root/autodl-tmp/qkzhang/cqt_v2/dataset_images_PM_noisy_cqt/lensed/pos_0629.png,1,629,train,positive
/root/autodl-tmp/qkzhang/cqt_v2/dataset_images_PM_noisy_cqt/lensed/pos_0630.png,1,630,train,positive
/root/autodl-tmp/qkzhang/cqt_v2/dataset_images_PM_noisy_cqt/lensed/pos_0631.png,1,631,train,positive
/root/autodl-tmp/qkzhang/cqt_v2/dataset_images_PM_noisy_cqt/lensed/pos_0633.png,1,633,train,positive
/root/autodl-tmp/qkzhang/cqt_v2/dataset_images_PM_noisy_cqt/lensed/pos_0634.png,1,634,train,positive
/root/autodl-tmp/qkzhang/cqt_v2/dataset_images_PM_noisy_cqt/lensed/pos_0635.png,1,635,train,positive
/root/autodl-tmp/qkzhang/cqt_v2/dataset_images_PM_noisy_cqt/lensed/pos_0636.png,1,636,train,positive
/root/autodl-tmp/qkzhang/cqt_v2/dataset_images_PM_noisy_cqt/lensed/pos_0637.png,1,637,train,positive
/root/autodl-tmp/qkzhang/cqt_v2/dataset_images_PM_noisy_cqt/lensed/pos_0638.png,1,638,train,positive
/root/autodl-tmp/qkzhang/cqt_v2/dataset_images_PM_noisy_cqt/lensed/pos_0639.png,1,639,train,positive
/root/autodl-tmp/qkzhang/cqt_v2/dataset_images_PM_noisy_cqt/lensed/pos_0640.png,1,640,train,positive
/root/autodl-tmp/qkzhang/cqt_v2/dataset_images_PM_noisy_cqt/lensed/pos_0641.png,1,641,train,positive
/root/autodl-tmp/qkzhang/cqt_v2/dataset_images_PM_noisy_cqt/lensed/pos_0642.png,1,642,train,positive
/root/autodl-tmp/qkzhang/cqt_v2/dataset_images_PM_noisy_cqt/lensed/pos_0643.png,1,643,train,positive
/root/autodl-tmp/qkzhang/cqt_v2/dataset_images_PM_noisy_cqt/lensed/pos_0644.png,1,644,train,positive
/root/autodl-tmp/qkzhang/cqt_v2/dataset_images_PM_noisy_cqt/lensed/pos_0645.png,1,645,train,positive
/root/autodl-tmp/qkzhang/cqt_v2/dataset_images_PM_noisy_cqt/lensed/pos_0646.png,1,646,train,positive
/root/autodl-tmp/qkzhang/cqt_v2/dataset_images_PM_noisy_cqt/lensed/pos_0647.png,1,647,train,positive
/root/autodl-tmp/qkzhang/cqt_v2/dataset_images_PM_noisy_cqt/lensed/pos_0648.png,1,648,train,positive
/root/autodl-tmp/qkzhang/cqt_v2/dataset_images_PM_noisy_cqt/lensed/pos_0649.png,1,649,train,positive
/root/autodl-tmp/qkzhang/cqt_v2/dataset_images_PM_noisy_cqt/lensed/pos_0650.png,1,650,train,positive
/root/autodl-tmp/qkzhang/cqt_v2/dataset_images_PM_noisy_cqt/lensed/pos_0651.png,1,651,train,positive
/root/autodl-tmp/qkzhang/cqt_v2/dataset_images_PM_noisy_cqt/lensed/pos_0652.png,1,652,train,positive
/root/autodl-tmp/qkzhang/cqt_v2/dataset_images_PM_noisy_cqt/lensed/pos_0653.png,1,653,train,positive
/root/autodl-tmp/qkzhang/cqt_v2/dataset_images_PM_noisy_cqt/lensed/pos_0654.png,1,654,train,positive
/root/autodl-tmp/qkzhang/cqt_v2/dataset_images_PM_noisy_cqt/lensed/pos_0655.png,1,655,train,positive
/root/autodl-tmp/qkzhang/cqt_v2/dataset_images_PM_noisy_cqt/lensed/pos_0656.png,1,656,train,positive
/root/autodl-tmp/qkzhang/cqt_v2/dataset_images_PM_noisy_cqt/lensed/pos_0658.png,1,658,train,positive
/root/autodl-tmp/qkzhang/cqt_v2/dataset_images_PM_noisy_cqt/lensed/pos_0659.png,1,659,train,positive
/root/autodl-tmp/qkzhang/cqt_v2/dataset_images_PM_noisy_cqt/lensed/pos_0660.png,1,660,train,positive
/root/autodl-tmp/qkzhang/cqt_v2/dataset_images_PM_noisy_cqt/lensed/pos_0661.png,1,661,train,positive
/root/autodl-tmp/qkzhang/cqt_v2/dataset_images_PM_noisy_cqt/lensed/pos_0662.png,1,662,train,positive
/root/autodl-tmp/qkzhang/cqt_v2/dataset_images_PM_noisy_cqt/lensed/pos_0663.png,1,663,train,positive
/root/autodl-tmp/qkzhang/cqt_v2/dataset_images_PM_noisy_cqt/lensed/pos_0664.png,1,664,train,positive
/root/autodl-tmp/qkzhang/cqt_v2/dataset_images_PM_noisy_cqt/lensed/pos_0665.png,1,665,train,positive
/root/autodl-tmp/qkzhang/cqt_v2/dataset_images_PM_noisy_cqt/lensed/pos_0667.png,1,667,train,positive
/root/autodl-tmp/qkzhang/cqt_v2/dataset_images_PM_noisy_cqt/lensed/pos_0668.png,1,668,train,positive
/root/autodl-tmp/qkzhang/cqt_v2/dataset_images_PM_noisy_cqt/lensed/pos_0669.png,1,669,train,positive
/root/autodl-tmp/qkzhang/cqt_v2/dataset_images_PM_noisy_cqt/lensed/pos_0670.png,1,670,train,positive
/root/autodl-tmp/qkzhang/cqt_v2/dataset_images_PM_noisy_cqt/lensed/pos_0672.png,1,672,train,positive
/root/autodl-tmp/qkzhang/cqt_v2/dataset_images_PM_noisy_cqt/lensed/pos_0673.png,1,673,train,positive
/root/autodl-tmp/qkzhang/cqt_v2/dataset_images_PM_noisy_cqt/lensed/pos_0674.png,1,674,train,positive
/root/autodl-tmp/qkzhang/cqt_v2/dataset_images_PM_noisy_cqt/lensed/pos_0675.png,1,675,train,positive
/root/autodl-tmp/qkzhang/cqt_v2/dataset_images_PM_noisy_cqt/lensed/pos_0676.png,1,676,train,positive
/root/autodl-tmp/qkzhang/cqt_v2/dataset_images_PM_noisy_cqt/lensed/pos_0677.png,1,677,train,positive
/root/autodl-tmp/qkzhang/cqt_v2/dataset_images_PM_noisy_cqt/lensed/pos_0678.png,1,678,train,positive
/root/autodl-tmp/qkzhang/cqt_v2/dataset_images_PM_noisy_cqt/lensed/pos_0679.png,1,679,train,positive
/root/autodl-tmp/qkzhang/cqt_v2/dataset_images_PM_noisy_cqt/lensed/pos_0680.png,1,680,train,positive
/root/autodl-tmp/qkzhang/cqt_v2/dataset_images_PM_noisy_cqt/lensed/pos_0681.png,1,681,train,positive
/root/autodl-tmp/qkzhang/cqt_v2/dataset_images_PM_noisy_cqt/lensed/pos_0682.png,1,682,train,positive
/root/autodl-tmp/qkzhang/cqt_v2/dataset_images_PM_noisy_cqt/lensed/pos_0683.png,1,683,train,positive
/root/autodl-tmp/qkzhang/cqt_v2/dataset_images_PM_noisy_cqt/lensed/pos_0684.png,1,684,train,positive
/root/autodl-tmp/qkzhang/cqt_v2/dataset_images_PM_noisy_cqt/lensed/pos_0685.png,1,685,train,positive
/root/autodl-tmp/qkzhang/cqt_v2/dataset_images_PM_noisy_cqt/lensed/pos_0687.png,1,687,train,positive
/root/autodl-tmp/qkzhang/cqt_v2/dataset_images_PM_noisy_cqt/lensed/pos_0688.png,1,688,train,positive
/root/autodl-tmp/qkzhang/cqt_v2/dataset_images_PM_noisy_cqt/lensed/pos_0689.png,1,689,train,positive
/root/autodl-tmp/qkzhang/cqt_v2/dataset_images_PM_noisy_cqt/lensed/pos_0690.png,1,690,train,positive
/root/autodl-tmp/qkzhang/cqt_v2/dataset_images_PM_noisy_cqt/lensed/pos_0691.png,1,691,train,positive
/root/autodl-tmp/qkzhang/cqt_v2/dataset_images_PM_noisy_cqt/lensed/pos_0692.png,1,692,train,positive
/root/autodl-tmp/qkzhang/cqt_v2/dataset_images_PM_noisy_cqt/lensed/pos_0694.png,1,694,train,positive
/root/autodl-tmp/qkzhang/cqt_v2/dataset_images_PM_noisy_cqt/lensed/pos_0695.png,1,695,train,positive
/root/autodl-tmp/qkzhang/cqt_v2/dataset_images_PM_noisy_cqt/lensed/pos_0696.png,1,696,train,positive
/root/autodl-tmp/qkzhang/cqt_v2/dataset_images_PM_noisy_cqt/lensed/pos_0697.png,1,697,train,positive
/root/autodl-tmp/qkzhang/cqt_v2/dataset_images_PM_noisy_cqt/lensed/pos_0698.png,1,698,train,positive
/root/autodl-tmp/qkzhang/cqt_v2/dataset_images_PM_noisy_cqt/lensed/pos_0700.png,1,700,train,positive
/root/autodl-tmp/qkzhang/cqt_v2/dataset_images_PM_noisy_cqt/lensed/pos_0701.png,1,701,train,positive
/root/autodl-tmp/qkzhang/cqt_v2/dataset_images_PM_noisy_cqt/lensed/pos_0703.png,1,703,train,positive
/root/autodl-tmp/qkzhang/cqt_v2/dataset_images_PM_noisy_cqt/lensed/pos_0704.png,1,704,train,positive
/root/autodl-tmp/qkzhang/cqt_v2/dataset_images_PM_noisy_cqt/lensed/pos_0705.png,1,705,train,positive
/root/autodl-tmp/qkzhang/cqt_v2/dataset_images_PM_noisy_cqt/lensed/pos_0706.png,1,706,train,positive
/root/autodl-tmp/qkzhang/cqt_v2/dataset_images_PM_noisy_cqt/lensed/pos_0707.png,1,707,train,positive
/root/autodl-tmp/qkzhang/cqt_v2/dataset_images_PM_noisy_cqt/lensed/pos_0708.png,1,708,train,positive
/root/autodl-tmp/qkzhang/cqt_v2/dataset_images_PM_noisy_cqt/lensed/pos_0709.png,1,709,train,positive
/root/autodl-tmp/qkzhang/cqt_v2/dataset_images_PM_noisy_cqt/lensed/pos_0710.png,1,710,train,positive
/root/autodl-tmp/qkzhang/cqt_v2/dataset_images_PM_noisy_cqt/lensed/pos_0711.png,1,711,train,positive
/root/autodl-tmp/qkzhang/cqt_v2/dataset_images_PM_noisy_cqt/lensed/pos_0712.png,1,712,train,positive
/root/autodl-tmp/qkzhang/cqt_v2/dataset_images_PM_noisy_cqt/lensed/pos_0713.png,1,713,train,positive
/root/autodl-tmp/qkzhang/cqt_v2/dataset_images_PM_noisy_cqt/lensed/pos_0716.png,1,716,train,positive
/root/autodl-tmp/qkzhang/cqt_v2/dataset_images_PM_noisy_cqt/lensed/pos_0717.png,1,717,train,positive
/root/autodl-tmp/qkzhang/cqt_v2/dataset_images_PM_noisy_cqt/lensed/pos_0718.png,1,718,train,positive
/root/autodl-tmp/qkzhang/cqt_v2/dataset_images_PM_noisy_cqt/lensed/pos_0719.png,1,719,train,positive
/root/autodl-tmp/qkzhang/cqt_v2/dataset_images_PM_noisy_cqt/lensed/pos_0720.png,1,720,train,positive
/root/autodl-tmp/qkzhang/cqt_v2/dataset_images_PM_noisy_cqt/lensed/pos_0721.png,1,721,train,positive
/root/autodl-tmp/qkzhang/cqt_v2/dataset_images_PM_noisy_cqt/lensed/pos_0722.png,1,722,train,positive
/root/autodl-tmp/qkzhang/cqt_v2/dataset_images_PM_noisy_cqt/lensed/pos_0723.png,1,723,train,positive
/root/autodl-tmp/qkzhang/cqt_v2/dataset_images_PM_noisy_cqt/lensed/pos_0724.png,1,724,train,positive
/root/autodl-tmp/qkzhang/cqt_v2/dataset_images_PM_noisy_cqt/lensed/pos_0725.png,1,725,train,positive
/root/autodl-tmp/qkzhang/cqt_v2/dataset_images_PM_noisy_cqt/lensed/pos_0726.png,1,726,train,positive
/root/autodl-tmp/qkzhang/cqt_v2/dataset_images_PM_noisy_cqt/lensed/pos_0727.png,1,727,train,positive
/root/autodl-tmp/qkzhang/cqt_v2/dataset_images_PM_noisy_cqt/lensed/pos_0728.png,1,728,train,positive
/root/autodl-tmp/qkzhang/cqt_v2/dataset_images_PM_noisy_cqt/lensed/pos_0729.png,1,729,train,positive
/root/autodl-tmp/qkzhang/cqt_v2/dataset_images_PM_noisy_cqt/lensed/pos_0730.png,1,730,train,positive
/root/autodl-tmp/qkzhang/cqt_v2/dataset_images_PM_noisy_cqt/lensed/pos_0731.png,1,731,train,positive
/root/autodl-tmp/qkzhang/cqt_v2/dataset_images_PM_noisy_cqt/lensed/pos_0732.png,1,732,train,positive
/root/autodl-tmp/qkzhang/cqt_v2/dataset_images_PM_noisy_cqt/lensed/pos_0733.png,1,733,train,positive
/root/autodl-tmp/qkzhang/cqt_v2/dataset_images_PM_noisy_cqt/lensed/pos_0736.png,1,736,train,positive
/root/autodl-tmp/qkzhang/cqt_v2/dataset_images_PM_noisy_cqt/lensed/pos_0738.png,1,738,train,positive
/root/autodl-tmp/qkzhang/cqt_v2/dataset_images_PM_noisy_cqt/lensed/pos_0739.png,1,739,train,positive
/root/autodl-tmp/qkzhang/cqt_v2/dataset_images_PM_noisy_cqt/lensed/pos_0740.png,1,740,train,positive
/root/autodl-tmp/qkzhang/cqt_v2/dataset_images_PM_noisy_cqt/lensed/pos_0741.png,1,741,train,positive
/root/autodl-tmp/qkzhang/cqt_v2/dataset_images_PM_noisy_cqt/lensed/pos_0742.png,1,742,train,positive
/root/autodl-tmp/qkzhang/cqt_v2/dataset_images_PM_noisy_cqt/lensed/pos_0743.png,1,743,train,positive
/root/autodl-tmp/qkzhang/cqt_v2/dataset_images_PM_noisy_cqt/lensed/pos_0745.png,1,745,train,positive
/root/autodl-tmp/qkzhang/cqt_v2/dataset_images_PM_noisy_cqt/lensed/pos_0747.png,1,747,train,positive
/root/autodl-tmp/qkzhang/cqt_v2/dataset_images_PM_noisy_cqt/lensed/pos_0748.png,1,748,train,positive
/root/autodl-tmp/qkzhang/cqt_v2/dataset_images_PM_noisy_cqt/lensed/pos_0749.png,1,749,train,positive
/root/autodl-tmp/qkzhang/cqt_v2/dataset_images_PM_noisy_cqt/lensed/pos_0750.png,1,750,train,positive
/root/autodl-tmp/qkzhang/cqt_v2/dataset_images_PM_noisy_cqt/lensed/pos_0751.png,1,751,train,positive
/root/autodl-tmp/qkzhang/cqt_v2/dataset_images_PM_noisy_cqt/lensed/pos_0752.png,1,752,train,positive
/root/autodl-tmp/qkzhang/cqt_v2/dataset_images_PM_noisy_cqt/lensed/pos_0753.png,1,753,train,positive
/root/autodl-tmp/qkzhang/cqt_v2/dataset_images_PM_noisy_cqt/lensed/pos_0754.png,1,754,train,positive
/root/autodl-tmp/qkzhang/cqt_v2/dataset_images_PM_noisy_cqt/lensed/pos_0755.png,1,755,train,positive
/root/autodl-tmp/qkzhang/cqt_v2/dataset_images_PM_noisy_cqt/lensed/pos_0756.png,1,756,train,positive
/root/autodl-tmp/qkzhang/cqt_v2/dataset_images_PM_noisy_cqt/lensed/pos_0757.png,1,757,train,positive
/root/autodl-tmp/qkzhang/cqt_v2/dataset_images_PM_noisy_cqt/lensed/pos_0758.png,1,758,train,positive
/root/autodl-tmp/qkzhang/cqt_v2/dataset_images_PM_noisy_cqt/lensed/pos_0759.png,1,759,train,positive
/root/autodl-tmp/qkzhang/cqt_v2/dataset_images_PM_noisy_cqt/lensed/pos_0761.png,1,761,train,positive
/root/autodl-tmp/qkzhang/cqt_v2/dataset_images_PM_noisy_cqt/lensed/pos_0765.png,1,765,train,positive
/root/autodl-tmp/qkzhang/cqt_v2/dataset_images_PM_noisy_cqt/lensed/pos_0766.png,1,766,train,positive
/root/autodl-tmp/qkzhang/cqt_v2/dataset_images_PM_noisy_cqt/lensed/pos_0768.png,1,768,train,positive
/root/autodl-tmp/qkzhang/cqt_v2/dataset_images_PM_noisy_cqt/lensed/pos_0769.png,1,769,train,positive
/root/autodl-tmp/qkzhang/cqt_v2/dataset_images_PM_noisy_cqt/lensed/pos_0770.png,1,770,train,positive
/root/autodl-tmp/qkzhang/cqt_v2/dataset_images_PM_noisy_cqt/lensed/pos_0771.png,1,771,train,positive
/root/autodl-tmp/qkzhang/cqt_v2/dataset_images_PM_noisy_cqt/lensed/pos_0772.png,1,772,train,positive
/root/autodl-tmp/qkzhang/cqt_v2/dataset_images_PM_noisy_cqt/lensed/pos_0773.png,1,773,train,positive
/root/autodl-tmp/qkzhang/cqt_v2/dataset_images_PM_noisy_cqt/lensed/pos_0774.png,1,774,train,positive
/root/autodl-tmp/qkzhang/cqt_v2/dataset_images_PM_noisy_cqt/lensed/pos_0777.png,1,777,train,positive
/root/autodl-tmp/qkzhang/cqt_v2/dataset_images_PM_noisy_cqt/lensed/pos_0778.png,1,778,train,positive
/root/autodl-tmp/qkzhang/cqt_v2/dataset_images_PM_noisy_cqt/lensed/pos_0779.png,1,779,train,positive
/root/autodl-tmp/qkzhang/cqt_v2/dataset_images_PM_noisy_cqt/lensed/pos_0780.png,1,780,train,positive
/root/autodl-tmp/qkzhang/cqt_v2/dataset_images_PM_noisy_cqt/lensed/pos_0782.png,1,782,train,positive
/root/autodl-tmp/qkzhang/cqt_v2/dataset_images_PM_noisy_cqt/lensed/pos_0783.png,1,783,train,positive
/root/autodl-tmp/qkzhang/cqt_v2/dataset_images_PM_noisy_cqt/lensed/pos_0785.png,1,785,train,positive
/root/autodl-tmp/qkzhang/cqt_v2/dataset_images_PM_noisy_cqt/lensed/pos_0786.png,1,786,train,positive
/root/autodl-tmp/qkzhang/cqt_v2/dataset_images_PM_noisy_cqt/lensed/pos_0787.png,1,787,train,positive
/root/autodl-tmp/qkzhang/cqt_v2/dataset_images_PM_noisy_cqt/lensed/pos_0788.png,1,788,train,positive
/root/autodl-tmp/qkzhang/cqt_v2/dataset_images_PM_noisy_cqt/lensed/pos_0790.png,1,790,train,positive
/root/autodl-tmp/qkzhang/cqt_v2/dataset_images_PM_noisy_cqt/lensed/pos_0791.png,1,791,train,positive
/root/autodl-tmp/qkzhang/cqt_v2/dataset_images_PM_noisy_cqt/lensed/pos_0792.png,1,792,train,positive
/root/autodl-tmp/qkzhang/cqt_v2/dataset_images_PM_noisy_cqt/lensed/pos_0793.png,1,793,train,positive
/root/autodl-tmp/qkzhang/cqt_v2/dataset_images_PM_noisy_cqt/lensed/pos_0794.png,1,794,train,positive
/root/autodl-tmp/qkzhang/cqt_v2/dataset_images_PM_noisy_cqt/lensed/pos_0795.png,1,795,train,positive
/root/autodl-tmp/qkzhang/cqt_v2/dataset_images_PM_noisy_cqt/lensed/pos_0796.png,1,796,train,positive
/root/autodl-tmp/qkzhang/cqt_v2/dataset_images_PM_noisy_cqt/lensed/pos_0798.png,1,798,train,positive
/root/autodl-tmp/qkzhang/cqt_v2/dataset_images_PM_noisy_cqt/lensed/pos_0799.png,1,799,train,positive
/root/autodl-tmp/qkzhang/cqt_v2/dataset_images_PM_noisy_cqt/lensed/pos_0801.png,1,801,train,positive
/root/autodl-tmp/qkzhang/cqt_v2/dataset_images_PM_noisy_cqt/lensed/pos_0804.png,1,804,train,positive
/root/autodl-tmp/qkzhang/cqt_v2/dataset_images_PM_noisy_cqt/lensed/pos_0806.png,1,806,train,positive
/root/autodl-tmp/qkzhang/cqt_v2/dataset_images_PM_noisy_cqt/lensed/pos_0807.png,1,807,train,positive
/root/autodl-tmp/qkzhang/cqt_v2/dataset_images_PM_noisy_cqt/lensed/pos_0808.png,1,808,train,positive
/root/autodl-tmp/qkzhang/cqt_v2/dataset_images_PM_noisy_cqt/lensed/pos_0809.png,1,809,train,positive
/root/autodl-tmp/qkzhang/cqt_v2/dataset_images_PM_noisy_cqt/lensed/pos_0810.png,1,810,train,positive
/root/autodl-tmp/qkzhang/cqt_v2/dataset_images_PM_noisy_cqt/lensed/pos_0811.png,1,811,train,positive
/root/autodl-tmp/qkzhang/cqt_v2/dataset_images_PM_noisy_cqt/lensed/pos_0812.png,1,812,train,positive
/root/autodl-tmp/qkzhang/cqt_v2/dataset_images_PM_noisy_cqt/lensed/pos_0813.png,1,813,train,positive
/root/autodl-tmp/qkzhang/cqt_v2/dataset_images_PM_noisy_cqt/lensed/pos_0814.png,1,814,train,positive
/root/autodl-tmp/qkzhang/cqt_v2/dataset_images_PM_noisy_cqt/lensed/pos_0815.png,1,815,train,positive
/root/autodl-tmp/qkzhang/cqt_v2/dataset_images_PM_noisy_cqt/lensed/pos_0817.png,1,817,train,positive
/root/autodl-tmp/qkzhang/cqt_v2/dataset_images_PM_noisy_cqt/lensed/pos_0818.png,1,818,train,positive
/root/autodl-tmp/qkzhang/cqt_v2/dataset_images_PM_noisy_cqt/lensed/pos_0819.png,1,819,train,positive
/root/autodl-tmp/qkzhang/cqt_v2/dataset_images_PM_noisy_cqt/lensed/pos_0820.png,1,820,train,positive
/root/autodl-tmp/qkzhang/cqt_v2/dataset_images_PM_noisy_cqt/lensed/pos_0821.png,1,821,train,positive
/root/autodl-tmp/qkzhang/cqt_v2/dataset_images_PM_noisy_cqt/lensed/pos_0823.png,1,823,train,positive
/root/autodl-tmp/qkzhang/cqt_v2/dataset_images_PM_noisy_cqt/lensed/pos_0824.png,1,824,train,positive
/root/autodl-tmp/qkzhang/cqt_v2/dataset_images_PM_noisy_cqt/lensed/pos_0825.png,1,825,train,positive
/root/autodl-tmp/qkzhang/cqt_v2/dataset_images_PM_noisy_cqt/lensed/pos_0826.png,1,826,train,positive
/root/autodl-tmp/qkzhang/cqt_v2/dataset_images_PM_noisy_cqt/lensed/pos_0827.png,1,827,train,positive
/root/autodl-tmp/qkzhang/cqt_v2/dataset_images_PM_noisy_cqt/lensed/pos_0829.png,1,829,train,positive
/root/autodl-tmp/qkzhang/cqt_v2/dataset_images_PM_noisy_cqt/lensed/pos_0830.png,1,830,train,positive
/root/autodl-tmp/qkzhang/cqt_v2/dataset_images_PM_noisy_cqt/lensed/pos_0831.png,1,831,train,positive
/root/autodl-tmp/qkzhang/cqt_v2/dataset_images_PM_noisy_cqt/lensed/pos_0832.png,1,832,train,positive
/root/autodl-tmp/qkzhang/cqt_v2/dataset_images_PM_noisy_cqt/lensed/pos_0833.png,1,833,train,positive
/root/autodl-tmp/qkzhang/cqt_v2/dataset_images_PM_noisy_cqt/lensed/pos_0835.png,1,835,train,positive
/root/autodl-tmp/qkzhang/cqt_v2/dataset_images_PM_noisy_cqt/lensed/pos_0836.png,1,836,train,positive
/root/autodl-tmp/qkzhang/cqt_v2/dataset_images_PM_noisy_cqt/lensed/pos_0837.png,1,837,train,positive
/root/autodl-tmp/qkzhang/cqt_v2/dataset_images_PM_noisy_cqt/lensed/pos_0838.png,1,838,train,positive
/root/autodl-tmp/qkzhang/cqt_v2/dataset_images_PM_noisy_cqt/lensed/pos_0839.png,1,839,train,positive
/root/autodl-tmp/qkzhang/cqt_v2/dataset_images_PM_noisy_cqt/lensed/pos_0840.png,1,840,train,positive
/root/autodl-tmp/qkzhang/cqt_v2/dataset_images_PM_noisy_cqt/lensed/pos_0841.png,1,841,train,positive
/root/autodl-tmp/qkzhang/cqt_v2/dataset_images_PM_noisy_cqt/lensed/pos_0843.png,1,843,train,positive
/root/autodl-tmp/qkzhang/cqt_v2/dataset_images_PM_noisy_cqt/lensed/pos_0845.png,1,845,train,positive
/root/autodl-tmp/qkzhang/cqt_v2/dataset_images_PM_noisy_cqt/lensed/pos_0846.png,1,846,train,positive
/root/autodl-tmp/qkzhang/cqt_v2/dataset_images_PM_noisy_cqt/lensed/pos_0847.png,1,847,train,positive
/root/autodl-tmp/qkzhang/cqt_v2/dataset_images_PM_noisy_cqt/lensed/pos_0848.png,1,848,train,positive
/root/autodl-tmp/qkzhang/cqt_v2/dataset_images_PM_noisy_cqt/lensed/pos_0849.png,1,849,train,positive
/root/autodl-tmp/qkzhang/cqt_v2/dataset_images_PM_noisy_cqt/lensed/pos_0850.png,1,850,train,positive
/root/autodl-tmp/qkzhang/cqt_v2/dataset_images_PM_noisy_cqt/lensed/pos_0851.png,1,851,train,positive
/root/autodl-tmp/qkzhang/cqt_v2/dataset_images_PM_noisy_cqt/lensed/pos_0853.png,1,853,train,positive
/root/autodl-tmp/qkzhang/cqt_v2/dataset_images_PM_noisy_cqt/lensed/pos_0854.png,1,854,train,positive
/root/autodl-tmp/qkzhang/cqt_v2/dataset_images_PM_noisy_cqt/lensed/pos_0855.png,1,855,train,positive
/root/autodl-tmp/qkzhang/cqt_v2/dataset_images_PM_noisy_cqt/lensed/pos_0857.png,1,857,train,positive
/root/autodl-tmp/qkzhang/cqt_v2/dataset_images_PM_noisy_cqt/lensed/pos_0858.png,1,858,train,positive
/root/autodl-tmp/qkzhang/cqt_v2/dataset_images_PM_noisy_cqt/lensed/pos_0860.png,1,860,train,positive
/root/autodl-tmp/qkzhang/cqt_v2/dataset_images_PM_noisy_cqt/lensed/pos_0861.png,1,861,train,positive
/root/autodl-tmp/qkzhang/cqt_v2/dataset_images_PM_noisy_cqt/lensed/pos_0863.png,1,863,train,positive
/root/autodl-tmp/qkzhang/cqt_v2/dataset_images_PM_noisy_cqt/lensed/pos_0866.png,1,866,train,positive
/root/autodl-tmp/qkzhang/cqt_v2/dataset_images_PM_noisy_cqt/lensed/pos_0867.png,1,867,train,positive
/root/autodl-tmp/qkzhang/cqt_v2/dataset_images_PM_noisy_cqt/lensed/pos_0868.png,1,868,train,positive
/root/autodl-tmp/qkzhang/cqt_v2/dataset_images_PM_noisy_cqt/lensed/pos_0869.png,1,869,train,positive
/root/autodl-tmp/qkzhang/cqt_v2/dataset_images_PM_noisy_cqt/lensed/pos_0870.png,1,870,train,positive
/root/autodl-tmp/qkzhang/cqt_v2/dataset_images_PM_noisy_cqt/lensed/pos_0871.png,1,871,train,positive
/root/autodl-tmp/qkzhang/cqt_v2/dataset_images_PM_noisy_cqt/lensed/pos_0872.png,1,872,train,positive
/root/autodl-tmp/qkzhang/cqt_v2/dataset_images_PM_noisy_cqt/lensed/pos_0873.png,1,873,train,positive
/root/autodl-tmp/qkzhang/cqt_v2/dataset_images_PM_noisy_cqt/lensed/pos_0876.png,1,876,train,positive
/root/autodl-tmp/qkzhang/cqt_v2/dataset_images_PM_noisy_cqt/lensed/pos_0877.png,1,877,train,positive
/root/autodl-tmp/qkzhang/cqt_v2/dataset_images_PM_noisy_cqt/lensed/pos_0878.png,1,878,train,positive
/root/autodl-tmp/qkzhang/cqt_v2/dataset_images_PM_noisy_cqt/lensed/pos_0879.png,1,879,train,positive
/root/autodl-tmp/qkzhang/cqt_v2/dataset_images_PM_noisy_cqt/lensed/pos_0880.png,1,880,train,positive
/root/autodl-tmp/qkzhang/cqt_v2/dataset_images_PM_noisy_cqt/lensed/pos_0881.png,1,881,train,positive
/root/autodl-tmp/qkzhang/cqt_v2/dataset_images_PM_noisy_cqt/lensed/pos_0883.png,1,883,train,positive
/root/autodl-tmp/qkzhang/cqt_v2/dataset_images_PM_noisy_cqt/lensed/pos_0885.png,1,885,train,positive
/root/autodl-tmp/qkzhang/cqt_v2/dataset_images_PM_noisy_cqt/lensed/pos_0886.png,1,886,train,positive
/root/autodl-tmp/qkzhang/cqt_v2/dataset_images_PM_noisy_cqt/lensed/pos_0887.png,1,887,train,positive
/root/autodl-tmp/qkzhang/cqt_v2/dataset_images_PM_noisy_cqt/lensed/pos_0888.png,1,888,train,positive
/root/autodl-tmp/qkzhang/cqt_v2/dataset_images_PM_noisy_cqt/lensed/pos_0889.png,1,889,train,positive
/root/autodl-tmp/qkzhang/cqt_v2/dataset_images_PM_noisy_cqt/lensed/pos_0890.png,1,890,train,positive
/root/autodl-tmp/qkzhang/cqt_v2/dataset_images_PM_noisy_cqt/lensed/pos_0891.png,1,891,train,positive
/root/autodl-tmp/qkzhang/cqt_v2/dataset_images_PM_noisy_cqt/lensed/pos_0892.png,1,892,train,positive
/root/autodl-tmp/qkzhang/cqt_v2/dataset_images_PM_noisy_cqt/lensed/pos_0893.png,1,893,train,positive
/root/autodl-tmp/qkzhang/cqt_v2/dataset_images_PM_noisy_cqt/lensed/pos_0894.png,1,894,train,positive
/root/autodl-tmp/qkzhang/cqt_v2/dataset_images_PM_noisy_cqt/lensed/pos_0895.png,1,895,train,positive
/root/autodl-tmp/qkzhang/cqt_v2/dataset_images_PM_noisy_cqt/lensed/pos_0896.png,1,896,train,positive
/root/autodl-tmp/qkzhang/cqt_v2/dataset_images_PM_noisy_cqt/lensed/pos_0898.png,1,898,train,positive
/root/autodl-tmp/qkzhang/cqt_v2/dataset_images_PM_noisy_cqt/lensed/pos_0899.png,1,899,train,positive
/root/autodl-tmp/qkzhang/cqt_v2/dataset_images_PM_noisy_cqt/lensed/pos_0901.png,1,901,train,positive
/root/autodl-tmp/qkzhang/cqt_v2/dataset_images_PM_noisy_cqt/lensed/pos_0903.png,1,903,train,positive
/root/autodl-tmp/qkzhang/cqt_v2/dataset_images_PM_noisy_cqt/lensed/pos_0904.png,1,904,train,positive
/root/autodl-tmp/qkzhang/cqt_v2/dataset_images_PM_noisy_cqt/lensed/pos_0906.png,1,906,train,positive
/root/autodl-tmp/qkzhang/cqt_v2/dataset_images_PM_noisy_cqt/lensed/pos_0907.png,1,907,train,positive
/root/autodl-tmp/qkzhang/cqt_v2/dataset_images_PM_noisy_cqt/lensed/pos_0909.png,1,909,train,positive
/root/autodl-tmp/qkzhang/cqt_v2/dataset_images_PM_noisy_cqt/lensed/pos_0910.png,1,910,train,positive
/root/autodl-tmp/qkzhang/cqt_v2/dataset_images_PM_noisy_cqt/lensed/pos_0911.png,1,911,train,positive
/root/autodl-tmp/qkzhang/cqt_v2/dataset_images_PM_noisy_cqt/lensed/pos_0912.png,1,912,train,positive
/root/autodl-tmp/qkzhang/cqt_v2/dataset_images_PM_noisy_cqt/lensed/pos_0913.png,1,913,train,positive
/root/autodl-tmp/qkzhang/cqt_v2/dataset_images_PM_noisy_cqt/lensed/pos_0914.png,1,914,train,positive
/root/autodl-tmp/qkzhang/cqt_v2/dataset_images_PM_noisy_cqt/lensed/pos_0915.png,1,915,train,positive
/root/autodl-tmp/qkzhang/cqt_v2/dataset_images_PM_noisy_cqt/lensed/pos_0916.png,1,916,train,positive
/root/autodl-tmp/qkzhang/cqt_v2/dataset_images_PM_noisy_cqt/lensed/pos_0918.png,1,918,train,positive
/root/autodl-tmp/qkzhang/cqt_v2/dataset_images_PM_noisy_cqt/lensed/pos_0919.png,1,919,train,positive
/root/autodl-tmp/qkzhang/cqt_v2/dataset_images_PM_noisy_cqt/lensed/pos_0921.png,1,921,train,positive
/root/autodl-tmp/qkzhang/cqt_v2/dataset_images_PM_noisy_cqt/lensed/pos_0922.png,1,922,train,positive
/root/autodl-tmp/qkzhang/cqt_v2/dataset_images_PM_noisy_cqt/lensed/pos_0923.png,1,923,train,positive
/root/autodl-tmp/qkzhang/cqt_v2/dataset_images_PM_noisy_cqt/lensed/pos_0924.png,1,924,train,positive
/root/autodl-tmp/qkzhang/cqt_v2/dataset_images_PM_noisy_cqt/lensed/pos_0926.png,1,926,train,positive
/root/autodl-tmp/qkzhang/cqt_v2/dataset_images_PM_noisy_cqt/lensed/pos_0928.png,1,928,train,positive
/root/autodl-tmp/qkzhang/cqt_v2/dataset_images_PM_noisy_cqt/lensed/pos_0929.png,1,929,train,positive
/root/autodl-tmp/qkzhang/cqt_v2/dataset_images_PM_noisy_cqt/lensed/pos_0931.png,1,931,train,positive
/root/autodl-tmp/qkzhang/cqt_v2/dataset_images_PM_noisy_cqt/lensed/pos_0933.png,1,933,train,positive
/root/autodl-tmp/qkzhang/cqt_v2/dataset_images_PM_noisy_cqt/lensed/pos_0934.png,1,934,train,positive
/root/autodl-tmp/qkzhang/cqt_v2/dataset_images_PM_noisy_cqt/lensed/pos_0935.png,1,935,train,positive
/root/autodl-tmp/qkzhang/cqt_v2/dataset_images_PM_noisy_cqt/lensed/pos_0936.png,1,936,train,positive
/root/autodl-tmp/qkzhang/cqt_v2/dataset_images_PM_noisy_cqt/lensed/pos_0937.png,1,937,train,positive
/root/autodl-tmp/qkzhang/cqt_v2/dataset_images_PM_noisy_cqt/lensed/pos_0938.png,1,938,train,positive
/root/autodl-tmp/qkzhang/cqt_v2/dataset_images_PM_noisy_cqt/lensed/pos_0939.png,1,939,train,positive
/root/autodl-tmp/qkzhang/cqt_v2/dataset_images_PM_noisy_cqt/lensed/pos_0942.png,1,942,train,positive
/root/autodl-tmp/qkzhang/cqt_v2/dataset_images_PM_noisy_cqt/lensed/pos_0943.png,1,943,train,positive
/root/autodl-tmp/qkzhang/cqt_v2/dataset_images_PM_noisy_cqt/lensed/pos_0944.png,1,944,train,positive
/root/autodl-tmp/qkzhang/cqt_v2/dataset_images_PM_noisy_cqt/lensed/pos_0946.png,1,946,train,positive
/root/autodl-tmp/qkzhang/cqt_v2/dataset_images_PM_noisy_cqt/lensed/pos_0948.png,1,948,train,positive
/root/autodl-tmp/qkzhang/cqt_v2/dataset_images_PM_noisy_cqt/lensed/pos_0949.png,1,949,train,positive
/root/autodl-tmp/qkzhang/cqt_v2/dataset_images_PM_noisy_cqt/lensed/pos_0950.png,1,950,train,positive
/root/autodl-tmp/qkzhang/cqt_v2/dataset_images_PM_noisy_cqt/lensed/pos_0951.png,1,951,train,positive
/root/autodl-tmp/qkzhang/cqt_v2/dataset_images_PM_noisy_cqt/lensed/pos_0952.png,1,952,train,positive
/root/autodl-tmp/qkzhang/cqt_v2/dataset_images_PM_noisy_cqt/lensed/pos_0953.png,1,953,train,positive
/root/autodl-tmp/qkzhang/cqt_v2/dataset_images_PM_noisy_cqt/lensed/pos_0954.png,1,954,train,positive
/root/autodl-tmp/qkzhang/cqt_v2/dataset_images_PM_noisy_cqt/lensed/pos_0955.png,1,955,train,positive
/root/autodl-tmp/qkzhang/cqt_v2/dataset_images_PM_noisy_cqt/lensed/pos_0956.png,1,956,train,positive
/root/autodl-tmp/qkzhang/cqt_v2/dataset_images_PM_noisy_cqt/lensed/pos_0957.png,1,957,train,positive
/root/autodl-tmp/qkzhang/cqt_v2/dataset_images_PM_noisy_cqt/lensed/pos_0958.png,1,958,train,positive
/root/autodl-tmp/qkzhang/cqt_v2/dataset_images_PM_noisy_cqt/lensed/pos_0959.png,1,959,train,positive
/root/autodl-tmp/qkzhang/cqt_v2/dataset_images_PM_noisy_cqt/lensed/pos_0960.png,1,960,train,positive
/root/autodl-tmp/qkzhang/cqt_v2/dataset_images_PM_noisy_cqt/lensed/pos_0962.png,1,962,train,positive
/root/autodl-tmp/qkzhang/cqt_v2/dataset_images_PM_noisy_cqt/lensed/pos_0964.png,1,964,train,positive
/root/autodl-tmp/qkzhang/cqt_v2/dataset_images_PM_noisy_cqt/lensed/pos_0965.png,1,965,train,positive
/root/autodl-tmp/qkzhang/cqt_v2/dataset_images_PM_noisy_cqt/lensed/pos_0966.png,1,966,train,positive
/root/autodl-tmp/qkzhang/cqt_v2/dataset_images_PM_noisy_cqt/lensed/pos_0967.png,1,967,train,positive
/root/autodl-tmp/qkzhang/cqt_v2/dataset_images_PM_noisy_cqt/lensed/pos_0968.png,1,968,train,positive
/root/autodl-tmp/qkzhang/cqt_v2/dataset_images_PM_noisy_cqt/lensed/pos_0969.png,1,969,train,positive
/root/autodl-tmp/qkzhang/cqt_v2/dataset_images_PM_noisy_cqt/lensed/pos_0971.png,1,971,train,positive
/root/autodl-tmp/qkzhang/cqt_v2/dataset_images_PM_noisy_cqt/lensed/pos_0972.png,1,972,train,positive
/root/autodl-tmp/qkzhang/cqt_v2/dataset_images_PM_noisy_cqt/lensed/pos_0973.png,1,973,train,positive
/root/autodl-tmp/qkzhang/cqt_v2/dataset_images_PM_noisy_cqt/lensed/pos_0974.png,1,974,train,positive
/root/autodl-tmp/qkzhang/cqt_v2/dataset_images_PM_noisy_cqt/lensed/pos_0975.png,1,975,train,positive
/root/autodl-tmp/qkzhang/cqt_v2/dataset_images_PM_noisy_cqt/lensed/pos_0976.png,1,976,train,positive
/root/autodl-tmp/qkzhang/cqt_v2/dataset_images_PM_noisy_cqt/lensed/pos_0978.png,1,978,train,positive
/root/autodl-tmp/qkzhang/cqt_v2/dataset_images_PM_noisy_cqt/lensed/pos_0979.png,1,979,train,positive
/root/autodl-tmp/qkzhang/cqt_v2/dataset_images_PM_noisy_cqt/lensed/pos_0980.png,1,980,train,positive
/root/autodl-tmp/qkzhang/cqt_v2/dataset_images_PM_noisy_cqt/lensed/pos_0981.png,1,981,train,positive
/root/autodl-tmp/qkzhang/cqt_v2/dataset_images_PM_noisy_cqt/lensed/pos_0982.png,1,982,train,positive
/root/autodl-tmp/qkzhang/cqt_v2/dataset_images_PM_noisy_cqt/lensed/pos_0983.png,1,983,train,positive
/root/autodl-tmp/qkzhang/cqt_v2/dataset_images_PM_noisy_cqt/lensed/pos_0984.png,1,984,train,positive
/root/autodl-tmp/qkzhang/cqt_v2/dataset_images_PM_noisy_cqt/lensed/pos_0985.png,1,985,train,positive
/root/autodl-tmp/qkzhang/cqt_v2/dataset_images_PM_noisy_cqt/lensed/pos_0986.png,1,986,train,positive
/root/autodl-tmp/qkzhang/cqt_v2/dataset_images_PM_noisy_cqt/lensed/pos_0987.png,1,987,train,positive
/root/autodl-tmp/qkzhang/cqt_v2/dataset_images_PM_noisy_cqt/lensed/pos_0988.png,1,988,train,positive
/root/autodl-tmp/qkzhang/cqt_v2/dataset_images_PM_noisy_cqt/lensed/pos_0989.png,1,989,train,positive
/root/autodl-tmp/qkzhang/cqt_v2/dataset_images_PM_noisy_cqt/lensed/pos_0990.png,1,990,train,positive
/root/autodl-tmp/qkzhang/cqt_v2/dataset_images_PM_noisy_cqt/lensed/pos_0991.png,1,991,train,positive
/root/autodl-tmp/qkzhang/cqt_v2/dataset_images_PM_noisy_cqt/lensed/pos_0992.png,1,992,train,positive
/root/autodl-tmp/qkzhang/cqt_v2/dataset_images_PM_noisy_cqt/lensed/pos_0993.png,1,993,train,positive
/root/autodl-tmp/qkzhang/cqt_v2/dataset_images_PM_noisy_cqt/lensed/pos_0996.png,1,996,train,positive
/root/autodl-tmp/qkzhang/cqt_v2/dataset_images_PM_noisy_cqt/lensed/pos_0997.png,1,997,train,positive
/root/autodl-tmp/qkzhang/cqt_v2/dataset_images_PM_noisy_cqt/lensed/pos_0999.png,1,999,train,positive
/root/autodl-tmp/qkzhang/cqt_v2/dataset_images_PM_noisy_cqt/lensed/pos_1000.png,1,1000,train,positive
/root/autodl-tmp/qkzhang/cqt_v2/dataset_images_PM_noisy_cqt/lensed/pos_1002.png,1,1002,train,positive
/root/autodl-tmp/qkzhang/cqt_v2/dataset_images_PM_noisy_cqt/lensed/pos_1003.png,1,1003,train,positive
/root/autodl-tmp/qkzhang/cqt_v2/dataset_images_PM_noisy_cqt/lensed/pos_1004.png,1,1004,train,positive
/root/autodl-tmp/qkzhang/cqt_v2/dataset_images_PM_noisy_cqt/lensed/pos_1005.png,1,1005,train,positive
/root/autodl-tmp/qkzhang/cqt_v2/dataset_images_PM_noisy_cqt/lensed/pos_1006.png,1,1006,train,positive
/root/autodl-tmp/qkzhang/cqt_v2/dataset_images_PM_noisy_cqt/lensed/pos_1008.png,1,1008,train,positive
/root/autodl-tmp/qkzhang/cqt_v2/dataset_images_PM_noisy_cqt/lensed/pos_1009.png,1,1009,train,positive
/root/autodl-tmp/qkzhang/cqt_v2/dataset_images_PM_noisy_cqt/lensed/pos_1010.png,1,1010,train,positive
/root/autodl-tmp/qkzhang/cqt_v2/dataset_images_PM_noisy_cqt/lensed/pos_1011.png,1,1011,train,positive
/root/autodl-tmp/qkzhang/cqt_v2/dataset_images_PM_noisy_cqt/lensed/pos_1012.png,1,1012,train,positive
/root/autodl-tmp/qkzhang/cqt_v2/dataset_images_PM_noisy_cqt/lensed/pos_1013.png,1,1013,train,positive
/root/autodl-tmp/qkzhang/cqt_v2/dataset_images_PM_noisy_cqt/lensed/pos_1014.png,1,1014,train,positive
/root/autodl-tmp/qkzhang/cqt_v2/dataset_images_PM_noisy_cqt/lensed/pos_1015.png,1,1015,train,positive
/root/autodl-tmp/qkzhang/cqt_v2/dataset_images_PM_noisy_cqt/lensed/pos_1016.png,1,1016,train,positive
/root/autodl-tmp/qkzhang/cqt_v2/dataset_images_PM_noisy_cqt/lensed/pos_1017.png,1,1017,train,positive
/root/autodl-tmp/qkzhang/cqt_v2/dataset_images_PM_noisy_cqt/lensed/pos_1019.png,1,1019,train,positive
/root/autodl-tmp/qkzhang/cqt_v2/dataset_images_PM_noisy_cqt/lensed/pos_1020.png,1,1020,train,positive
/root/autodl-tmp/qkzhang/cqt_v2/dataset_images_PM_noisy_cqt/lensed/pos_1021.png,1,1021,train,positive
/root/autodl-tmp/qkzhang/cqt_v2/dataset_images_PM_noisy_cqt/lensed/pos_1022.png,1,1022,train,positive
/root/autodl-tmp/qkzhang/cqt_v2/dataset_images_PM_noisy_cqt/lensed/pos_1023.png,1,1023,train,positive
/root/autodl-tmp/qkzhang/cqt_v2/dataset_images_PM_noisy_cqt/lensed/pos_1024.png,1,1024,train,positive
/root/autodl-tmp/qkzhang/cqt_v2/dataset_images_PM_noisy_cqt/lensed/pos_1025.png,1,1025,train,positive
/root/autodl-tmp/qkzhang/cqt_v2/dataset_images_PM_noisy_cqt/lensed/pos_1026.png,1,1026,train,positive
/root/autodl-tmp/qkzhang/cqt_v2/dataset_images_PM_noisy_cqt/lensed/pos_1027.png,1,1027,train,positive
/root/autodl-tmp/qkzhang/cqt_v2/dataset_images_PM_noisy_cqt/lensed/pos_1028.png,1,1028,train,positive
/root/autodl-tmp/qkzhang/cqt_v2/dataset_images_PM_noisy_cqt/lensed/pos_1030.png,1,1030,train,positive
/root/autodl-tmp/qkzhang/cqt_v2/dataset_images_PM_noisy_cqt/lensed/pos_1031.png,1,1031,train,positive
/root/autodl-tmp/qkzhang/cqt_v2/dataset_images_PM_noisy_cqt/lensed/pos_1032.png,1,1032,train,positive
/root/autodl-tmp/qkzhang/cqt_v2/dataset_images_PM_noisy_cqt/lensed/pos_1033.png,1,1033,train,positive
/root/autodl-tmp/qkzhang/cqt_v2/dataset_images_PM_noisy_cqt/lensed/pos_1034.png,1,1034,train,positive
/root/autodl-tmp/qkzhang/cqt_v2/dataset_images_PM_noisy_cqt/lensed/pos_1035.png,1,1035,train,positive
/root/autodl-tmp/qkzhang/cqt_v2/dataset_images_PM_noisy_cqt/lensed/pos_1036.png,1,1036,train,positive
/root/autodl-tmp/qkzhang/cqt_v2/dataset_images_PM_noisy_cqt/lensed/pos_1037.png,1,1037,train,positive
/root/autodl-tmp/qkzhang/cqt_v2/dataset_images_PM_noisy_cqt/lensed/pos_1038.png,1,1038,train,positive
/root/autodl-tmp/qkzhang/cqt_v2/dataset_images_PM_noisy_cqt/lensed/pos_1039.png,1,1039,train,positive
/root/autodl-tmp/qkzhang/cqt_v2/dataset_images_PM_noisy_cqt/lensed/pos_1040.png,1,1040,train,positive
/root/autodl-tmp/qkzhang/cqt_v2/dataset_images_PM_noisy_cqt/lensed/pos_1041.png,1,1041,train,positive
/root/autodl-tmp/qkzhang/cqt_v2/dataset_images_PM_noisy_cqt/lensed/pos_1043.png,1,1043,train,positive
/root/autodl-tmp/qkzhang/cqt_v2/dataset_images_PM_noisy_cqt/lensed/pos_1045.png,1,1045,train,positive
/root/autodl-tmp/qkzhang/cqt_v2/dataset_images_PM_noisy_cqt/lensed/pos_1046.png,1,1046,train,positive
/root/autodl-tmp/qkzhang/cqt_v2/dataset_images_PM_noisy_cqt/lensed/pos_1047.png,1,1047,train,positive
/root/autodl-tmp/qkzhang/cqt_v2/dataset_images_PM_noisy_cqt/lensed/pos_1048.png,1,1048,train,positive
/root/autodl-tmp/qkzhang/cqt_v2/dataset_images_PM_noisy_cqt/lensed/pos_1049.png,1,1049,train,positive
/root/autodl-tmp/qkzhang/cqt_v2/dataset_images_PM_noisy_cqt/lensed/pos_1050.png,1,1050,train,positive
/root/autodl-tmp/qkzhang/cqt_v2/dataset_images_PM_noisy_cqt/lensed/pos_1051.png,1,1051,train,positive
/root/autodl-tmp/qkzhang/cqt_v2/dataset_images_PM_noisy_cqt/lensed/pos_1053.png,1,1053,train,positive
/root/autodl-tmp/qkzhang/cqt_v2/dataset_images_PM_noisy_cqt/lensed/pos_1054.png,1,1054,train,positive
/root/autodl-tmp/qkzhang/cqt_v2/dataset_images_PM_noisy_cqt/lensed/pos_1055.png,1,1055,train,positive
/root/autodl-tmp/qkzhang/cqt_v2/dataset_images_PM_noisy_cqt/lensed/pos_1057.png,1,1057,train,positive
/root/autodl-tmp/qkzhang/cqt_v2/dataset_images_PM_noisy_cqt/lensed/pos_1059.png,1,1059,train,positive
/root/autodl-tmp/qkzhang/cqt_v2/dataset_images_PM_noisy_cqt/lensed/pos_1060.png,1,1060,train,positive
/root/autodl-tmp/qkzhang/cqt_v2/dataset_images_PM_noisy_cqt/lensed/pos_1062.png,1,1062,train,positive
/root/autodl-tmp/qkzhang/cqt_v2/dataset_images_PM_noisy_cqt/lensed/pos_1063.png,1,1063,train,positive
/root/autodl-tmp/qkzhang/cqt_v2/dataset_images_PM_noisy_cqt/lensed/pos_1064.png,1,1064,train,positive
/root/autodl-tmp/qkzhang/cqt_v2/dataset_images_PM_noisy_cqt/lensed/pos_1066.png,1,1066,train,positive
/root/autodl-tmp/qkzhang/cqt_v2/dataset_images_PM_noisy_cqt/lensed/pos_1067.png,1,1067,train,positive
/root/autodl-tmp/qkzhang/cqt_v2/dataset_images_PM_noisy_cqt/lensed/pos_1068.png,1,1068,train,positive
/root/autodl-tmp/qkzhang/cqt_v2/dataset_images_PM_noisy_cqt/lensed/pos_1069.png,1,1069,train,positive
/root/autodl-tmp/qkzhang/cqt_v2/dataset_images_PM_noisy_cqt/lensed/pos_1070.png,1,1070,train,positive
/root/autodl-tmp/qkzhang/cqt_v2/dataset_images_PM_noisy_cqt/lensed/pos_1071.png,1,1071,train,positive
/root/autodl-tmp/qkzhang/cqt_v2/dataset_images_PM_noisy_cqt/lensed/pos_1072.png,1,1072,train,positive
/root/autodl-tmp/qkzhang/cqt_v2/dataset_images_PM_noisy_cqt/lensed/pos_1074.png,1,1074,train,positive
/root/autodl-tmp/qkzhang/cqt_v2/dataset_images_PM_noisy_cqt/lensed/pos_1075.png,1,1075,train,positive
/root/autodl-tmp/qkzhang/cqt_v2/dataset_images_PM_noisy_cqt/lensed/pos_1076.png,1,1076,train,positive
/root/autodl-tmp/qkzhang/cqt_v2/dataset_images_PM_noisy_cqt/lensed/pos_1078.png,1,1078,train,positive
/root/autodl-tmp/qkzhang/cqt_v2/dataset_images_PM_noisy_cqt/lensed/pos_1080.png,1,1080,train,positive
/root/autodl-tmp/qkzhang/cqt_v2/dataset_images_PM_noisy_cqt/lensed/pos_1081.png,1,1081,train,positive
/root/autodl-tmp/qkzhang/cqt_v2/dataset_images_PM_noisy_cqt/lensed/pos_1083.png,1,1083,train,positive
/root/autodl-tmp/qkzhang/cqt_v2/dataset_images_PM_noisy_cqt/lensed/pos_1084.png,1,1084,train,positive
/root/autodl-tmp/qkzhang/cqt_v2/dataset_images_PM_noisy_cqt/lensed/pos_1085.png,1,1085,train,positive
/root/autodl-tmp/qkzhang/cqt_v2/dataset_images_PM_noisy_cqt/lensed/pos_1087.png,1,1087,train,positive
/root/autodl-tmp/qkzhang/cqt_v2/dataset_images_PM_noisy_cqt/lensed/pos_1088.png,1,1088,train,positive
/root/autodl-tmp/qkzhang/cqt_v2/dataset_images_PM_noisy_cqt/lensed/pos_1089.png,1,1089,train,positive
/root/autodl-tmp/qkzhang/cqt_v2/dataset_images_PM_noisy_cqt/lensed/pos_1090.png,1,1090,train,positive
/root/autodl-tmp/qkzhang/cqt_v2/dataset_images_PM_noisy_cqt/lensed/pos_1091.png,1,1091,train,positive
/root/autodl-tmp/qkzhang/cqt_v2/dataset_images_PM_noisy_cqt/lensed/pos_1092.png,1,1092,train,positive
/root/autodl-tmp/qkzhang/cqt_v2/dataset_images_PM_noisy_cqt/lensed/pos_1093.png,1,1093,train,positive
/root/autodl-tmp/qkzhang/cqt_v2/dataset_images_PM_noisy_cqt/lensed/pos_1095.png,1,1095,train,positive
/root/autodl-tmp/qkzhang/cqt_v2/dataset_images_PM_noisy_cqt/lensed/pos_1096.png,1,1096,train,positive
/root/autodl-tmp/qkzhang/cqt_v2/dataset_images_PM_noisy_cqt/lensed/pos_1097.png,1,1097,train,positive
/root/autodl-tmp/qkzhang/cqt_v2/dataset_images_PM_noisy_cqt/lensed/pos_1098.png,1,1098,train,positive
/root/autodl-tmp/qkzhang/cqt_v2/dataset_images_PM_noisy_cqt/lensed/pos_1100.png,1,1100,train,positive
/root/autodl-tmp/qkzhang/cqt_v2/dataset_images_PM_noisy_cqt/lensed/pos_1101.png,1,1101,train,positive
/root/autodl-tmp/qkzhang/cqt_v2/dataset_images_PM_noisy_cqt/lensed/pos_1102.png,1,1102,train,positive
/root/autodl-tmp/qkzhang/cqt_v2/dataset_images_PM_noisy_cqt/lensed/pos_1104.png,1,1104,train,positive
/root/autodl-tmp/qkzhang/cqt_v2/dataset_images_PM_noisy_cqt/lensed/pos_1105.png,1,1105,train,positive
/root/autodl-tmp/qkzhang/cqt_v2/dataset_images_PM_noisy_cqt/lensed/pos_1106.png,1,1106,train,positive
/root/autodl-tmp/qkzhang/cqt_v2/dataset_images_PM_noisy_cqt/lensed/pos_1107.png,1,1107,train,positive
/root/autodl-tmp/qkzhang/cqt_v2/dataset_images_PM_noisy_cqt/lensed/pos_1109.png,1,1109,train,positive
/root/autodl-tmp/qkzhang/cqt_v2/dataset_images_PM_noisy_cqt/lensed/pos_1110.png,1,1110,train,positive
/root/autodl-tmp/qkzhang/cqt_v2/dataset_images_PM_noisy_cqt/lensed/pos_1111.png,1,1111,train,positive
/root/autodl-tmp/qkzhang/cqt_v2/dataset_images_PM_noisy_cqt/lensed/pos_1112.png,1,1112,train,positive
/root/autodl-tmp/qkzhang/cqt_v2/dataset_images_PM_noisy_cqt/lensed/pos_1113.png,1,1113,train,positive
/root/autodl-tmp/qkzhang/cqt_v2/dataset_images_PM_noisy_cqt/lensed/pos_1115.png,1,1115,train,positive
/root/autodl-tmp/qkzhang/cqt_v2/dataset_images_PM_noisy_cqt/lensed/pos_1117.png,1,1117,train,positive
/root/autodl-tmp/qkzhang/cqt_v2/dataset_images_PM_noisy_cqt/lensed/pos_1119.png,1,1119,train,positive
/root/autodl-tmp/qkzhang/cqt_v2/dataset_images_PM_noisy_cqt/lensed/pos_1120.png,1,1120,train,positive
/root/autodl-tmp/qkzhang/cqt_v2/dataset_images_PM_noisy_cqt/lensed/pos_1121.png,1,1121,train,positive
/root/autodl-tmp/qkzhang/cqt_v2/dataset_images_PM_noisy_cqt/lensed/pos_1122.png,1,1122,train,positive
/root/autodl-tmp/qkzhang/cqt_v2/dataset_images_PM_noisy_cqt/lensed/pos_1123.png,1,1123,train,positive
/root/autodl-tmp/qkzhang/cqt_v2/dataset_images_PM_noisy_cqt/lensed/pos_1124.png,1,1124,train,positive
/root/autodl-tmp/qkzhang/cqt_v2/dataset_images_PM_noisy_cqt/lensed/pos_1125.png,1,1125,train,positive
/root/autodl-tmp/qkzhang/cqt_v2/dataset_images_PM_noisy_cqt/lensed/pos_1127.png,1,1127,train,positive
/root/autodl-tmp/qkzhang/cqt_v2/dataset_images_PM_noisy_cqt/lensed/pos_1128.png,1,1128,train,positive
/root/autodl-tmp/qkzhang/cqt_v2/dataset_images_PM_noisy_cqt/lensed/pos_1129.png,1,1129,train,positive
/root/autodl-tmp/qkzhang/cqt_v2/dataset_images_PM_noisy_cqt/lensed/pos_1130.png,1,1130,train,positive
/root/autodl-tmp/qkzhang/cqt_v2/dataset_images_PM_noisy_cqt/lensed/pos_1132.png,1,1132,train,positive
/root/autodl-tmp/qkzhang/cqt_v2/dataset_images_PM_noisy_cqt/lensed/pos_1134.png,1,1134,train,positive
/root/autodl-tmp/qkzhang/cqt_v2/dataset_images_PM_noisy_cqt/lensed/pos_1135.png,1,1135,train,positive
/root/autodl-tmp/qkzhang/cqt_v2/dataset_images_PM_noisy_cqt/lensed/pos_1136.png,1,1136,train,positive
/root/autodl-tmp/qkzhang/cqt_v2/dataset_images_PM_noisy_cqt/lensed/pos_1137.png,1,1137,train,positive
/root/autodl-tmp/qkzhang/cqt_v2/dataset_images_PM_noisy_cqt/lensed/pos_1138.png,1,1138,train,positive
/root/autodl-tmp/qkzhang/cqt_v2/dataset_images_PM_noisy_cqt/lensed/pos_1139.png,1,1139,train,positive
/root/autodl-tmp/qkzhang/cqt_v2/dataset_images_PM_noisy_cqt/lensed/pos_1140.png,1,1140,train,positive
/root/autodl-tmp/qkzhang/cqt_v2/dataset_images_PM_noisy_cqt/lensed/pos_1142.png,1,1142,train,positive
/root/autodl-tmp/qkzhang/cqt_v2/dataset_images_PM_noisy_cqt/lensed/pos_1143.png,1,1143,train,positive
/root/autodl-tmp/qkzhang/cqt_v2/dataset_images_PM_noisy_cqt/lensed/pos_1144.png,1,1144,train,positive
/root/autodl-tmp/qkzhang/cqt_v2/dataset_images_PM_noisy_cqt/lensed/pos_1146.png,1,1146,train,positive
/root/autodl-tmp/qkzhang/cqt_v2/dataset_images_PM_noisy_cqt/lensed/pos_1147.png,1,1147,train,positive
/root/autodl-tmp/qkzhang/cqt_v2/dataset_images_PM_noisy_cqt/lensed/pos_1148.png,1,1148,train,positive
/root/autodl-tmp/qkzhang/cqt_v2/dataset_images_PM_noisy_cqt/lensed/pos_1149.png,1,1149,train,positive
/root/autodl-tmp/qkzhang/cqt_v2/dataset_images_PM_noisy_cqt/lensed/pos_1150.png,1,1150,train,positive
/root/autodl-tmp/qkzhang/cqt_v2/dataset_images_PM_noisy_cqt/lensed/pos_1153.png,1,1153,train,positive
/root/autodl-tmp/qkzhang/cqt_v2/dataset_images_PM_noisy_cqt/lensed/pos_1154.png,1,1154,train,positive
/root/autodl-tmp/qkzhang/cqt_v2/dataset_images_PM_noisy_cqt/lensed/pos_1155.png,1,1155,train,positive
/root/autodl-tmp/qkzhang/cqt_v2/dataset_images_PM_noisy_cqt/lensed/pos_1156.png,1,1156,train,positive
/root/autodl-tmp/qkzhang/cqt_v2/dataset_images_PM_noisy_cqt/lensed/pos_1157.png,1,1157,train,positive
/root/autodl-tmp/qkzhang/cqt_v2/dataset_images_PM_noisy_cqt/lensed/pos_1159.png,1,1159,train,positive
/root/autodl-tmp/qkzhang/cqt_v2/dataset_images_PM_noisy_cqt/lensed/pos_1160.png,1,1160,train,positive
/root/autodl-tmp/qkzhang/cqt_v2/dataset_images_PM_noisy_cqt/lensed/pos_1161.png,1,1161,train,positive
/root/autodl-tmp/qkzhang/cqt_v2/dataset_images_PM_noisy_cqt/lensed/pos_1162.png,1,1162,train,positive
/root/autodl-tmp/qkzhang/cqt_v2/dataset_images_PM_noisy_cqt/lensed/pos_1163.png,1,1163,train,positive
/root/autodl-tmp/qkzhang/cqt_v2/dataset_images_PM_noisy_cqt/lensed/pos_1164.png,1,1164,train,positive
/root/autodl-tmp/qkzhang/cqt_v2/dataset_images_PM_noisy_cqt/lensed/pos_1165.png,1,1165,train,positive
/root/autodl-tmp/qkzhang/cqt_v2/dataset_images_PM_noisy_cqt/lensed/pos_1167.png,1,1167,train,positive
/root/autodl-tmp/qkzhang/cqt_v2/dataset_images_PM_noisy_cqt/lensed/pos_1168.png,1,1168,train,positive
/root/autodl-tmp/qkzhang/cqt_v2/dataset_images_PM_noisy_cqt/lensed/pos_1169.png,1,1169,train,positive
/root/autodl-tmp/qkzhang/cqt_v2/dataset_images_PM_noisy_cqt/lensed/pos_1170.png,1,1170,train,positive
/root/autodl-tmp/qkzhang/cqt_v2/dataset_images_PM_noisy_cqt/lensed/pos_1172.png,1,1172,train,positive
/root/autodl-tmp/qkzhang/cqt_v2/dataset_images_PM_noisy_cqt/lensed/pos_1173.png,1,1173,train,positive
/root/autodl-tmp/qkzhang/cqt_v2/dataset_images_PM_noisy_cqt/lensed/pos_1174.png,1,1174,train,positive
/root/autodl-tmp/qkzhang/cqt_v2/dataset_images_PM_noisy_cqt/lensed/pos_1177.png,1,1177,train,positive
/root/autodl-tmp/qkzhang/cqt_v2/dataset_images_PM_noisy_cqt/lensed/pos_1178.png,1,1178,train,positive
/root/autodl-tmp/qkzhang/cqt_v2/dataset_images_PM_noisy_cqt/lensed/pos_1179.png,1,1179,train,positive
/root/autodl-tmp/qkzhang/cqt_v2/dataset_images_PM_noisy_cqt/lensed/pos_1181.png,1,1181,train,positive
/root/autodl-tmp/qkzhang/cqt_v2/dataset_images_PM_noisy_cqt/lensed/pos_1182.png,1,1182,train,positive
/root/autodl-tmp/qkzhang/cqt_v2/dataset_images_PM_noisy_cqt/lensed/pos_1183.png,1,1183,train,positive
/root/autodl-tmp/qkzhang/cqt_v2/dataset_images_PM_noisy_cqt/lensed/pos_1185.png,1,1185,train,positive
/root/autodl-tmp/qkzhang/cqt_v2/dataset_images_PM_noisy_cqt/lensed/pos_1187.png,1,1187,train,positive
/root/autodl-tmp/qkzhang/cqt_v2/dataset_images_PM_noisy_cqt/lensed/pos_1188.png,1,1188,train,positive
/root/autodl-tmp/qkzhang/cqt_v2/dataset_images_PM_noisy_cqt/lensed/pos_1189.png,1,1189,train,positive
/root/autodl-tmp/qkzhang/cqt_v2/dataset_images_PM_noisy_cqt/lensed/pos_1190.png,1,1190,train,positive
/root/autodl-tmp/qkzhang/cqt_v2/dataset_images_PM_noisy_cqt/lensed/pos_1191.png,1,1191,train,positive
/root/autodl-tmp/qkzhang/cqt_v2/dataset_images_PM_noisy_cqt/lensed/pos_1192.png,1,1192,train,positive
/root/autodl-tmp/qkzhang/cqt_v2/dataset_images_PM_noisy_cqt/lensed/pos_1193.png,1,1193,train,positive
/root/autodl-tmp/qkzhang/cqt_v2/dataset_images_PM_noisy_cqt/lensed/pos_1195.png,1,1195,train,positive
/root/autodl-tmp/qkzhang/cqt_v2/dataset_images_PM_noisy_cqt/lensed/pos_1196.png,1,1196,train,positive
/root/autodl-tmp/qkzhang/cqt_v2/dataset_images_PM_noisy_cqt/lensed/pos_1197.png,1,1197,train,positive
/root/autodl-tmp/qkzhang/cqt_v2/dataset_images_PM_noisy_cqt/lensed/pos_1198.png,1,1198,train,positive
/root/autodl-tmp/qkzhang/cqt_v2/dataset_images_PM_noisy_cqt/lensed/pos_1199.png,1,1199,train,positive
/root/autodl-tmp/qkzhang/cqt_v2/dataset_images_PM_noisy_cqt/lensed/pos_1201.png,1,1201,train,positive
/root/autodl-tmp/qkzhang/cqt_v2/dataset_images_PM_noisy_cqt/lensed/pos_1203.png,1,1203,train,positive
/root/autodl-tmp/qkzhang/cqt_v2/dataset_images_PM_noisy_cqt/lensed/pos_1204.png,1,1204,train,positive
/root/autodl-tmp/qkzhang/cqt_v2/dataset_images_PM_noisy_cqt/lensed/pos_1205.png,1,1205,train,positive
/root/autodl-tmp/qkzhang/cqt_v2/dataset_images_PM_noisy_cqt/lensed/pos_1206.png,1,1206,train,positive
/root/autodl-tmp/qkzhang/cqt_v2/dataset_images_PM_noisy_cqt/lensed/pos_1207.png,1,1207,train,positive
/root/autodl-tmp/qkzhang/cqt_v2/dataset_images_PM_noisy_cqt/lensed/pos_1208.png,1,1208,train,positive
/root/autodl-tmp/qkzhang/cqt_v2/dataset_images_PM_noisy_cqt/lensed/pos_1209.png,1,1209,train,positive
/root/autodl-tmp/qkzhang/cqt_v2/dataset_images_PM_noisy_cqt/lensed/pos_1210.png,1,1210,train,positive
/root/autodl-tmp/qkzhang/cqt_v2/dataset_images_PM_noisy_cqt/lensed/pos_1212.png,1,1212,train,positive
/root/autodl-tmp/qkzhang/cqt_v2/dataset_images_PM_noisy_cqt/lensed/pos_1213.png,1,1213,train,positive
/root/autodl-tmp/qkzhang/cqt_v2/dataset_images_PM_noisy_cqt/lensed/pos_1214.png,1,1214,train,positive
/root/autodl-tmp/qkzhang/cqt_v2/dataset_images_PM_noisy_cqt/lensed/pos_1215.png,1,1215,train,positive
/root/autodl-tmp/qkzhang/cqt_v2/dataset_images_PM_noisy_cqt/lensed/pos_1216.png,1,1216,train,positive
/root/autodl-tmp/qkzhang/cqt_v2/dataset_images_PM_noisy_cqt/lensed/pos_1217.png,1,1217,train,positive
/root/autodl-tmp/qkzhang/cqt_v2/dataset_images_PM_noisy_cqt/lensed/pos_1218.png,1,1218,train,positive
/root/autodl-tmp/qkzhang/cqt_v2/dataset_images_PM_noisy_cqt/lensed/pos_1219.png,1,1219,train,positive
/root/autodl-tmp/qkzhang/cqt_v2/dataset_images_PM_noisy_cqt/lensed/pos_1220.png,1,1220,train,positive
/root/autodl-tmp/qkzhang/cqt_v2/dataset_images_PM_noisy_cqt/lensed/pos_1221.png,1,1221,train,positive
/root/autodl-tmp/qkzhang/cqt_v2/dataset_images_PM_noisy_cqt/lensed/pos_1223.png,1,1223,train,positive
/root/autodl-tmp/qkzhang/cqt_v2/dataset_images_PM_noisy_cqt/lensed/pos_1224.png,1,1224,train,positive
/root/autodl-tmp/qkzhang/cqt_v2/dataset_images_PM_noisy_cqt/lensed/pos_1225.png,1,1225,train,positive
/root/autodl-tmp/qkzhang/cqt_v2/dataset_images_PM_noisy_cqt/lensed/pos_1228.png,1,1228,train,positive
/root/autodl-tmp/qkzhang/cqt_v2/dataset_images_PM_noisy_cqt/lensed/pos_1229.png,1,1229,train,positive
/root/autodl-tmp/qkzhang/cqt_v2/dataset_images_PM_noisy_cqt/lensed/pos_1230.png,1,1230,train,positive
/root/autodl-tmp/qkzhang/cqt_v2/dataset_images_PM_noisy_cqt/lensed/pos_1231.png,1,1231,train,positive
/root/autodl-tmp/qkzhang/cqt_v2/dataset_images_PM_noisy_cqt/lensed/pos_1233.png,1,1233,train,positive
/root/autodl-tmp/qkzhang/cqt_v2/dataset_images_PM_noisy_cqt/lensed/pos_1234.png,1,1234,train,positive
/root/autodl-tmp/qkzhang/cqt_v2/dataset_images_PM_noisy_cqt/lensed/pos_1235.png,1,1235,train,positive
/root/autodl-tmp/qkzhang/cqt_v2/dataset_images_PM_noisy_cqt/lensed/pos_1236.png,1,1236,train,positive
/root/autodl-tmp/qkzhang/cqt_v2/dataset_images_PM_noisy_cqt/lensed/pos_1237.png,1,1237,train,positive
/root/autodl-tmp/qkzhang/cqt_v2/dataset_images_PM_noisy_cqt/lensed/pos_1238.png,1,1238,train,positive
/root/autodl-tmp/qkzhang/cqt_v2/dataset_images_PM_noisy_cqt/lensed/pos_1239.png,1,1239,train,positive
/root/autodl-tmp/qkzhang/cqt_v2/dataset_images_PM_noisy_cqt/lensed/pos_1240.png,1,1240,train,positive
/root/autodl-tmp/qkzhang/cqt_v2/dataset_images_PM_noisy_cqt/lensed/pos_1241.png,1,1241,train,positive
/root/autodl-tmp/qkzhang/cqt_v2/dataset_images_PM_noisy_cqt/lensed/pos_1242.png,1,1242,train,positive
/root/autodl-tmp/qkzhang/cqt_v2/dataset_images_PM_noisy_cqt/lensed/pos_1243.png,1,1243,train,positive
/root/autodl-tmp/qkzhang/cqt_v2/dataset_images_PM_noisy_cqt/lensed/pos_1244.png,1,1244,train,positive
/root/autodl-tmp/qkzhang/cqt_v2/dataset_images_PM_noisy_cqt/lensed/pos_1245.png,1,1245,train,positive
/root/autodl-tmp/qkzhang/cqt_v2/dataset_images_PM_noisy_cqt/lensed/pos_1246.png,1,1246,train,positive
/root/autodl-tmp/qkzhang/cqt_v2/dataset_images_PM_noisy_cqt/lensed/pos_1247.png,1,1247,train,positive
/root/autodl-tmp/qkzhang/cqt_v2/dataset_images_PM_noisy_cqt/lensed/pos_1248.png,1,1248,train,positive
/root/autodl-tmp/qkzhang/cqt_v2/dataset_images_PM_noisy_cqt/lensed/pos_1249.png,1,1249,train,positive
/root/autodl-tmp/qkzhang/cqt_v2/dataset_images_PM_noisy_cqt/lensed/pos_1250.png,1,1250,train,positive
/root/autodl-tmp/qkzhang/cqt_v2/dataset_images_PM_noisy_cqt/lensed/pos_1252.png,1,1252,train,positive
/root/autodl-tmp/qkzhang/cqt_v2/dataset_images_PM_noisy_cqt/lensed/pos_1253.png,1,1253,train,positive
/root/autodl-tmp/qkzhang/cqt_v2/dataset_images_PM_noisy_cqt/lensed/pos_1255.png,1,1255,train,positive
/root/autodl-tmp/qkzhang/cqt_v2/dataset_images_PM_noisy_cqt/lensed/pos_1258.png,1,1258,train,positive
/root/autodl-tmp/qkzhang/cqt_v2/dataset_images_PM_noisy_cqt/lensed/pos_1259.png,1,1259,train,positive
/root/autodl-tmp/qkzhang/cqt_v2/dataset_images_PM_noisy_cqt/lensed/pos_1260.png,1,1260,train,positive
/root/autodl-tmp/qkzhang/cqt_v2/dataset_images_PM_noisy_cqt/lensed/pos_1262.png,1,1262,train,positive
/root/autodl-tmp/qkzhang/cqt_v2/dataset_images_PM_noisy_cqt/lensed/pos_1264.png,1,1264,train,positive
/root/autodl-tmp/qkzhang/cqt_v2/dataset_images_PM_noisy_cqt/lensed/pos_1265.png,1,1265,train,positive
/root/autodl-tmp/qkzhang/cqt_v2/dataset_images_PM_noisy_cqt/lensed/pos_1266.png,1,1266,train,positive
/root/autodl-tmp/qkzhang/cqt_v2/dataset_images_PM_noisy_cqt/lensed/pos_1268.png,1,1268,train,positive
/root/autodl-tmp/qkzhang/cqt_v2/dataset_images_PM_noisy_cqt/lensed/pos_1269.png,1,1269,train,positive
/root/autodl-tmp/qkzhang/cqt_v2/dataset_images_PM_noisy_cqt/lensed/pos_1270.png,1,1270,train,positive
/root/autodl-tmp/qkzhang/cqt_v2/dataset_images_PM_noisy_cqt/lensed/pos_1271.png,1,1271,train,positive
/root/autodl-tmp/qkzhang/cqt_v2/dataset_images_PM_noisy_cqt/lensed/pos_1272.png,1,1272,train,positive
/root/autodl-tmp/qkzhang/cqt_v2/dataset_images_PM_noisy_cqt/lensed/pos_1273.png,1,1273,train,positive
/root/autodl-tmp/qkzhang/cqt_v2/dataset_images_PM_noisy_cqt/lensed/pos_1274.png,1,1274,train,positive
/root/autodl-tmp/qkzhang/cqt_v2/dataset_images_PM_noisy_cqt/lensed/pos_1275.png,1,1275,train,positive
/root/autodl-tmp/qkzhang/cqt_v2/dataset_images_PM_noisy_cqt/lensed/pos_1276.png,1,1276,train,positive
/root/autodl-tmp/qkzhang/cqt_v2/dataset_images_PM_noisy_cqt/lensed/pos_1277.png,1,1277,train,positive
/root/autodl-tmp/qkzhang/cqt_v2/dataset_images_PM_noisy_cqt/lensed/pos_1278.png,1,1278,train,positive
/root/autodl-tmp/qkzhang/cqt_v2/dataset_images_PM_noisy_cqt/lensed/pos_1279.png,1,1279,train,positive
/root/autodl-tmp/qkzhang/cqt_v2/dataset_images_PM_noisy_cqt/lensed/pos_1280.png,1,1280,train,positive
/root/autodl-tmp/qkzhang/cqt_v2/dataset_images_PM_noisy_cqt/lensed/pos_1281.png,1,1281,train,positive
/root/autodl-tmp/qkzhang/cqt_v2/dataset_images_PM_noisy_cqt/lensed/pos_1282.png,1,1282,train,positive
/root/autodl-tmp/qkzhang/cqt_v2/dataset_images_PM_noisy_cqt/lensed/pos_1284.png,1,1284,train,positive
/root/autodl-tmp/qkzhang/cqt_v2/dataset_images_PM_noisy_cqt/lensed/pos_1285.png,1,1285,train,positive
/root/autodl-tmp/qkzhang/cqt_v2/dataset_images_PM_noisy_cqt/lensed/pos_1286.png,1,1286,train,positive
/root/autodl-tmp/qkzhang/cqt_v2/dataset_images_PM_noisy_cqt/lensed/pos_1288.png,1,1288,train,positive
/root/autodl-tmp/qkzhang/cqt_v2/dataset_images_PM_noisy_cqt/lensed/pos_1289.png,1,1289,train,positive
/root/autodl-tmp/qkzhang/cqt_v2/dataset_images_PM_noisy_cqt/lensed/pos_1290.png,1,1290,train,positive
/root/autodl-tmp/qkzhang/cqt_v2/dataset_images_PM_noisy_cqt/lensed/pos_1291.png,1,1291,train,positive
/root/autodl-tmp/qkzhang/cqt_v2/dataset_images_PM_noisy_cqt/lensed/pos_1292.png,1,1292,train,positive
/root/autodl-tmp/qkzhang/cqt_v2/dataset_images_PM_noisy_cqt/lensed/pos_1293.png,1,1293,train,positive
/root/autodl-tmp/qkzhang/cqt_v2/dataset_images_PM_noisy_cqt/lensed/pos_1294.png,1,1294,train,positive
/root/autodl-tmp/qkzhang/cqt_v2/dataset_images_PM_noisy_cqt/lensed/pos_1295.png,1,1295,train,positive
/root/autodl-tmp/qkzhang/cqt_v2/dataset_images_PM_noisy_cqt/lensed/pos_1296.png,1,1296,train,positive
/root/autodl-tmp/qkzhang/cqt_v2/dataset_images_PM_noisy_cqt/lensed/pos_1298.png,1,1298,train,positive
/root/autodl-tmp/qkzhang/cqt_v2/dataset_images_PM_noisy_cqt/lensed/pos_1300.png,1,1300,train,positive
/root/autodl-tmp/qkzhang/cqt_v2/dataset_images_PM_noisy_cqt/lensed/pos_1301.png,1,1301,train,positive
/root/autodl-tmp/qkzhang/cqt_v2/dataset_images_PM_noisy_cqt/lensed/pos_1302.png,1,1302,train,positive
/root/autodl-tmp/qkzhang/cqt_v2/dataset_images_PM_noisy_cqt/lensed/pos_1304.png,1,1304,train,positive
/root/autodl-tmp/qkzhang/cqt_v2/dataset_images_PM_noisy_cqt/lensed/pos_1305.png,1,1305,train,positive
/root/autodl-tmp/qkzhang/cqt_v2/dataset_images_PM_noisy_cqt/lensed/pos_1306.png,1,1306,train,positive
/root/autodl-tmp/qkzhang/cqt_v2/dataset_images_PM_noisy_cqt/lensed/pos_1307.png,1,1307,train,positive
/root/autodl-tmp/qkzhang/cqt_v2/dataset_images_PM_noisy_cqt/lensed/pos_1308.png,1,1308,train,positive
/root/autodl-tmp/qkzhang/cqt_v2/dataset_images_PM_noisy_cqt/lensed/pos_1309.png,1,1309,train,positive
/root/autodl-tmp/qkzhang/cqt_v2/dataset_images_PM_noisy_cqt/lensed/pos_1310.png,1,1310,train,positive
/root/autodl-tmp/qkzhang/cqt_v2/dataset_images_PM_noisy_cqt/lensed/pos_1312.png,1,1312,train,positive
/root/autodl-tmp/qkzhang/cqt_v2/dataset_images_PM_noisy_cqt/lensed/pos_1313.png,1,1313,train,positive
/root/autodl-tmp/qkzhang/cqt_v2/dataset_images_PM_noisy_cqt/lensed/pos_1314.png,1,1314,train,positive
/root/autodl-tmp/qkzhang/cqt_v2/dataset_images_PM_noisy_cqt/lensed/pos_1315.png,1,1315,train,positive
/root/autodl-tmp/qkzhang/cqt_v2/dataset_images_PM_noisy_cqt/lensed/pos_1316.png,1,1316,train,positive
/root/autodl-tmp/qkzhang/cqt_v2/dataset_images_PM_noisy_cqt/lensed/pos_1318.png,1,1318,train,positive
/root/autodl-tmp/qkzhang/cqt_v2/dataset_images_PM_noisy_cqt/lensed/pos_1319.png,1,1319,train,positive
/root/autodl-tmp/qkzhang/cqt_v2/dataset_images_PM_noisy_cqt/lensed/pos_1321.png,1,1321,train,positive
/root/autodl-tmp/qkzhang/cqt_v2/dataset_images_PM_noisy_cqt/lensed/pos_1322.png,1,1322,train,positive
/root/autodl-tmp/qkzhang/cqt_v2/dataset_images_PM_noisy_cqt/lensed/pos_1323.png,1,1323,train,positive
/root/autodl-tmp/qkzhang/cqt_v2/dataset_images_PM_noisy_cqt/lensed/pos_1324.png,1,1324,train,positive
/root/autodl-tmp/qkzhang/cqt_v2/dataset_images_PM_noisy_cqt/lensed/pos_1325.png,1,1325,train,positive
/root/autodl-tmp/qkzhang/cqt_v2/dataset_images_PM_noisy_cqt/lensed/pos_1326.png,1,1326,train,positive
/root/autodl-tmp/qkzhang/cqt_v2/dataset_images_PM_noisy_cqt/lensed/pos_1327.png,1,1327,train,positive
/root/autodl-tmp/qkzhang/cqt_v2/dataset_images_PM_noisy_cqt/lensed/pos_1328.png,1,1328,train,positive
/root/autodl-tmp/qkzhang/cqt_v2/dataset_images_PM_noisy_cqt/lensed/pos_1329.png,1,1329,train,positive
/root/autodl-tmp/qkzhang/cqt_v2/dataset_images_PM_noisy_cqt/lensed/pos_1330.png,1,1330,train,positive
/root/autodl-tmp/qkzhang/cqt_v2/dataset_images_PM_noisy_cqt/lensed/pos_1331.png,1,1331,train,positive
/root/autodl-tmp/qkzhang/cqt_v2/dataset_images_PM_noisy_cqt/lensed/pos_1333.png,1,1333,train,positive
/root/autodl-tmp/qkzhang/cqt_v2/dataset_images_PM_noisy_cqt/lensed/pos_1336.png,1,1336,train,positive
/root/autodl-tmp/qkzhang/cqt_v2/dataset_images_PM_noisy_cqt/lensed/pos_1337.png,1,1337,train,positive
/root/autodl-tmp/qkzhang/cqt_v2/dataset_images_PM_noisy_cqt/lensed/pos_1338.png,1,1338,train,positive
/root/autodl-tmp/qkzhang/cqt_v2/dataset_images_PM_noisy_cqt/lensed/pos_1339.png,1,1339,train,positive
/root/autodl-tmp/qkzhang/cqt_v2/dataset_images_PM_noisy_cqt/lensed/pos_1341.png,1,1341,train,positive
/root/autodl-tmp/qkzhang/cqt_v2/dataset_images_PM_noisy_cqt/lensed/pos_1342.png,1,1342,train,positive
/root/autodl-tmp/qkzhang/cqt_v2/dataset_images_PM_noisy_cqt/lensed/pos_1343.png,1,1343,train,positive
/root/autodl-tmp/qkzhang/cqt_v2/dataset_images_PM_noisy_cqt/lensed/pos_1344.png,1,1344,train,positive
/root/autodl-tmp/qkzhang/cqt_v2/dataset_images_PM_noisy_cqt/lensed/pos_1346.png,1,1346,train,positive
/root/autodl-tmp/qkzhang/cqt_v2/dataset_images_PM_noisy_cqt/lensed/pos_1347.png,1,1347,train,positive
/root/autodl-tmp/qkzhang/cqt_v2/dataset_images_PM_noisy_cqt/lensed/pos_1348.png,1,1348,train,positive
/root/autodl-tmp/qkzhang/cqt_v2/dataset_images_PM_noisy_cqt/lensed/pos_1349.png,1,1349,train,positive
/root/autodl-tmp/qkzhang/cqt_v2/dataset_images_PM_noisy_cqt/lensed/pos_1350.png,1,1350,train,positive
/root/autodl-tmp/qkzhang/cqt_v2/dataset_images_PM_noisy_cqt/lensed/pos_1351.png,1,1351,train,positive
/root/autodl-tmp/qkzhang/cqt_v2/dataset_images_PM_noisy_cqt/lensed/pos_1352.png,1,1352,train,positive
/root/autodl-tmp/qkzhang/cqt_v2/dataset_images_PM_noisy_cqt/lensed/pos_1354.png,1,1354,train,positive
/root/autodl-tmp/qkzhang/cqt_v2/dataset_images_PM_noisy_cqt/lensed/pos_1355.png,1,1355,train,positive
/root/autodl-tmp/qkzhang/cqt_v2/dataset_images_PM_noisy_cqt/lensed/pos_1356.png,1,1356,train,positive
/root/autodl-tmp/qkzhang/cqt_v2/dataset_images_PM_noisy_cqt/lensed/pos_1357.png,1,1357,train,positive
/root/autodl-tmp/qkzhang/cqt_v2/dataset_images_PM_noisy_cqt/lensed/pos_1358.png,1,1358,train,positive
/root/autodl-tmp/qkzhang/cqt_v2/dataset_images_PM_noisy_cqt/lensed/pos_1359.png,1,1359,train,positive
/root/autodl-tmp/qkzhang/cqt_v2/dataset_images_PM_noisy_cqt/lensed/pos_1360.png,1,1360,train,positive
/root/autodl-tmp/qkzhang/cqt_v2/dataset_images_PM_noisy_cqt/lensed/pos_1361.png,1,1361,train,positive
/root/autodl-tmp/qkzhang/cqt_v2/dataset_images_PM_noisy_cqt/lensed/pos_1364.png,1,1364,train,positive
/root/autodl-tmp/qkzhang/cqt_v2/dataset_images_PM_noisy_cqt/lensed/pos_1365.png,1,1365,train,positive
/root/autodl-tmp/qkzhang/cqt_v2/dataset_images_PM_noisy_cqt/lensed/pos_1366.png,1,1366,train,positive
/root/autodl-tmp/qkzhang/cqt_v2/dataset_images_PM_noisy_cqt/lensed/pos_1367.png,1,1367,train,positive
/root/autodl-tmp/qkzhang/cqt_v2/dataset_images_PM_noisy_cqt/lensed/pos_1368.png,1,1368,train,positive
/root/autodl-tmp/qkzhang/cqt_v2/dataset_images_PM_noisy_cqt/lensed/pos_1369.png,1,1369,train,positive
/root/autodl-tmp/qkzhang/cqt_v2/dataset_images_PM_noisy_cqt/lensed/pos_1370.png,1,1370,train,positive
/root/autodl-tmp/qkzhang/cqt_v2/dataset_images_PM_noisy_cqt/lensed/pos_1371.png,1,1371,train,positive
/root/autodl-tmp/qkzhang/cqt_v2/dataset_images_PM_noisy_cqt/lensed/pos_1372.png,1,1372,train,positive
/root/autodl-tmp/qkzhang/cqt_v2/dataset_images_PM_noisy_cqt/lensed/pos_1373.png,1,1373,train,positive
/root/autodl-tmp/qkzhang/cqt_v2/dataset_images_PM_noisy_cqt/lensed/pos_1374.png,1,1374,train,positive
/root/autodl-tmp/qkzhang/cqt_v2/dataset_images_PM_noisy_cqt/lensed/pos_1375.png,1,1375,train,positive
/root/autodl-tmp/qkzhang/cqt_v2/dataset_images_PM_noisy_cqt/lensed/pos_1376.png,1,1376,train,positive
/root/autodl-tmp/qkzhang/cqt_v2/dataset_images_PM_noisy_cqt/lensed/pos_1377.png,1,1377,train,positive
/root/autodl-tmp/qkzhang/cqt_v2/dataset_images_PM_noisy_cqt/lensed/pos_1379.png,1,1379,train,positive
/root/autodl-tmp/qkzhang/cqt_v2/dataset_images_PM_noisy_cqt/lensed/pos_1382.png,1,1382,train,positive
/root/autodl-tmp/qkzhang/cqt_v2/dataset_images_PM_noisy_cqt/lensed/pos_1383.png,1,1383,train,positive
/root/autodl-tmp/qkzhang/cqt_v2/dataset_images_PM_noisy_cqt/lensed/pos_1385.png,1,1385,train,positive
/root/autodl-tmp/qkzhang/cqt_v2/dataset_images_PM_noisy_cqt/lensed/pos_1387.png,1,1387,train,positive
/root/autodl-tmp/qkzhang/cqt_v2/dataset_images_PM_noisy_cqt/lensed/pos_1389.png,1,1389,train,positive
/root/autodl-tmp/qkzhang/cqt_v2/dataset_images_PM_noisy_cqt/lensed/pos_1390.png,1,1390,train,positive
/root/autodl-tmp/qkzhang/cqt_v2/dataset_images_PM_noisy_cqt/lensed/pos_1391.png,1,1391,train,positive
/root/autodl-tmp/qkzhang/cqt_v2/dataset_images_PM_noisy_cqt/lensed/pos_1392.png,1,1392,train,positive
/root/autodl-tmp/qkzhang/cqt_v2/dataset_images_PM_noisy_cqt/lensed/pos_1393.png,1,1393,train,positive
/root/autodl-tmp/qkzhang/cqt_v2/dataset_images_PM_noisy_cqt/lensed/pos_1394.png,1,1394,train,positive
/root/autodl-tmp/qkzhang/cqt_v2/dataset_images_PM_noisy_cqt/lensed/pos_1395.png,1,1395,train,positive
/root/autodl-tmp/qkzhang/cqt_v2/dataset_images_PM_noisy_cqt/lensed/pos_1396.png,1,1396,train,positive
/root/autodl-tmp/qkzhang/cqt_v2/dataset_images_PM_noisy_cqt/lensed/pos_1398.png,1,1398,train,positive
/root/autodl-tmp/qkzhang/cqt_v2/dataset_images_PM_noisy_cqt/lensed/pos_1400.png,1,1400,train,positive
/root/autodl-tmp/qkzhang/cqt_v2/dataset_images_PM_noisy_cqt/lensed/pos_1403.png,1,1403,train,positive
/root/autodl-tmp/qkzhang/cqt_v2/dataset_images_PM_noisy_cqt/lensed/pos_1405.png,1,1405,train,positive
/root/autodl-tmp/qkzhang/cqt_v2/dataset_images_PM_noisy_cqt/lensed/pos_1406.png,1,1406,train,positive
/root/autodl-tmp/qkzhang/cqt_v2/dataset_images_PM_noisy_cqt/lensed/pos_1408.png,1,1408,train,positive
/root/autodl-tmp/qkzhang/cqt_v2/dataset_images_PM_noisy_cqt/lensed/pos_1409.png,1,1409,train,positive
/root/autodl-tmp/qkzhang/cqt_v2/dataset_images_PM_noisy_cqt/lensed/pos_1412.png,1,1412,train,positive
/root/autodl-tmp/qkzhang/cqt_v2/dataset_images_PM_noisy_cqt/lensed/pos_1413.png,1,1413,train,positive
/root/autodl-tmp/qkzhang/cqt_v2/dataset_images_PM_noisy_cqt/lensed/pos_1417.png,1,1417,train,positive
/root/autodl-tmp/qkzhang/cqt_v2/dataset_images_PM_noisy_cqt/lensed/pos_1419.png,1,1419,train,positive
/root/autodl-tmp/qkzhang/cqt_v2/dataset_images_PM_noisy_cqt/lensed/pos_1420.png,1,1420,train,positive
/root/autodl-tmp/qkzhang/cqt_v2/dataset_images_PM_noisy_cqt/lensed/pos_1421.png,1,1421,train,positive
/root/autodl-tmp/qkzhang/cqt_v2/dataset_images_PM_noisy_cqt/lensed/pos_1422.png,1,1422,train,positive
/root/autodl-tmp/qkzhang/cqt_v2/dataset_images_PM_noisy_cqt/lensed/pos_1423.png,1,1423,train,positive
/root/autodl-tmp/qkzhang/cqt_v2/dataset_images_PM_noisy_cqt/lensed/pos_1425.png,1,1425,train,positive
/root/autodl-tmp/qkzhang/cqt_v2/dataset_images_PM_noisy_cqt/lensed/pos_1426.png,1,1426,train,positive
/root/autodl-tmp/qkzhang/cqt_v2/dataset_images_PM_noisy_cqt/lensed/pos_1427.png,1,1427,train,positive
/root/autodl-tmp/qkzhang/cqt_v2/dataset_images_PM_noisy_cqt/lensed/pos_1428.png,1,1428,train,positive
/root/autodl-tmp/qkzhang/cqt_v2/dataset_images_PM_noisy_cqt/lensed/pos_1429.png,1,1429,train,positive
/root/autodl-tmp/qkzhang/cqt_v2/dataset_images_PM_noisy_cqt/lensed/pos_1430.png,1,1430,train,positive
/root/autodl-tmp/qkzhang/cqt_v2/dataset_images_PM_noisy_cqt/lensed/pos_1431.png,1,1431,train,positive
/root/autodl-tmp/qkzhang/cqt_v2/dataset_images_PM_noisy_cqt/lensed/pos_1433.png,1,1433,train,positive
/root/autodl-tmp/qkzhang/cqt_v2/dataset_images_PM_noisy_cqt/lensed/pos_1435.png,1,1435,train,positive
/root/autodl-tmp/qkzhang/cqt_v2/dataset_images_PM_noisy_cqt/lensed/pos_1436.png,1,1436,train,positive
/root/autodl-tmp/qkzhang/cqt_v2/dataset_images_PM_noisy_cqt/lensed/pos_1437.png,1,1437,train,positive
/root/autodl-tmp/qkzhang/cqt_v2/dataset_images_PM_noisy_cqt/lensed/pos_1438.png,1,1438,train,positive
/root/autodl-tmp/qkzhang/cqt_v2/dataset_images_PM_noisy_cqt/lensed/pos_1440.png,1,1440,train,positive
/root/autodl-tmp/qkzhang/cqt_v2/dataset_images_PM_noisy_cqt/lensed/pos_1441.png,1,1441,train,positive
/root/autodl-tmp/qkzhang/cqt_v2/dataset_images_PM_noisy_cqt/lensed/pos_1443.png,1,1443,train,positive
/root/autodl-tmp/qkzhang/cqt_v2/dataset_images_PM_noisy_cqt/lensed/pos_1444.png,1,1444,train,positive
/root/autodl-tmp/qkzhang/cqt_v2/dataset_images_PM_noisy_cqt/lensed/pos_1445.png,1,1445,train,positive
/root/autodl-tmp/qkzhang/cqt_v2/dataset_images_PM_noisy_cqt/lensed/pos_1446.png,1,1446,train,positive
/root/autodl-tmp/qkzhang/cqt_v2/dataset_images_PM_noisy_cqt/lensed/pos_1447.png,1,1447,train,positive
/root/autodl-tmp/qkzhang/cqt_v2/dataset_images_PM_noisy_cqt/lensed/pos_1448.png,1,1448,train,positive
/root/autodl-tmp/qkzhang/cqt_v2/dataset_images_PM_noisy_cqt/lensed/pos_1449.png,1,1449,train,positive
/root/autodl-tmp/qkzhang/cqt_v2/dataset_images_PM_noisy_cqt/lensed/pos_1450.png,1,1450,train,positive
/root/autodl-tmp/qkzhang/cqt_v2/dataset_images_PM_noisy_cqt/lensed/pos_1452.png,1,1452,train,positive
/root/autodl-tmp/qkzhang/cqt_v2/dataset_images_PM_noisy_cqt/lensed/pos_1454.png,1,1454,train,positive
/root/autodl-tmp/qkzhang/cqt_v2/dataset_images_PM_noisy_cqt/lensed/pos_1455.png,1,1455,train,positive
/root/autodl-tmp/qkzhang/cqt_v2/dataset_images_PM_noisy_cqt/lensed/pos_1456.png,1,1456,train,positive
/root/autodl-tmp/qkzhang/cqt_v2/dataset_images_PM_noisy_cqt/lensed/pos_1458.png,1,1458,train,positive
/root/autodl-tmp/qkzhang/cqt_v2/dataset_images_PM_noisy_cqt/lensed/pos_1459.png,1,1459,train,positive
/root/autodl-tmp/qkzhang/cqt_v2/dataset_images_PM_noisy_cqt/lensed/pos_1460.png,1,1460,train,positive
/root/autodl-tmp/qkzhang/cqt_v2/dataset_images_PM_noisy_cqt/lensed/pos_1464.png,1,1464,train,positive
/root/autodl-tmp/qkzhang/cqt_v2/dataset_images_PM_noisy_cqt/lensed/pos_1465.png,1,1465,train,positive
/root/autodl-tmp/qkzhang/cqt_v2/dataset_images_PM_noisy_cqt/lensed/pos_1467.png,1,1467,train,positive
/root/autodl-tmp/qkzhang/cqt_v2/dataset_images_PM_noisy_cqt/lensed/pos_1468.png,1,1468,train,positive
/root/autodl-tmp/qkzhang/cqt_v2/dataset_images_PM_noisy_cqt/lensed/pos_1469.png,1,1469,train,positive
/root/autodl-tmp/qkzhang/cqt_v2/dataset_images_PM_noisy_cqt/lensed/pos_1471.png,1,1471,train,positive
/root/autodl-tmp/qkzhang/cqt_v2/dataset_images_PM_noisy_cqt/lensed/pos_1472.png,1,1472,train,positive
/root/autodl-tmp/qkzhang/cqt_v2/dataset_images_PM_noisy_cqt/lensed/pos_1474.png,1,1474,train,positive
/root/autodl-tmp/qkzhang/cqt_v2/dataset_images_PM_noisy_cqt/lensed/pos_1475.png,1,1475,train,positive
/root/autodl-tmp/qkzhang/cqt_v2/dataset_images_PM_noisy_cqt/lensed/pos_1476.png,1,1476,train,positive
/root/autodl-tmp/qkzhang/cqt_v2/dataset_images_PM_noisy_cqt/lensed/pos_1478.png,1,1478,train,positive
/root/autodl-tmp/qkzhang/cqt_v2/dataset_images_PM_noisy_cqt/lensed/pos_1479.png,1,1479,train,positive
/root/autodl-tmp/qkzhang/cqt_v2/dataset_images_PM_noisy_cqt/lensed/pos_1480.png,1,1480,train,positive
/root/autodl-tmp/qkzhang/cqt_v2/dataset_images_PM_noisy_cqt/lensed/pos_1481.png,1,1481,train,positive
/root/autodl-tmp/qkzhang/cqt_v2/dataset_images_PM_noisy_cqt/lensed/pos_1482.png,1,1482,train,positive
/root/autodl-tmp/qkzhang/cqt_v2/dataset_images_PM_noisy_cqt/lensed/pos_1483.png,1,1483,train,positive
/root/autodl-tmp/qkzhang/cqt_v2/dataset_images_PM_noisy_cqt/lensed/pos_1484.png,1,1484,train,positive
/root/autodl-tmp/qkzhang/cqt_v2/dataset_images_PM_noisy_cqt/lensed/pos_1485.png,1,1485,train,positive
/root/autodl-tmp/qkzhang/cqt_v2/dataset_images_PM_noisy_cqt/lensed/pos_1486.png,1,1486,train,positive
/root/autodl-tmp/qkzhang/cqt_v2/dataset_images_PM_noisy_cqt/lensed/pos_1487.png,1,1487,train,positive
/root/autodl-tmp/qkzhang/cqt_v2/dataset_images_PM_noisy_cqt/lensed/pos_1488.png,1,1488,train,positive
/root/autodl-tmp/qkzhang/cqt_v2/dataset_images_PM_noisy_cqt/lensed/pos_1489.png,1,1489,train,positive
/root/autodl-tmp/qkzhang/cqt_v2/dataset_images_PM_noisy_cqt/lensed/pos_1491.png,1,1491,train,positive
/root/autodl-tmp/qkzhang/cqt_v2/dataset_images_PM_noisy_cqt/lensed/pos_1492.png,1,1492,train,positive
/root/autodl-tmp/qkzhang/cqt_v2/dataset_images_PM_noisy_cqt/lensed/pos_1493.png,1,1493,train,positive
/root/autodl-tmp/qkzhang/cqt_v2/dataset_images_PM_noisy_cqt/lensed/pos_1494.png,1,1494,train,positive
/root/autodl-tmp/qkzhang/cqt_v2/dataset_images_PM_noisy_cqt/lensed/pos_1495.png,1,1495,train,positive
/root/autodl-tmp/qkzhang/cqt_v2/dataset_images_PM_noisy_cqt/lensed/pos_1496.png,1,1496,train,positive
/root/autodl-tmp/qkzhang/cqt_v2/dataset_images_PM_noisy_cqt/lensed/pos_1497.png,1,1497,train,positive
/root/autodl-tmp/qkzhang/cqt_v2/dataset_images_PM_noisy_cqt/lensed/pos_1498.png,1,1498,train,positive
/root/autodl-tmp/qkzhang/cqt_v2/dataset_images_PM_noisy_cqt/lensed/pos_1499.png,1,1499,train,positive
/root/autodl-tmp/qkzhang/cqt_v2/dataset_images_PM_noisy_cqt/lensed/pos_1501.png,1,1501,train,positive
/root/autodl-tmp/qkzhang/cqt_v2/dataset_images_PM_noisy_cqt/lensed/pos_1502.png,1,1502,train,positive
/root/autodl-tmp/qkzhang/cqt_v2/dataset_images_PM_noisy_cqt/lensed/pos_1503.png,1,1503,train,positive
/root/autodl-tmp/qkzhang/cqt_v2/dataset_images_PM_noisy_cqt/lensed/pos_1504.png,1,1504,train,positive
/root/autodl-tmp/qkzhang/cqt_v2/dataset_images_PM_noisy_cqt/lensed/pos_1506.png,1,1506,train,positive
/root/autodl-tmp/qkzhang/cqt_v2/dataset_images_PM_noisy_cqt/lensed/pos_1507.png,1,1507,train,positive
/root/autodl-tmp/qkzhang/cqt_v2/dataset_images_PM_noisy_cqt/lensed/pos_1508.png,1,1508,train,positive
/root/autodl-tmp/qkzhang/cqt_v2/dataset_images_PM_noisy_cqt/lensed/pos_1509.png,1,1509,train,positive
/root/autodl-tmp/qkzhang/cqt_v2/dataset_images_PM_noisy_cqt/lensed/pos_1510.png,1,1510,train,positive
/root/autodl-tmp/qkzhang/cqt_v2/dataset_images_PM_noisy_cqt/lensed/pos_1512.png,1,1512,train,positive
/root/autodl-tmp/qkzhang/cqt_v2/dataset_images_PM_noisy_cqt/lensed/pos_1513.png,1,1513,train,positive
/root/autodl-tmp/qkzhang/cqt_v2/dataset_images_PM_noisy_cqt/lensed/pos_1514.png,1,1514,train,positive
/root/autodl-tmp/qkzhang/cqt_v2/dataset_images_PM_noisy_cqt/lensed/pos_1515.png,1,1515,train,positive
/root/autodl-tmp/qkzhang/cqt_v2/dataset_images_PM_noisy_cqt/lensed/pos_1516.png,1,1516,train,positive
/root/autodl-tmp/qkzhang/cqt_v2/dataset_images_PM_noisy_cqt/lensed/pos_1517.png,1,1517,train,positive
/root/autodl-tmp/qkzhang/cqt_v2/dataset_images_PM_noisy_cqt/lensed/pos_1518.png,1,1518,train,positive
/root/autodl-tmp/qkzhang/cqt_v2/dataset_images_PM_noisy_cqt/lensed/pos_1519.png,1,1519,train,positive
/root/autodl-tmp/qkzhang/cqt_v2/dataset_images_PM_noisy_cqt/lensed/pos_1520.png,1,1520,train,positive
/root/autodl-tmp/qkzhang/cqt_v2/dataset_images_PM_noisy_cqt/lensed/pos_1522.png,1,1522,train,positive
/root/autodl-tmp/qkzhang/cqt_v2/dataset_images_PM_noisy_cqt/lensed/pos_1524.png,1,1524,train,positive
/root/autodl-tmp/qkzhang/cqt_v2/dataset_images_PM_noisy_cqt/lensed/pos_1525.png,1,1525,train,positive
/root/autodl-tmp/qkzhang/cqt_v2/dataset_images_PM_noisy_cqt/lensed/pos_1526.png,1,1526,train,positive
/root/autodl-tmp/qkzhang/cqt_v2/dataset_images_PM_noisy_cqt/lensed/pos_1530.png,1,1530,train,positive
/root/autodl-tmp/qkzhang/cqt_v2/dataset_images_PM_noisy_cqt/lensed/pos_1531.png,1,1531,train,positive
/root/autodl-tmp/qkzhang/cqt_v2/dataset_images_PM_noisy_cqt/lensed/pos_1532.png,1,1532,train,positive
/root/autodl-tmp/qkzhang/cqt_v2/dataset_images_PM_noisy_cqt/lensed/pos_1534.png,1,1534,train,positive
/root/autodl-tmp/qkzhang/cqt_v2/dataset_images_PM_noisy_cqt/lensed/pos_1535.png,1,1535,train,positive
/root/autodl-tmp/qkzhang/cqt_v2/dataset_images_PM_noisy_cqt/lensed/pos_1537.png,1,1537,train,positive
/root/autodl-tmp/qkzhang/cqt_v2/dataset_images_PM_noisy_cqt/lensed/pos_1538.png,1,1538,train,positive
/root/autodl-tmp/qkzhang/cqt_v2/dataset_images_PM_noisy_cqt/lensed/pos_1539.png,1,1539,train,positive
/root/autodl-tmp/qkzhang/cqt_v2/dataset_images_PM_noisy_cqt/lensed/pos_1541.png,1,1541,train,positive
/root/autodl-tmp/qkzhang/cqt_v2/dataset_images_PM_noisy_cqt/lensed/pos_1542.png,1,1542,train,positive
/root/autodl-tmp/qkzhang/cqt_v2/dataset_images_PM_noisy_cqt/lensed/pos_1543.png,1,1543,train,positive
/root/autodl-tmp/qkzhang/cqt_v2/dataset_images_PM_noisy_cqt/lensed/pos_1544.png,1,1544,train,positive
/root/autodl-tmp/qkzhang/cqt_v2/dataset_images_PM_noisy_cqt/lensed/pos_1545.png,1,1545,train,positive
/root/autodl-tmp/qkzhang/cqt_v2/dataset_images_PM_noisy_cqt/lensed/pos_1546.png,1,1546,train,positive
/root/autodl-tmp/qkzhang/cqt_v2/dataset_images_PM_noisy_cqt/lensed/pos_1547.png,1,1547,train,positive
/root/autodl-tmp/qkzhang/cqt_v2/dataset_images_PM_noisy_cqt/lensed/pos_1548.png,1,1548,train,positive
/root/autodl-tmp/qkzhang/cqt_v2/dataset_images_PM_noisy_cqt/lensed/pos_1549.png,1,1549,train,positive
/root/autodl-tmp/qkzhang/cqt_v2/dataset_images_PM_noisy_cqt/lensed/pos_1552.png,1,1552,train,positive
/root/autodl-tmp/qkzhang/cqt_v2/dataset_images_PM_noisy_cqt/lensed/pos_1555.png,1,1555,train,positive
/root/autodl-tmp/qkzhang/cqt_v2/dataset_images_PM_noisy_cqt/lensed/pos_1556.png,1,1556,train,positive
/root/autodl-tmp/qkzhang/cqt_v2/dataset_images_PM_noisy_cqt/lensed/pos_1557.png,1,1557,train,positive
/root/autodl-tmp/qkzhang/cqt_v2/dataset_images_PM_noisy_cqt/lensed/pos_1559.png,1,1559,train,positive
/root/autodl-tmp/qkzhang/cqt_v2/dataset_images_PM_noisy_cqt/lensed/pos_1560.png,1,1560,train,positive
/root/autodl-tmp/qkzhang/cqt_v2/dataset_images_PM_noisy_cqt/lensed/pos_1561.png,1,1561,train,positive
/root/autodl-tmp/qkzhang/cqt_v2/dataset_images_PM_noisy_cqt/lensed/pos_1562.png,1,1562,train,positive
/root/autodl-tmp/qkzhang/cqt_v2/dataset_images_PM_noisy_cqt/lensed/pos_1563.png,1,1563,train,positive
/root/autodl-tmp/qkzhang/cqt_v2/dataset_images_PM_noisy_cqt/lensed/pos_1565.png,1,1565,train,positive
/root/autodl-tmp/qkzhang/cqt_v2/dataset_images_PM_noisy_cqt/lensed/pos_1566.png,1,1566,train,positive
/root/autodl-tmp/qkzhang/cqt_v2/dataset_images_PM_noisy_cqt/lensed/pos_1569.png,1,1569,train,positive
/root/autodl-tmp/qkzhang/cqt_v2/dataset_images_PM_noisy_cqt/lensed/pos_1570.png,1,1570,train,positive
/root/autodl-tmp/qkzhang/cqt_v2/dataset_images_PM_noisy_cqt/lensed/pos_1572.png,1,1572,train,positive
/root/autodl-tmp/qkzhang/cqt_v2/dataset_images_PM_noisy_cqt/lensed/pos_1574.png,1,1574,train,positive
/root/autodl-tmp/qkzhang/cqt_v2/dataset_images_PM_noisy_cqt/lensed/pos_1576.png,1,1576,train,positive
/root/autodl-tmp/qkzhang/cqt_v2/dataset_images_PM_noisy_cqt/lensed/pos_1578.png,1,1578,train,positive
/root/autodl-tmp/qkzhang/cqt_v2/dataset_images_PM_noisy_cqt/lensed/pos_1579.png,1,1579,train,positive
/root/autodl-tmp/qkzhang/cqt_v2/dataset_images_PM_noisy_cqt/lensed/pos_1580.png,1,1580,train,positive
/root/autodl-tmp/qkzhang/cqt_v2/dataset_images_PM_noisy_cqt/lensed/pos_1582.png,1,1582,train,positive
/root/autodl-tmp/qkzhang/cqt_v2/dataset_images_PM_noisy_cqt/lensed/pos_1583.png,1,1583,train,positive
/root/autodl-tmp/qkzhang/cqt_v2/dataset_images_PM_noisy_cqt/lensed/pos_1584.png,1,1584,train,positive
/root/autodl-tmp/qkzhang/cqt_v2/dataset_images_PM_noisy_cqt/lensed/pos_1585.png,1,1585,train,positive
/root/autodl-tmp/qkzhang/cqt_v2/dataset_images_PM_noisy_cqt/lensed/pos_1586.png,1,1586,train,positive
/root/autodl-tmp/qkzhang/cqt_v2/dataset_images_PM_noisy_cqt/lensed/pos_1587.png,1,1587,train,positive
/root/autodl-tmp/qkzhang/cqt_v2/dataset_images_PM_noisy_cqt/lensed/pos_1588.png,1,1588,train,positive
/root/autodl-tmp/qkzhang/cqt_v2/dataset_images_PM_noisy_cqt/lensed/pos_1589.png,1,1589,train,positive
/root/autodl-tmp/qkzhang/cqt_v2/dataset_images_PM_noisy_cqt/lensed/pos_1590.png,1,1590,train,positive
/root/autodl-tmp/qkzhang/cqt_v2/dataset_images_PM_noisy_cqt/lensed/pos_1591.png,1,1591,train,positive
/root/autodl-tmp/qkzhang/cqt_v2/dataset_images_PM_noisy_cqt/lensed/pos_1592.png,1,1592,train,positive
/root/autodl-tmp/qkzhang/cqt_v2/dataset_images_PM_noisy_cqt/lensed/pos_1593.png,1,1593,train,positive
/root/autodl-tmp/qkzhang/cqt_v2/dataset_images_PM_noisy_cqt/lensed/pos_1595.png,1,1595,train,positive
/root/autodl-tmp/qkzhang/cqt_v2/dataset_images_PM_noisy_cqt/lensed/pos_1597.png,1,1597,train,positive
/root/autodl-tmp/qkzhang/cqt_v2/dataset_images_PM_noisy_cqt/lensed/pos_1598.png,1,1598,train,positive
/root/autodl-tmp/qkzhang/cqt_v2/dataset_images_PM_noisy_cqt/lensed/pos_1599.png,1,1599,train,positive
/root/autodl-tmp/qkzhang/cqt_v2/dataset_images_PM_noisy_cqt/lensed/pos_1600.png,1,1600,train,positive
/root/autodl-tmp/qkzhang/cqt_v2/dataset_images_PM_noisy_cqt/lensed/pos_1601.png,1,1601,train,positive
/root/autodl-tmp/qkzhang/cqt_v2/dataset_images_PM_noisy_cqt/lensed/pos_1603.png,1,1603,train,positive
/root/autodl-tmp/qkzhang/cqt_v2/dataset_images_PM_noisy_cqt/lensed/pos_1605.png,1,1605,train,positive
/root/autodl-tmp/qkzhang/cqt_v2/dataset_images_PM_noisy_cqt/lensed/pos_1607.png,1,1607,train,positive
/root/autodl-tmp/qkzhang/cqt_v2/dataset_images_PM_noisy_cqt/lensed/pos_1608.png,1,1608,train,positive
/root/autodl-tmp/qkzhang/cqt_v2/dataset_images_PM_noisy_cqt/lensed/pos_1610.png,1,1610,train,positive
/root/autodl-tmp/qkzhang/cqt_v2/dataset_images_PM_noisy_cqt/lensed/pos_1611.png,1,1611,train,positive
/root/autodl-tmp/qkzhang/cqt_v2/dataset_images_PM_noisy_cqt/lensed/pos_1612.png,1,1612,train,positive
/root/autodl-tmp/qkzhang/cqt_v2/dataset_images_PM_noisy_cqt/lensed/pos_1613.png,1,1613,train,positive
/root/autodl-tmp/qkzhang/cqt_v2/dataset_images_PM_noisy_cqt/lensed/pos_1614.png,1,1614,train,positive
/root/autodl-tmp/qkzhang/cqt_v2/dataset_images_PM_noisy_cqt/lensed/pos_1615.png,1,1615,train,positive
/root/autodl-tmp/qkzhang/cqt_v2/dataset_images_PM_noisy_cqt/lensed/pos_1616.png,1,1616,train,positive
/root/autodl-tmp/qkzhang/cqt_v2/dataset_images_PM_noisy_cqt/lensed/pos_1617.png,1,1617,train,positive
/root/autodl-tmp/qkzhang/cqt_v2/dataset_images_PM_noisy_cqt/lensed/pos_1618.png,1,1618,train,positive
/root/autodl-tmp/qkzhang/cqt_v2/dataset_images_PM_noisy_cqt/lensed/pos_1619.png,1,1619,train,positive
/root/autodl-tmp/qkzhang/cqt_v2/dataset_images_PM_noisy_cqt/lensed/pos_1620.png,1,1620,train,positive
/root/autodl-tmp/qkzhang/cqt_v2/dataset_images_PM_noisy_cqt/lensed/pos_1621.png,1,1621,train,positive
/root/autodl-tmp/qkzhang/cqt_v2/dataset_images_PM_noisy_cqt/lensed/pos_1623.png,1,1623,train,positive
/root/autodl-tmp/qkzhang/cqt_v2/dataset_images_PM_noisy_cqt/lensed/pos_1624.png,1,1624,train,positive
/root/autodl-tmp/qkzhang/cqt_v2/dataset_images_PM_noisy_cqt/lensed/pos_1625.png,1,1625,train,positive
/root/autodl-tmp/qkzhang/cqt_v2/dataset_images_PM_noisy_cqt/lensed/pos_1626.png,1,1626,train,positive
/root/autodl-tmp/qkzhang/cqt_v2/dataset_images_PM_noisy_cqt/lensed/pos_1627.png,1,1627,train,positive
/root/autodl-tmp/qkzhang/cqt_v2/dataset_images_PM_noisy_cqt/lensed/pos_1628.png,1,1628,train,positive
/root/autodl-tmp/qkzhang/cqt_v2/dataset_images_PM_noisy_cqt/lensed/pos_1631.png,1,1631,train,positive
/root/autodl-tmp/qkzhang/cqt_v2/dataset_images_PM_noisy_cqt/lensed/pos_1632.png,1,1632,train,positive
/root/autodl-tmp/qkzhang/cqt_v2/dataset_images_PM_noisy_cqt/lensed/pos_1633.png,1,1633,train,positive
/root/autodl-tmp/qkzhang/cqt_v2/dataset_images_PM_noisy_cqt/lensed/pos_1634.png,1,1634,train,positive
/root/autodl-tmp/qkzhang/cqt_v2/dataset_images_PM_noisy_cqt/lensed/pos_1636.png,1,1636,train,positive
/root/autodl-tmp/qkzhang/cqt_v2/dataset_images_PM_noisy_cqt/lensed/pos_1637.png,1,1637,train,positive
/root/autodl-tmp/qkzhang/cqt_v2/dataset_images_PM_noisy_cqt/lensed/pos_1638.png,1,1638,train,positive
/root/autodl-tmp/qkzhang/cqt_v2/dataset_images_PM_noisy_cqt/lensed/pos_1639.png,1,1639,train,positive
/root/autodl-tmp/qkzhang/cqt_v2/dataset_images_PM_noisy_cqt/lensed/pos_1640.png,1,1640,train,positive
/root/autodl-tmp/qkzhang/cqt_v2/dataset_images_PM_noisy_cqt/lensed/pos_1641.png,1,1641,train,positive
/root/autodl-tmp/qkzhang/cqt_v2/dataset_images_PM_noisy_cqt/lensed/pos_1642.png,1,1642,train,positive
/root/autodl-tmp/qkzhang/cqt_v2/dataset_images_PM_noisy_cqt/lensed/pos_1643.png,1,1643,train,positive
/root/autodl-tmp/qkzhang/cqt_v2/dataset_images_PM_noisy_cqt/lensed/pos_1644.png,1,1644,train,positive
/root/autodl-tmp/qkzhang/cqt_v2/dataset_images_PM_noisy_cqt/lensed/pos_1645.png,1,1645,train,positive
/root/autodl-tmp/qkzhang/cqt_v2/dataset_images_PM_noisy_cqt/lensed/pos_1646.png,1,1646,train,positive
/root/autodl-tmp/qkzhang/cqt_v2/dataset_images_PM_noisy_cqt/lensed/pos_1647.png,1,1647,train,positive
/root/autodl-tmp/qkzhang/cqt_v2/dataset_images_PM_noisy_cqt/lensed/pos_1649.png,1,1649,train,positive
/root/autodl-tmp/qkzhang/cqt_v2/dataset_images_PM_noisy_cqt/lensed/pos_1650.png,1,1650,train,positive
/root/autodl-tmp/qkzhang/cqt_v2/dataset_images_PM_noisy_cqt/lensed/pos_1651.png,1,1651,train,positive
/root/autodl-tmp/qkzhang/cqt_v2/dataset_images_PM_noisy_cqt/lensed/pos_1653.png,1,1653,train,positive
/root/autodl-tmp/qkzhang/cqt_v2/dataset_images_PM_noisy_cqt/lensed/pos_1654.png,1,1654,train,positive
/root/autodl-tmp/qkzhang/cqt_v2/dataset_images_PM_noisy_cqt/lensed/pos_1655.png,1,1655,train,positive
/root/autodl-tmp/qkzhang/cqt_v2/dataset_images_PM_noisy_cqt/lensed/pos_1656.png,1,1656,train,positive
/root/autodl-tmp/qkzhang/cqt_v2/dataset_images_PM_noisy_cqt/lensed/pos_1657.png,1,1657,train,positive
/root/autodl-tmp/qkzhang/cqt_v2/dataset_images_PM_noisy_cqt/lensed/pos_1658.png,1,1658,train,positive
/root/autodl-tmp/qkzhang/cqt_v2/dataset_images_PM_noisy_cqt/lensed/pos_1659.png,1,1659,train,positive
/root/autodl-tmp/qkzhang/cqt_v2/dataset_images_PM_noisy_cqt/lensed/pos_1660.png,1,1660,train,positive
/root/autodl-tmp/qkzhang/cqt_v2/dataset_images_PM_noisy_cqt/lensed/pos_1661.png,1,1661,train,positive
/root/autodl-tmp/qkzhang/cqt_v2/dataset_images_PM_noisy_cqt/lensed/pos_1662.png,1,1662,train,positive
/root/autodl-tmp/qkzhang/cqt_v2/dataset_images_PM_noisy_cqt/lensed/pos_1663.png,1,1663,train,positive
/root/autodl-tmp/qkzhang/cqt_v2/dataset_images_PM_noisy_cqt/lensed/pos_1664.png,1,1664,train,positive
/root/autodl-tmp/qkzhang/cqt_v2/dataset_images_PM_noisy_cqt/lensed/pos_1666.png,1,1666,train,positive
/root/autodl-tmp/qkzhang/cqt_v2/dataset_images_PM_noisy_cqt/lensed/pos_1668.png,1,1668,train,positive
/root/autodl-tmp/qkzhang/cqt_v2/dataset_images_PM_noisy_cqt/lensed/pos_1669.png,1,1669,train,positive
/root/autodl-tmp/qkzhang/cqt_v2/dataset_images_PM_noisy_cqt/lensed/pos_1670.png,1,1670,train,positive
/root/autodl-tmp/qkzhang/cqt_v2/dataset_images_PM_noisy_cqt/lensed/pos_1672.png,1,1672,train,positive
/root/autodl-tmp/qkzhang/cqt_v2/dataset_images_PM_noisy_cqt/lensed/pos_1674.png,1,1674,train,positive
/root/autodl-tmp/qkzhang/cqt_v2/dataset_images_PM_noisy_cqt/lensed/pos_1675.png,1,1675,train,positive
/root/autodl-tmp/qkzhang/cqt_v2/dataset_images_PM_noisy_cqt/lensed/pos_1676.png,1,1676,train,positive
/root/autodl-tmp/qkzhang/cqt_v2/dataset_images_PM_noisy_cqt/lensed/pos_1677.png,1,1677,train,positive
/root/autodl-tmp/qkzhang/cqt_v2/dataset_images_PM_noisy_cqt/lensed/pos_1678.png,1,1678,train,positive
/root/autodl-tmp/qkzhang/cqt_v2/dataset_images_PM_noisy_cqt/lensed/pos_1679.png,1,1679,train,positive
/root/autodl-tmp/qkzhang/cqt_v2/dataset_images_PM_noisy_cqt/lensed/pos_1680.png,1,1680,train,positive
/root/autodl-tmp/qkzhang/cqt_v2/dataset_images_PM_noisy_cqt/lensed/pos_1681.png,1,1681,train,positive
/root/autodl-tmp/qkzhang/cqt_v2/dataset_images_PM_noisy_cqt/lensed/pos_1682.png,1,1682,train,positive
/root/autodl-tmp/qkzhang/cqt_v2/dataset_images_PM_noisy_cqt/lensed/pos_1685.png,1,1685,train,positive
/root/autodl-tmp/qkzhang/cqt_v2/dataset_images_PM_noisy_cqt/lensed/pos_1687.png,1,1687,train,positive
/root/autodl-tmp/qkzhang/cqt_v2/dataset_images_PM_noisy_cqt/lensed/pos_1689.png,1,1689,train,positive
/root/autodl-tmp/qkzhang/cqt_v2/dataset_images_PM_noisy_cqt/lensed/pos_1690.png,1,1690,train,positive
/root/autodl-tmp/qkzhang/cqt_v2/dataset_images_PM_noisy_cqt/lensed/pos_1691.png,1,1691,train,positive
/root/autodl-tmp/qkzhang/cqt_v2/dataset_images_PM_noisy_cqt/lensed/pos_1692.png,1,1692,train,positive
/root/autodl-tmp/qkzhang/cqt_v2/dataset_images_PM_noisy_cqt/lensed/pos_1693.png,1,1693,train,positive
/root/autodl-tmp/qkzhang/cqt_v2/dataset_images_PM_noisy_cqt/lensed/pos_1694.png,1,1694,train,positive
/root/autodl-tmp/qkzhang/cqt_v2/dataset_images_PM_noisy_cqt/lensed/pos_1695.png,1,1695,train,positive
/root/autodl-tmp/qkzhang/cqt_v2/dataset_images_PM_noisy_cqt/lensed/pos_1696.png,1,1696,train,positive
/root/autodl-tmp/qkzhang/cqt_v2/dataset_images_PM_noisy_cqt/lensed/pos_1697.png,1,1697,train,positive
/root/autodl-tmp/qkzhang/cqt_v2/dataset_images_PM_noisy_cqt/lensed/pos_1698.png,1,1698,train,positive
/root/autodl-tmp/qkzhang/cqt_v2/dataset_images_PM_noisy_cqt/lensed/pos_1699.png,1,1699,train,positive
/root/autodl-tmp/qkzhang/cqt_v2/dataset_images_PM_noisy_cqt/lensed/pos_1700.png,1,1700,train,positive
/root/autodl-tmp/qkzhang/cqt_v2/dataset_images_PM_noisy_cqt/lensed/pos_1701.png,1,1701,train,positive
/root/autodl-tmp/qkzhang/cqt_v2/dataset_images_PM_noisy_cqt/lensed/pos_1702.png,1,1702,train,positive
/root/autodl-tmp/qkzhang/cqt_v2/dataset_images_PM_noisy_cqt/lensed/pos_1703.png,1,1703,train,positive
/root/autodl-tmp/qkzhang/cqt_v2/dataset_images_PM_noisy_cqt/lensed/pos_1704.png,1,1704,train,positive
/root/autodl-tmp/qkzhang/cqt_v2/dataset_images_PM_noisy_cqt/lensed/pos_1705.png,1,1705,train,positive
/root/autodl-tmp/qkzhang/cqt_v2/dataset_images_PM_noisy_cqt/lensed/pos_1706.png,1,1706,train,positive
/root/autodl-tmp/qkzhang/cqt_v2/dataset_images_PM_noisy_cqt/lensed/pos_1707.png,1,1707,train,positive
/root/autodl-tmp/qkzhang/cqt_v2/dataset_images_PM_noisy_cqt/lensed/pos_1708.png,1,1708,train,positive
/root/autodl-tmp/qkzhang/cqt_v2/dataset_images_PM_noisy_cqt/lensed/pos_1710.png,1,1710,train,positive
/root/autodl-tmp/qkzhang/cqt_v2/dataset_images_PM_noisy_cqt/lensed/pos_1711.png,1,1711,train,positive
/root/autodl-tmp/qkzhang/cqt_v2/dataset_images_PM_noisy_cqt/lensed/pos_1712.png,1,1712,train,positive
/root/autodl-tmp/qkzhang/cqt_v2/dataset_images_PM_noisy_cqt/lensed/pos_1713.png,1,1713,train,positive
/root/autodl-tmp/qkzhang/cqt_v2/dataset_images_PM_noisy_cqt/lensed/pos_1716.png,1,1716,train,positive
/root/autodl-tmp/qkzhang/cqt_v2/dataset_images_PM_noisy_cqt/lensed/pos_1719.png,1,1719,train,positive
/root/autodl-tmp/qkzhang/cqt_v2/dataset_images_PM_noisy_cqt/lensed/pos_1720.png,1,1720,train,positive
/root/autodl-tmp/qkzhang/cqt_v2/dataset_images_PM_noisy_cqt/lensed/pos_1723.png,1,1723,train,positive
/root/autodl-tmp/qkzhang/cqt_v2/dataset_images_PM_noisy_cqt/lensed/pos_1724.png,1,1724,train,positive
/root/autodl-tmp/qkzhang/cqt_v2/dataset_images_PM_noisy_cqt/lensed/pos_1725.png,1,1725,train,positive
/root/autodl-tmp/qkzhang/cqt_v2/dataset_images_PM_noisy_cqt/lensed/pos_1726.png,1,1726,train,positive
/root/autodl-tmp/qkzhang/cqt_v2/dataset_images_PM_noisy_cqt/lensed/pos_1727.png,1,1727,train,positive
/root/autodl-tmp/qkzhang/cqt_v2/dataset_images_PM_noisy_cqt/lensed/pos_1728.png,1,1728,train,positive
/root/autodl-tmp/qkzhang/cqt_v2/dataset_images_PM_noisy_cqt/lensed/pos_1730.png,1,1730,train,positive
/root/autodl-tmp/qkzhang/cqt_v2/dataset_images_PM_noisy_cqt/lensed/pos_1731.png,1,1731,train,positive
/root/autodl-tmp/qkzhang/cqt_v2/dataset_images_PM_noisy_cqt/lensed/pos_1732.png,1,1732,train,positive
/root/autodl-tmp/qkzhang/cqt_v2/dataset_images_PM_noisy_cqt/lensed/pos_1733.png,1,1733,train,positive
/root/autodl-tmp/qkzhang/cqt_v2/dataset_images_PM_noisy_cqt/lensed/pos_1734.png,1,1734,train,positive
/root/autodl-tmp/qkzhang/cqt_v2/dataset_images_PM_noisy_cqt/lensed/pos_1735.png,1,1735,train,positive
/root/autodl-tmp/qkzhang/cqt_v2/dataset_images_PM_noisy_cqt/lensed/pos_1736.png,1,1736,train,positive
/root/autodl-tmp/qkzhang/cqt_v2/dataset_images_PM_noisy_cqt/lensed/pos_1737.png,1,1737,train,positive
/root/autodl-tmp/qkzhang/cqt_v2/dataset_images_PM_noisy_cqt/lensed/pos_1738.png,1,1738,train,positive
/root/autodl-tmp/qkzhang/cqt_v2/dataset_images_PM_noisy_cqt/lensed/pos_1739.png,1,1739,train,positive
/root/autodl-tmp/qkzhang/cqt_v2/dataset_images_PM_noisy_cqt/lensed/pos_1740.png,1,1740,train,positive
/root/autodl-tmp/qkzhang/cqt_v2/dataset_images_PM_noisy_cqt/lensed/pos_1741.png,1,1741,train,positive
/root/autodl-tmp/qkzhang/cqt_v2/dataset_images_PM_noisy_cqt/lensed/pos_1742.png,1,1742,train,positive
/root/autodl-tmp/qkzhang/cqt_v2/dataset_images_PM_noisy_cqt/lensed/pos_1743.png,1,1743,train,positive
/root/autodl-tmp/qkzhang/cqt_v2/dataset_images_PM_noisy_cqt/lensed/pos_1745.png,1,1745,train,positive
/root/autodl-tmp/qkzhang/cqt_v2/dataset_images_PM_noisy_cqt/lensed/pos_1746.png,1,1746,train,positive
/root/autodl-tmp/qkzhang/cqt_v2/dataset_images_PM_noisy_cqt/lensed/pos_1747.png,1,1747,train,positive
/root/autodl-tmp/qkzhang/cqt_v2/dataset_images_PM_noisy_cqt/lensed/pos_1748.png,1,1748,train,positive
/root/autodl-tmp/qkzhang/cqt_v2/dataset_images_PM_noisy_cqt/lensed/pos_1749.png,1,1749,train,positive
/root/autodl-tmp/qkzhang/cqt_v2/dataset_images_PM_noisy_cqt/lensed/pos_1751.png,1,1751,train,positive
/root/autodl-tmp/qkzhang/cqt_v2/dataset_images_PM_noisy_cqt/lensed/pos_1752.png,1,1752,train,positive
/root/autodl-tmp/qkzhang/cqt_v2/dataset_images_PM_noisy_cqt/lensed/pos_1754.png,1,1754,train,positive
/root/autodl-tmp/qkzhang/cqt_v2/dataset_images_PM_noisy_cqt/lensed/pos_1755.png,1,1755,train,positive
/root/autodl-tmp/qkzhang/cqt_v2/dataset_images_PM_noisy_cqt/lensed/pos_1756.png,1,1756,train,positive
/root/autodl-tmp/qkzhang/cqt_v2/dataset_images_PM_noisy_cqt/lensed/pos_1757.png,1,1757,train,positive
/root/autodl-tmp/qkzhang/cqt_v2/dataset_images_PM_noisy_cqt/lensed/pos_1758.png,1,1758,train,positive
/root/autodl-tmp/qkzhang/cqt_v2/dataset_images_PM_noisy_cqt/lensed/pos_1759.png,1,1759,train,positive
/root/autodl-tmp/qkzhang/cqt_v2/dataset_images_PM_noisy_cqt/lensed/pos_1760.png,1,1760,train,positive
/root/autodl-tmp/qkzhang/cqt_v2/dataset_images_PM_noisy_cqt/lensed/pos_1761.png,1,1761,train,positive
/root/autodl-tmp/qkzhang/cqt_v2/dataset_images_PM_noisy_cqt/lensed/pos_1762.png,1,1762,train,positive
/root/autodl-tmp/qkzhang/cqt_v2/dataset_images_PM_noisy_cqt/lensed/pos_1764.png,1,1764,train,positive
/root/autodl-tmp/qkzhang/cqt_v2/dataset_images_PM_noisy_cqt/lensed/pos_1765.png,1,1765,train,positive
/root/autodl-tmp/qkzhang/cqt_v2/dataset_images_PM_noisy_cqt/lensed/pos_1766.png,1,1766,train,positive
/root/autodl-tmp/qkzhang/cqt_v2/dataset_images_PM_noisy_cqt/lensed/pos_1767.png,1,1767,train,positive
/root/autodl-tmp/qkzhang/cqt_v2/dataset_images_PM_noisy_cqt/lensed/pos_1768.png,1,1768,train,positive
/root/autodl-tmp/qkzhang/cqt_v2/dataset_images_PM_noisy_cqt/lensed/pos_1769.png,1,1769,train,positive
/root/autodl-tmp/qkzhang/cqt_v2/dataset_images_PM_noisy_cqt/lensed/pos_1770.png,1,1770,train,positive
/root/autodl-tmp/qkzhang/cqt_v2/dataset_images_PM_noisy_cqt/lensed/pos_1772.png,1,1772,train,positive
/root/autodl-tmp/qkzhang/cqt_v2/dataset_images_PM_noisy_cqt/lensed/pos_1773.png,1,1773,train,positive
/root/autodl-tmp/qkzhang/cqt_v2/dataset_images_PM_noisy_cqt/lensed/pos_1774.png,1,1774,train,positive
/root/autodl-tmp/qkzhang/cqt_v2/dataset_images_PM_noisy_cqt/lensed/pos_1775.png,1,1775,train,positive
/root/autodl-tmp/qkzhang/cqt_v2/dataset_images_PM_noisy_cqt/lensed/pos_1776.png,1,1776,train,positive
/root/autodl-tmp/qkzhang/cqt_v2/dataset_images_PM_noisy_cqt/lensed/pos_1777.png,1,1777,train,positive
/root/autodl-tmp/qkzhang/cqt_v2/dataset_images_PM_noisy_cqt/lensed/pos_1778.png,1,1778,train,positive
/root/autodl-tmp/qkzhang/cqt_v2/dataset_images_PM_noisy_cqt/lensed/pos_1779.png,1,1779,train,positive
/root/autodl-tmp/qkzhang/cqt_v2/dataset_images_PM_noisy_cqt/lensed/pos_1780.png,1,1780,train,positive
/root/autodl-tmp/qkzhang/cqt_v2/dataset_images_PM_noisy_cqt/lensed/pos_1781.png,1,1781,train,positive
/root/autodl-tmp/qkzhang/cqt_v2/dataset_images_PM_noisy_cqt/lensed/pos_1782.png,1,1782,train,positive
/root/autodl-tmp/qkzhang/cqt_v2/dataset_images_PM_noisy_cqt/lensed/pos_1783.png,1,1783,train,positive
/root/autodl-tmp/qkzhang/cqt_v2/dataset_images_PM_noisy_cqt/lensed/pos_1784.png,1,1784,train,positive
/root/autodl-tmp/qkzhang/cqt_v2/dataset_images_PM_noisy_cqt/lensed/pos_1786.png,1,1786,train,positive
/root/autodl-tmp/qkzhang/cqt_v2/dataset_images_PM_noisy_cqt/lensed/pos_1787.png,1,1787,train,positive
/root/autodl-tmp/qkzhang/cqt_v2/dataset_images_PM_noisy_cqt/lensed/pos_1788.png,1,1788,train,positive
/root/autodl-tmp/qkzhang/cqt_v2/dataset_images_PM_noisy_cqt/lensed/pos_1789.png,1,1789,train,positive
/root/autodl-tmp/qkzhang/cqt_v2/dataset_images_PM_noisy_cqt/lensed/pos_1790.png,1,1790,train,positive
/root/autodl-tmp/qkzhang/cqt_v2/dataset_images_PM_noisy_cqt/lensed/pos_1791.png,1,1791,train,positive
/root/autodl-tmp/qkzhang/cqt_v2/dataset_images_PM_noisy_cqt/lensed/pos_1793.png,1,1793,train,positive
/root/autodl-tmp/qkzhang/cqt_v2/dataset_images_PM_noisy_cqt/lensed/pos_1794.png,1,1794,train,positive
/root/autodl-tmp/qkzhang/cqt_v2/dataset_images_PM_noisy_cqt/lensed/pos_1795.png,1,1795,train,positive
/root/autodl-tmp/qkzhang/cqt_v2/dataset_images_PM_noisy_cqt/lensed/pos_1796.png,1,1796,train,positive
/root/autodl-tmp/qkzhang/cqt_v2/dataset_images_PM_noisy_cqt/lensed/pos_1798.png,1,1798,train,positive
/root/autodl-tmp/qkzhang/cqt_v2/dataset_images_PM_noisy_cqt/lensed/pos_1799.png,1,1799,train,positive
/root/autodl-tmp/qkzhang/cqt_v2/dataset_images_PM_noisy_cqt/lensed/pos_1800.png,1,1800,train,positive
/root/autodl-tmp/qkzhang/cqt_v2/dataset_images_PM_noisy_cqt/lensed/pos_1801.png,1,1801,train,positive
/root/autodl-tmp/qkzhang/cqt_v2/dataset_images_PM_noisy_cqt/lensed/pos_1802.png,1,1802,train,positive
/root/autodl-tmp/qkzhang/cqt_v2/dataset_images_PM_noisy_cqt/lensed/pos_1803.png,1,1803,train,positive
/root/autodl-tmp/qkzhang/cqt_v2/dataset_images_PM_noisy_cqt/lensed/pos_1804.png,1,1804,train,positive
/root/autodl-tmp/qkzhang/cqt_v2/dataset_images_PM_noisy_cqt/lensed/pos_1805.png,1,1805,train,positive
/root/autodl-tmp/qkzhang/cqt_v2/dataset_images_PM_noisy_cqt/lensed/pos_1806.png,1,1806,train,positive
/root/autodl-tmp/qkzhang/cqt_v2/dataset_images_PM_noisy_cqt/lensed/pos_1808.png,1,1808,train,positive
/root/autodl-tmp/qkzhang/cqt_v2/dataset_images_PM_noisy_cqt/lensed/pos_1813.png,1,1813,train,positive
/root/autodl-tmp/qkzhang/cqt_v2/dataset_images_PM_noisy_cqt/lensed/pos_1814.png,1,1814,train,positive
/root/autodl-tmp/qkzhang/cqt_v2/dataset_images_PM_noisy_cqt/lensed/pos_1815.png,1,1815,train,positive
/root/autodl-tmp/qkzhang/cqt_v2/dataset_images_PM_noisy_cqt/lensed/pos_1817.png,1,1817,train,positive
/root/autodl-tmp/qkzhang/cqt_v2/dataset_images_PM_noisy_cqt/lensed/pos_1818.png,1,1818,train,positive
/root/autodl-tmp/qkzhang/cqt_v2/dataset_images_PM_noisy_cqt/lensed/pos_1821.png,1,1821,train,positive
/root/autodl-tmp/qkzhang/cqt_v2/dataset_images_PM_noisy_cqt/lensed/pos_1823.png,1,1823,train,positive
/root/autodl-tmp/qkzhang/cqt_v2/dataset_images_PM_noisy_cqt/lensed/pos_1825.png,1,1825,train,positive
/root/autodl-tmp/qkzhang/cqt_v2/dataset_images_PM_noisy_cqt/lensed/pos_1826.png,1,1826,train,positive
/root/autodl-tmp/qkzhang/cqt_v2/dataset_images_PM_noisy_cqt/lensed/pos_1827.png,1,1827,train,positive
/root/autodl-tmp/qkzhang/cqt_v2/dataset_images_PM_noisy_cqt/lensed/pos_1828.png,1,1828,train,positive
/root/autodl-tmp/qkzhang/cqt_v2/dataset_images_PM_noisy_cqt/lensed/pos_1829.png,1,1829,train,positive
/root/autodl-tmp/qkzhang/cqt_v2/dataset_images_PM_noisy_cqt/lensed/pos_1830.png,1,1830,train,positive
/root/autodl-tmp/qkzhang/cqt_v2/dataset_images_PM_noisy_cqt/lensed/pos_1831.png,1,1831,train,positive
/root/autodl-tmp/qkzhang/cqt_v2/dataset_images_PM_noisy_cqt/lensed/pos_1833.png,1,1833,train,positive
/root/autodl-tmp/qkzhang/cqt_v2/dataset_images_PM_noisy_cqt/lensed/pos_1834.png,1,1834,train,positive
/root/autodl-tmp/qkzhang/cqt_v2/dataset_images_PM_noisy_cqt/lensed/pos_1835.png,1,1835,train,positive
/root/autodl-tmp/qkzhang/cqt_v2/dataset_images_PM_noisy_cqt/lensed/pos_1836.png,1,1836,train,positive
/root/autodl-tmp/qkzhang/cqt_v2/dataset_images_PM_noisy_cqt/lensed/pos_1837.png,1,1837,train,positive
/root/autodl-tmp/qkzhang/cqt_v2/dataset_images_PM_noisy_cqt/lensed/pos_1838.png,1,1838,train,positive
/root/autodl-tmp/qkzhang/cqt_v2/dataset_images_PM_noisy_cqt/lensed/pos_1840.png,1,1840,train,positive
/root/autodl-tmp/qkzhang/cqt_v2/dataset_images_PM_noisy_cqt/lensed/pos_1841.png,1,1841,train,positive
/root/autodl-tmp/qkzhang/cqt_v2/dataset_images_PM_noisy_cqt/lensed/pos_1843.png,1,1843,train,positive
/root/autodl-tmp/qkzhang/cqt_v2/dataset_images_PM_noisy_cqt/lensed/pos_1844.png,1,1844,train,positive
/root/autodl-tmp/qkzhang/cqt_v2/dataset_images_PM_noisy_cqt/lensed/pos_1845.png,1,1845,train,positive
/root/autodl-tmp/qkzhang/cqt_v2/dataset_images_PM_noisy_cqt/lensed/pos_1847.png,1,1847,train,positive
/root/autodl-tmp/qkzhang/cqt_v2/dataset_images_PM_noisy_cqt/lensed/pos_1848.png,1,1848,train,positive
/root/autodl-tmp/qkzhang/cqt_v2/dataset_images_PM_noisy_cqt/lensed/pos_1849.png,1,1849,train,positive
/root/autodl-tmp/qkzhang/cqt_v2/dataset_images_PM_noisy_cqt/lensed/pos_1850.png,1,1850,train,positive
/root/autodl-tmp/qkzhang/cqt_v2/dataset_images_PM_noisy_cqt/lensed/pos_1851.png,1,1851,train,positive
/root/autodl-tmp/qkzhang/cqt_v2/dataset_images_PM_noisy_cqt/lensed/pos_1853.png,1,1853,train,positive
/root/autodl-tmp/qkzhang/cqt_v2/dataset_images_PM_noisy_cqt/lensed/pos_1854.png,1,1854,train,positive
/root/autodl-tmp/qkzhang/cqt_v2/dataset_images_PM_noisy_cqt/lensed/pos_1856.png,1,1856,train,positive
/root/autodl-tmp/qkzhang/cqt_v2/dataset_images_PM_noisy_cqt/lensed/pos_1857.png,1,1857,train,positive
/root/autodl-tmp/qkzhang/cqt_v2/dataset_images_PM_noisy_cqt/lensed/pos_1859.png,1,1859,train,positive
/root/autodl-tmp/qkzhang/cqt_v2/dataset_images_PM_noisy_cqt/lensed/pos_1862.png,1,1862,train,positive
/root/autodl-tmp/qkzhang/cqt_v2/dataset_images_PM_noisy_cqt/lensed/pos_1863.png,1,1863,train,positive
/root/autodl-tmp/qkzhang/cqt_v2/dataset_images_PM_noisy_cqt/lensed/pos_1865.png,1,1865,train,positive
/root/autodl-tmp/qkzhang/cqt_v2/dataset_images_PM_noisy_cqt/lensed/pos_1866.png,1,1866,train,positive
/root/autodl-tmp/qkzhang/cqt_v2/dataset_images_PM_noisy_cqt/lensed/pos_1867.png,1,1867,train,positive
/root/autodl-tmp/qkzhang/cqt_v2/dataset_images_PM_noisy_cqt/lensed/pos_1868.png,1,1868,train,positive
/root/autodl-tmp/qkzhang/cqt_v2/dataset_images_PM_noisy_cqt/lensed/pos_1869.png,1,1869,train,positive
/root/autodl-tmp/qkzhang/cqt_v2/dataset_images_PM_noisy_cqt/lensed/pos_1870.png,1,1870,train,positive
/root/autodl-tmp/qkzhang/cqt_v2/dataset_images_PM_noisy_cqt/lensed/pos_1871.png,1,1871,train,positive
/root/autodl-tmp/qkzhang/cqt_v2/dataset_images_PM_noisy_cqt/lensed/pos_1873.png,1,1873,train,positive
/root/autodl-tmp/qkzhang/cqt_v2/dataset_images_PM_noisy_cqt/lensed/pos_1874.png,1,1874,train,positive
/root/autodl-tmp/qkzhang/cqt_v2/dataset_images_PM_noisy_cqt/lensed/pos_1875.png,1,1875,train,positive
/root/autodl-tmp/qkzhang/cqt_v2/dataset_images_PM_noisy_cqt/lensed/pos_1877.png,1,1877,train,positive
/root/autodl-tmp/qkzhang/cqt_v2/dataset_images_PM_noisy_cqt/lensed/pos_1878.png,1,1878,train,positive
/root/autodl-tmp/qkzhang/cqt_v2/dataset_images_PM_noisy_cqt/lensed/pos_1880.png,1,1880,train,positive
/root/autodl-tmp/qkzhang/cqt_v2/dataset_images_PM_noisy_cqt/lensed/pos_1881.png,1,1881,train,positive
/root/autodl-tmp/qkzhang/cqt_v2/dataset_images_PM_noisy_cqt/lensed/pos_1883.png,1,1883,train,positive
/root/autodl-tmp/qkzhang/cqt_v2/dataset_images_PM_noisy_cqt/lensed/pos_1884.png,1,1884,train,positive
/root/autodl-tmp/qkzhang/cqt_v2/dataset_images_PM_noisy_cqt/lensed/pos_1885.png,1,1885,train,positive
/root/autodl-tmp/qkzhang/cqt_v2/dataset_images_PM_noisy_cqt/lensed/pos_1886.png,1,1886,train,positive
/root/autodl-tmp/qkzhang/cqt_v2/dataset_images_PM_noisy_cqt/lensed/pos_1887.png,1,1887,train,positive
/root/autodl-tmp/qkzhang/cqt_v2/dataset_images_PM_noisy_cqt/lensed/pos_1888.png,1,1888,train,positive
/root/autodl-tmp/qkzhang/cqt_v2/dataset_images_PM_noisy_cqt/lensed/pos_1889.png,1,1889,train,positive
/root/autodl-tmp/qkzhang/cqt_v2/dataset_images_PM_noisy_cqt/lensed/pos_1891.png,1,1891,train,positive
/root/autodl-tmp/qkzhang/cqt_v2/dataset_images_PM_noisy_cqt/lensed/pos_1892.png,1,1892,train,positive
/root/autodl-tmp/qkzhang/cqt_v2/dataset_images_PM_noisy_cqt/lensed/pos_1893.png,1,1893,train,positive
/root/autodl-tmp/qkzhang/cqt_v2/dataset_images_PM_noisy_cqt/lensed/pos_1894.png,1,1894,train,positive
/root/autodl-tmp/qkzhang/cqt_v2/dataset_images_PM_noisy_cqt/lensed/pos_1895.png,1,1895,train,positive
/root/autodl-tmp/qkzhang/cqt_v2/dataset_images_PM_noisy_cqt/lensed/pos_1896.png,1,1896,train,positive
/root/autodl-tmp/qkzhang/cqt_v2/dataset_images_PM_noisy_cqt/lensed/pos_1898.png,1,1898,train,positive
/root/autodl-tmp/qkzhang/cqt_v2/dataset_images_PM_noisy_cqt/lensed/pos_1899.png,1,1899,train,positive
/root/autodl-tmp/qkzhang/cqt_v2/dataset_images_PM_noisy_cqt/lensed/pos_1900.png,1,1900,train,positive
/root/autodl-tmp/qkzhang/cqt_v2/dataset_images_PM_noisy_cqt/lensed/pos_1901.png,1,1901,train,positive
/root/autodl-tmp/qkzhang/cqt_v2/dataset_images_PM_noisy_cqt/lensed/pos_1902.png,1,1902,train,positive
/root/autodl-tmp/qkzhang/cqt_v2/dataset_images_PM_noisy_cqt/lensed/pos_1903.png,1,1903,train,positive
/root/autodl-tmp/qkzhang/cqt_v2/dataset_images_PM_noisy_cqt/lensed/pos_1904.png,1,1904,train,positive
/root/autodl-tmp/qkzhang/cqt_v2/dataset_images_PM_noisy_cqt/lensed/pos_1905.png,1,1905,train,positive
/root/autodl-tmp/qkzhang/cqt_v2/dataset_images_PM_noisy_cqt/lensed/pos_1907.png,1,1907,train,positive
/root/autodl-tmp/qkzhang/cqt_v2/dataset_images_PM_noisy_cqt/lensed/pos_1908.png,1,1908,train,positive
/root/autodl-tmp/qkzhang/cqt_v2/dataset_images_PM_noisy_cqt/lensed/pos_1909.png,1,1909,train,positive
/root/autodl-tmp/qkzhang/cqt_v2/dataset_images_PM_noisy_cqt/lensed/pos_1910.png,1,1910,train,positive
/root/autodl-tmp/qkzhang/cqt_v2/dataset_images_PM_noisy_cqt/lensed/pos_1911.png,1,1911,train,positive
/root/autodl-tmp/qkzhang/cqt_v2/dataset_images_PM_noisy_cqt/lensed/pos_1912.png,1,1912,train,positive
/root/autodl-tmp/qkzhang/cqt_v2/dataset_images_PM_noisy_cqt/lensed/pos_1913.png,1,1913,train,positive
/root/autodl-tmp/qkzhang/cqt_v2/dataset_images_PM_noisy_cqt/lensed/pos_1918.png,1,1918,train,positive
/root/autodl-tmp/qkzhang/cqt_v2/dataset_images_PM_noisy_cqt/lensed/pos_1921.png,1,1921,train,positive
/root/autodl-tmp/qkzhang/cqt_v2/dataset_images_PM_noisy_cqt/lensed/pos_1923.png,1,1923,train,positive
/root/autodl-tmp/qkzhang/cqt_v2/dataset_images_PM_noisy_cqt/lensed/pos_1924.png,1,1924,train,positive
/root/autodl-tmp/qkzhang/cqt_v2/dataset_images_PM_noisy_cqt/lensed/pos_1925.png,1,1925,train,positive
/root/autodl-tmp/qkzhang/cqt_v2/dataset_images_PM_noisy_cqt/lensed/pos_1926.png,1,1926,train,positive
/root/autodl-tmp/qkzhang/cqt_v2/dataset_images_PM_noisy_cqt/lensed/pos_1927.png,1,1927,train,positive
/root/autodl-tmp/qkzhang/cqt_v2/dataset_images_PM_noisy_cqt/lensed/pos_1928.png,1,1928,train,positive
/root/autodl-tmp/qkzhang/cqt_v2/dataset_images_PM_noisy_cqt/lensed/pos_1929.png,1,1929,train,positive
/root/autodl-tmp/qkzhang/cqt_v2/dataset_images_PM_noisy_cqt/lensed/pos_1930.png,1,1930,train,positive
/root/autodl-tmp/qkzhang/cqt_v2/dataset_images_PM_noisy_cqt/lensed/pos_1932.png,1,1932,train,positive
/root/autodl-tmp/qkzhang/cqt_v2/dataset_images_PM_noisy_cqt/lensed/pos_1935.png,1,1935,train,positive
/root/autodl-tmp/qkzhang/cqt_v2/dataset_images_PM_noisy_cqt/lensed/pos_1936.png,1,1936,train,positive
/root/autodl-tmp/qkzhang/cqt_v2/dataset_images_PM_noisy_cqt/lensed/pos_1938.png,1,1938,train,positive
/root/autodl-tmp/qkzhang/cqt_v2/dataset_images_PM_noisy_cqt/lensed/pos_1939.png,1,1939,train,positive
/root/autodl-tmp/qkzhang/cqt_v2/dataset_images_PM_noisy_cqt/lensed/pos_1941.png,1,1941,train,positive
/root/autodl-tmp/qkzhang/cqt_v2/dataset_images_PM_noisy_cqt/lensed/pos_1943.png,1,1943,train,positive
/root/autodl-tmp/qkzhang/cqt_v2/dataset_images_PM_noisy_cqt/lensed/pos_1944.png,1,1944,train,positive
/root/autodl-tmp/qkzhang/cqt_v2/dataset_images_PM_noisy_cqt/lensed/pos_1945.png,1,1945,train,positive
/root/autodl-tmp/qkzhang/cqt_v2/dataset_images_PM_noisy_cqt/lensed/pos_1948.png,1,1948,train,positive
/root/autodl-tmp/qkzhang/cqt_v2/dataset_images_PM_noisy_cqt/lensed/pos_1949.png,1,1949,train,positive
/root/autodl-tmp/qkzhang/cqt_v2/dataset_images_PM_noisy_cqt/lensed/pos_1950.png,1,1950,train,positive
/root/autodl-tmp/qkzhang/cqt_v2/dataset_images_PM_noisy_cqt/lensed/pos_1951.png,1,1951,train,positive
/root/autodl-tmp/qkzhang/cqt_v2/dataset_images_PM_noisy_cqt/lensed/pos_1952.png,1,1952,train,positive
/root/autodl-tmp/qkzhang/cqt_v2/dataset_images_PM_noisy_cqt/lensed/pos_1953.png,1,1953,train,positive
/root/autodl-tmp/qkzhang/cqt_v2/dataset_images_PM_noisy_cqt/lensed/pos_1954.png,1,1954,train,positive
/root/autodl-tmp/qkzhang/cqt_v2/dataset_images_PM_noisy_cqt/lensed/pos_1955.png,1,1955,train,positive
/root/autodl-tmp/qkzhang/cqt_v2/dataset_images_PM_noisy_cqt/lensed/pos_1956.png,1,1956,train,positive
/root/autodl-tmp/qkzhang/cqt_v2/dataset_images_PM_noisy_cqt/lensed/pos_1957.png,1,1957,train,positive
/root/autodl-tmp/qkzhang/cqt_v2/dataset_images_PM_noisy_cqt/lensed/pos_1958.png,1,1958,train,positive
/root/autodl-tmp/qkzhang/cqt_v2/dataset_images_PM_noisy_cqt/lensed/pos_1960.png,1,1960,train,positive
/root/autodl-tmp/qkzhang/cqt_v2/dataset_images_PM_noisy_cqt/lensed/pos_1961.png,1,1961,train,positive
/root/autodl-tmp/qkzhang/cqt_v2/dataset_images_PM_noisy_cqt/lensed/pos_1962.png,1,1962,train,positive
/root/autodl-tmp/qkzhang/cqt_v2/dataset_images_PM_noisy_cqt/lensed/pos_1963.png,1,1963,train,positive
/root/autodl-tmp/qkzhang/cqt_v2/dataset_images_PM_noisy_cqt/lensed/pos_1964.png,1,1964,train,positive
/root/autodl-tmp/qkzhang/cqt_v2/dataset_images_PM_noisy_cqt/lensed/pos_1967.png,1,1967,train,positive
/root/autodl-tmp/qkzhang/cqt_v2/dataset_images_PM_noisy_cqt/lensed/pos_1968.png,1,1968,train,positive
/root/autodl-tmp/qkzhang/cqt_v2/dataset_images_PM_noisy_cqt/lensed/pos_1969.png,1,1969,train,positive
/root/autodl-tmp/qkzhang/cqt_v2/dataset_images_PM_noisy_cqt/lensed/pos_1970.png,1,1970,train,positive
/root/autodl-tmp/qkzhang/cqt_v2/dataset_images_PM_noisy_cqt/lensed/pos_1974.png,1,1974,train,positive
/root/autodl-tmp/qkzhang/cqt_v2/dataset_images_PM_noisy_cqt/lensed/pos_1975.png,1,1975,train,positive
/root/autodl-tmp/qkzhang/cqt_v2/dataset_images_PM_noisy_cqt/lensed/pos_1977.png,1,1977,train,positive
/root/autodl-tmp/qkzhang/cqt_v2/dataset_images_PM_noisy_cqt/lensed/pos_1978.png,1,1978,train,positive
/root/autodl-tmp/qkzhang/cqt_v2/dataset_images_PM_noisy_cqt/lensed/pos_1980.png,1,1980,train,positive
/root/autodl-tmp/qkzhang/cqt_v2/dataset_images_PM_noisy_cqt/lensed/pos_1981.png,1,1981,train,positive
/root/autodl-tmp/qkzhang/cqt_v2/dataset_images_PM_noisy_cqt/lensed/pos_1982.png,1,1982,train,positive
/root/autodl-tmp/qkzhang/cqt_v2/dataset_images_PM_noisy_cqt/lensed/pos_1983.png,1,1983,train,positive
/root/autodl-tmp/qkzhang/cqt_v2/dataset_images_PM_noisy_cqt/lensed/pos_1984.png,1,1984,train,positive
/root/autodl-tmp/qkzhang/cqt_v2/dataset_images_PM_noisy_cqt/lensed/pos_1986.png,1,1986,train,positive
/root/autodl-tmp/qkzhang/cqt_v2/dataset_images_PM_noisy_cqt/lensed/pos_1987.png,1,1987,train,positive
/root/autodl-tmp/qkzhang/cqt_v2/dataset_images_PM_noisy_cqt/lensed/pos_1988.png,1,1988,train,positive
/root/autodl-tmp/qkzhang/cqt_v2/dataset_images_PM_noisy_cqt/lensed/pos_1989.png,1,1989,train,positive
/root/autodl-tmp/qkzhang/cqt_v2/dataset_images_PM_noisy_cqt/lensed/pos_1991.png,1,1991,train,positive
/root/autodl-tmp/qkzhang/cqt_v2/dataset_images_PM_noisy_cqt/lensed/pos_1992.png,1,1992,train,positive
/root/autodl-tmp/qkzhang/cqt_v2/dataset_images_PM_noisy_cqt/lensed/pos_1993.png,1,1993,train,positive
/root/autodl-tmp/qkzhang/cqt_v2/dataset_images_PM_noisy_cqt/lensed/pos_1994.png,1,1994,train,positive
/root/autodl-tmp/qkzhang/cqt_v2/dataset_images_PM_noisy_cqt/lensed/pos_1995.png,1,1995,train,positive
/root/autodl-tmp/qkzhang/cqt_v2/dataset_images_PM_noisy_cqt/lensed/pos_1997.png,1,1997,train,positive
/root/autodl-tmp/qkzhang/cqt_v2/dataset_images_PM_noisy_cqt/lensed/pos_1998.png,1,1998,train,positive
/root/autodl-tmp/qkzhang/cqt_v2/dataset_images_PM_noisy_cqt/lensed/pos_2002.png,1,2002,train,positive
/root/autodl-tmp/qkzhang/cqt_v2/dataset_images_PM_noisy_cqt/lensed/pos_2003.png,1,2003,train,positive
/root/autodl-tmp/qkzhang/cqt_v2/dataset_images_PM_noisy_cqt/lensed/pos_2007.png,1,2007,train,positive
/root/autodl-tmp/qkzhang/cqt_v2/dataset_images_PM_noisy_cqt/lensed/pos_2008.png,1,2008,train,positive
/root/autodl-tmp/qkzhang/cqt_v2/dataset_images_PM_noisy_cqt/lensed/pos_2010.png,1,2010,train,positive
/root/autodl-tmp/qkzhang/cqt_v2/dataset_images_PM_noisy_cqt/lensed/pos_2011.png,1,2011,train,positive
/root/autodl-tmp/qkzhang/cqt_v2/dataset_images_PM_noisy_cqt/lensed/pos_2012.png,1,2012,train,positive
/root/autodl-tmp/qkzhang/cqt_v2/dataset_images_PM_noisy_cqt/lensed/pos_2013.png,1,2013,train,positive
/root/autodl-tmp/qkzhang/cqt_v2/dataset_images_PM_noisy_cqt/lensed/pos_2014.png,1,2014,train,positive
/root/autodl-tmp/qkzhang/cqt_v2/dataset_images_PM_noisy_cqt/lensed/pos_2015.png,1,2015,train,positive
/root/autodl-tmp/qkzhang/cqt_v2/dataset_images_PM_noisy_cqt/lensed/pos_2018.png,1,2018,train,positive
/root/autodl-tmp/qkzhang/cqt_v2/dataset_images_PM_noisy_cqt/lensed/pos_2019.png,1,2019,train,positive
/root/autodl-tmp/qkzhang/cqt_v2/dataset_images_PM_noisy_cqt/lensed/pos_2020.png,1,2020,train,positive
/root/autodl-tmp/qkzhang/cqt_v2/dataset_images_PM_noisy_cqt/lensed/pos_2021.png,1,2021,train,positive
/root/autodl-tmp/qkzhang/cqt_v2/dataset_images_PM_noisy_cqt/lensed/pos_2022.png,1,2022,train,positive
/root/autodl-tmp/qkzhang/cqt_v2/dataset_images_PM_noisy_cqt/lensed/pos_2024.png,1,2024,train,positive
/root/autodl-tmp/qkzhang/cqt_v2/dataset_images_PM_noisy_cqt/lensed/pos_2025.png,1,2025,train,positive
/root/autodl-tmp/qkzhang/cqt_v2/dataset_images_PM_noisy_cqt/lensed/pos_2026.png,1,2026,train,positive
/root/autodl-tmp/qkzhang/cqt_v2/dataset_images_PM_noisy_cqt/lensed/pos_2027.png,1,2027,train,positive
/root/autodl-tmp/qkzhang/cqt_v2/dataset_images_PM_noisy_cqt/lensed/pos_2028.png,1,2028,train,positive
/root/autodl-tmp/qkzhang/cqt_v2/dataset_images_PM_noisy_cqt/lensed/pos_2029.png,1,2029,train,positive
/root/autodl-tmp/qkzhang/cqt_v2/dataset_images_PM_noisy_cqt/lensed/pos_2030.png,1,2030,train,positive
/root/autodl-tmp/qkzhang/cqt_v2/dataset_images_PM_noisy_cqt/lensed/pos_2032.png,1,2032,train,positive
/root/autodl-tmp/qkzhang/cqt_v2/dataset_images_PM_noisy_cqt/lensed/pos_2033.png,1,2033,train,positive
/root/autodl-tmp/qkzhang/cqt_v2/dataset_images_PM_noisy_cqt/lensed/pos_2034.png,1,2034,train,positive
/root/autodl-tmp/qkzhang/cqt_v2/dataset_images_PM_noisy_cqt/lensed/pos_2035.png,1,2035,train,positive
/root/autodl-tmp/qkzhang/cqt_v2/dataset_images_PM_noisy_cqt/lensed/pos_2036.png,1,2036,train,positive
/root/autodl-tmp/qkzhang/cqt_v2/dataset_images_PM_noisy_cqt/lensed/pos_2037.png,1,2037,train,positive
/root/autodl-tmp/qkzhang/cqt_v2/dataset_images_PM_noisy_cqt/lensed/pos_2038.png,1,2038,train,positive
/root/autodl-tmp/qkzhang/cqt_v2/dataset_images_PM_noisy_cqt/lensed/pos_2039.png,1,2039,train,positive
/root/autodl-tmp/qkzhang/cqt_v2/dataset_images_PM_noisy_cqt/lensed/pos_2040.png,1,2040,train,positive
/root/autodl-tmp/qkzhang/cqt_v2/dataset_images_PM_noisy_cqt/lensed/pos_2042.png,1,2042,train,positive
/root/autodl-tmp/qkzhang/cqt_v2/dataset_images_PM_noisy_cqt/lensed/pos_2044.png,1,2044,train,positive
/root/autodl-tmp/qkzhang/cqt_v2/dataset_images_PM_noisy_cqt/lensed/pos_2046.png,1,2046,train,positive
/root/autodl-tmp/qkzhang/cqt_v2/dataset_images_PM_noisy_cqt/lensed/pos_2047.png,1,2047,train,positive
/root/autodl-tmp/qkzhang/cqt_v2/dataset_images_PM_noisy_cqt/lensed/pos_2050.png,1,2050,train,positive
/root/autodl-tmp/qkzhang/cqt_v2/dataset_images_PM_noisy_cqt/lensed/pos_2051.png,1,2051,train,positive
/root/autodl-tmp/qkzhang/cqt_v2/dataset_images_PM_noisy_cqt/lensed/pos_2052.png,1,2052,train,positive
/root/autodl-tmp/qkzhang/cqt_v2/dataset_images_PM_noisy_cqt/lensed/pos_2053.png,1,2053,train,positive
/root/autodl-tmp/qkzhang/cqt_v2/dataset_images_PM_noisy_cqt/lensed/pos_2054.png,1,2054,train,positive
/root/autodl-tmp/qkzhang/cqt_v2/dataset_images_PM_noisy_cqt/lensed/pos_2055.png,1,2055,train,positive
/root/autodl-tmp/qkzhang/cqt_v2/dataset_images_PM_noisy_cqt/lensed/pos_2056.png,1,2056,train,positive
/root/autodl-tmp/qkzhang/cqt_v2/dataset_images_PM_noisy_cqt/lensed/pos_2057.png,1,2057,train,positive
/root/autodl-tmp/qkzhang/cqt_v2/dataset_images_PM_noisy_cqt/lensed/pos_2058.png,1,2058,train,positive
/root/autodl-tmp/qkzhang/cqt_v2/dataset_images_PM_noisy_cqt/lensed/pos_2059.png,1,2059,train,positive
/root/autodl-tmp/qkzhang/cqt_v2/dataset_images_PM_noisy_cqt/lensed/pos_2060.png,1,2060,train,positive
/root/autodl-tmp/qkzhang/cqt_v2/dataset_images_PM_noisy_cqt/lensed/pos_2061.png,1,2061,train,positive
/root/autodl-tmp/qkzhang/cqt_v2/dataset_images_PM_noisy_cqt/lensed/pos_2062.png,1,2062,train,positive
/root/autodl-tmp/qkzhang/cqt_v2/dataset_images_PM_noisy_cqt/lensed/pos_2064.png,1,2064,train,positive
/root/autodl-tmp/qkzhang/cqt_v2/dataset_images_PM_noisy_cqt/lensed/pos_2066.png,1,2066,train,positive
/root/autodl-tmp/qkzhang/cqt_v2/dataset_images_PM_noisy_cqt/lensed/pos_2068.png,1,2068,train,positive
/root/autodl-tmp/qkzhang/cqt_v2/dataset_images_PM_noisy_cqt/lensed/pos_2069.png,1,2069,train,positive
/root/autodl-tmp/qkzhang/cqt_v2/dataset_images_PM_noisy_cqt/lensed/pos_2070.png,1,2070,train,positive
/root/autodl-tmp/qkzhang/cqt_v2/dataset_images_PM_noisy_cqt/lensed/pos_2071.png,1,2071,train,positive
/root/autodl-tmp/qkzhang/cqt_v2/dataset_images_PM_noisy_cqt/lensed/pos_2072.png,1,2072,train,positive
/root/autodl-tmp/qkzhang/cqt_v2/dataset_images_PM_noisy_cqt/lensed/pos_2073.png,1,2073,train,positive
/root/autodl-tmp/qkzhang/cqt_v2/dataset_images_PM_noisy_cqt/lensed/pos_2074.png,1,2074,train,positive
/root/autodl-tmp/qkzhang/cqt_v2/dataset_images_PM_noisy_cqt/lensed/pos_2075.png,1,2075,train,positive
/root/autodl-tmp/qkzhang/cqt_v2/dataset_images_PM_noisy_cqt/lensed/pos_2076.png,1,2076,train,positive
/root/autodl-tmp/qkzhang/cqt_v2/dataset_images_PM_noisy_cqt/lensed/pos_2077.png,1,2077,train,positive
/root/autodl-tmp/qkzhang/cqt_v2/dataset_images_PM_noisy_cqt/lensed/pos_2078.png,1,2078,train,positive
/root/autodl-tmp/qkzhang/cqt_v2/dataset_images_PM_noisy_cqt/lensed/pos_2079.png,1,2079,train,positive
/root/autodl-tmp/qkzhang/cqt_v2/dataset_images_PM_noisy_cqt/lensed/pos_2080.png,1,2080,train,positive
/root/autodl-tmp/qkzhang/cqt_v2/dataset_images_PM_noisy_cqt/lensed/pos_2081.png,1,2081,train,positive
/root/autodl-tmp/qkzhang/cqt_v2/dataset_images_PM_noisy_cqt/lensed/pos_2082.png,1,2082,train,positive
/root/autodl-tmp/qkzhang/cqt_v2/dataset_images_PM_noisy_cqt/lensed/pos_2083.png,1,2083,train,positive
/root/autodl-tmp/qkzhang/cqt_v2/dataset_images_PM_noisy_cqt/lensed/pos_2084.png,1,2084,train,positive
/root/autodl-tmp/qkzhang/cqt_v2/dataset_images_PM_noisy_cqt/lensed/pos_2085.png,1,2085,train,positive
/root/autodl-tmp/qkzhang/cqt_v2/dataset_images_PM_noisy_cqt/lensed/pos_2088.png,1,2088,train,positive
/root/autodl-tmp/qkzhang/cqt_v2/dataset_images_PM_noisy_cqt/lensed/pos_2089.png,1,2089,train,positive
/root/autodl-tmp/qkzhang/cqt_v2/dataset_images_PM_noisy_cqt/lensed/pos_2090.png,1,2090,train,positive
/root/autodl-tmp/qkzhang/cqt_v2/dataset_images_PM_noisy_cqt/lensed/pos_2091.png,1,2091,train,positive
/root/autodl-tmp/qkzhang/cqt_v2/dataset_images_PM_noisy_cqt/lensed/pos_2093.png,1,2093,train,positive
/root/autodl-tmp/qkzhang/cqt_v2/dataset_images_PM_noisy_cqt/lensed/pos_2094.png,1,2094,train,positive
/root/autodl-tmp/qkzhang/cqt_v2/dataset_images_PM_noisy_cqt/lensed/pos_2095.png,1,2095,train,positive
/root/autodl-tmp/qkzhang/cqt_v2/dataset_images_PM_noisy_cqt/lensed/pos_2096.png,1,2096,train,positive
/root/autodl-tmp/qkzhang/cqt_v2/dataset_images_PM_noisy_cqt/lensed/pos_2097.png,1,2097,train,positive
/root/autodl-tmp/qkzhang/cqt_v2/dataset_images_PM_noisy_cqt/lensed/pos_2098.png,1,2098,train,positive
/root/autodl-tmp/qkzhang/cqt_v2/dataset_images_PM_noisy_cqt/lensed/pos_2099.png,1,2099,train,positive
/root/autodl-tmp/qkzhang/cqt_v2/dataset_images_PM_noisy_cqt/lensed/pos_2101.png,1,2101,train,positive
/root/autodl-tmp/qkzhang/cqt_v2/dataset_images_PM_noisy_cqt/lensed/pos_2102.png,1,2102,train,positive
/root/autodl-tmp/qkzhang/cqt_v2/dataset_images_PM_noisy_cqt/lensed/pos_2103.png,1,2103,train,positive
/root/autodl-tmp/qkzhang/cqt_v2/dataset_images_PM_noisy_cqt/lensed/pos_2104.png,1,2104,train,positive
/root/autodl-tmp/qkzhang/cqt_v2/dataset_images_PM_noisy_cqt/lensed/pos_2105.png,1,2105,train,positive
/root/autodl-tmp/qkzhang/cqt_v2/dataset_images_PM_noisy_cqt/lensed/pos_2106.png,1,2106,train,positive
/root/autodl-tmp/qkzhang/cqt_v2/dataset_images_PM_noisy_cqt/lensed/pos_2108.png,1,2108,train,positive
/root/autodl-tmp/qkzhang/cqt_v2/dataset_images_PM_noisy_cqt/lensed/pos_2109.png,1,2109,train,positive
/root/autodl-tmp/qkzhang/cqt_v2/dataset_images_PM_noisy_cqt/lensed/pos_2110.png,1,2110,train,positive
/root/autodl-tmp/qkzhang/cqt_v2/dataset_images_PM_noisy_cqt/lensed/pos_2111.png,1,2111,train,positive
/root/autodl-tmp/qkzhang/cqt_v2/dataset_images_PM_noisy_cqt/lensed/pos_2112.png,1,2112,train,positive
/root/autodl-tmp/qkzhang/cqt_v2/dataset_images_PM_noisy_cqt/lensed/pos_2113.png,1,2113,train,positive
/root/autodl-tmp/qkzhang/cqt_v2/dataset_images_PM_noisy_cqt/lensed/pos_2114.png,1,2114,train,positive
/root/autodl-tmp/qkzhang/cqt_v2/dataset_images_PM_noisy_cqt/lensed/pos_2116.png,1,2116,train,positive
/root/autodl-tmp/qkzhang/cqt_v2/dataset_images_PM_noisy_cqt/lensed/pos_2117.png,1,2117,train,positive
/root/autodl-tmp/qkzhang/cqt_v2/dataset_images_PM_noisy_cqt/lensed/pos_2118.png,1,2118,train,positive
/root/autodl-tmp/qkzhang/cqt_v2/dataset_images_PM_noisy_cqt/lensed/pos_2119.png,1,2119,train,positive
/root/autodl-tmp/qkzhang/cqt_v2/dataset_images_PM_noisy_cqt/lensed/pos_2124.png,1,2124,train,positive
/root/autodl-tmp/qkzhang/cqt_v2/dataset_images_PM_noisy_cqt/lensed/pos_2125.png,1,2125,train,positive
/root/autodl-tmp/qkzhang/cqt_v2/dataset_images_PM_noisy_cqt/lensed/pos_2126.png,1,2126,train,positive
/root/autodl-tmp/qkzhang/cqt_v2/dataset_images_PM_noisy_cqt/lensed/pos_2128.png,1,2128,train,positive
/root/autodl-tmp/qkzhang/cqt_v2/dataset_images_PM_noisy_cqt/lensed/pos_2129.png,1,2129,train,positive
/root/autodl-tmp/qkzhang/cqt_v2/dataset_images_PM_noisy_cqt/lensed/pos_2130.png,1,2130,train,positive
/root/autodl-tmp/qkzhang/cqt_v2/dataset_images_PM_noisy_cqt/lensed/pos_2131.png,1,2131,train,positive
/root/autodl-tmp/qkzhang/cqt_v2/dataset_images_PM_noisy_cqt/lensed/pos_2132.png,1,2132,train,positive
/root/autodl-tmp/qkzhang/cqt_v2/dataset_images_PM_noisy_cqt/lensed/pos_2133.png,1,2133,train,positive
/root/autodl-tmp/qkzhang/cqt_v2/dataset_images_PM_noisy_cqt/lensed/pos_2134.png,1,2134,train,positive
/root/autodl-tmp/qkzhang/cqt_v2/dataset_images_PM_noisy_cqt/lensed/pos_2135.png,1,2135,train,positive
/root/autodl-tmp/qkzhang/cqt_v2/dataset_images_PM_noisy_cqt/lensed/pos_2136.png,1,2136,train,positive
/root/autodl-tmp/qkzhang/cqt_v2/dataset_images_PM_noisy_cqt/lensed/pos_2137.png,1,2137,train,positive
/root/autodl-tmp/qkzhang/cqt_v2/dataset_images_PM_noisy_cqt/lensed/pos_2138.png,1,2138,train,positive
/root/autodl-tmp/qkzhang/cqt_v2/dataset_images_PM_noisy_cqt/lensed/pos_2139.png,1,2139,train,positive
/root/autodl-tmp/qkzhang/cqt_v2/dataset_images_PM_noisy_cqt/lensed/pos_2140.png,1,2140,train,positive
/root/autodl-tmp/qkzhang/cqt_v2/dataset_images_PM_noisy_cqt/lensed/pos_2141.png,1,2141,train,positive
/root/autodl-tmp/qkzhang/cqt_v2/dataset_images_PM_noisy_cqt/lensed/pos_2143.png,1,2143,train,positive
/root/autodl-tmp/qkzhang/cqt_v2/dataset_images_PM_noisy_cqt/lensed/pos_2144.png,1,2144,train,positive
/root/autodl-tmp/qkzhang/cqt_v2/dataset_images_PM_noisy_cqt/lensed/pos_2146.png,1,2146,train,positive
/root/autodl-tmp/qkzhang/cqt_v2/dataset_images_PM_noisy_cqt/lensed/pos_2147.png,1,2147,train,positive
/root/autodl-tmp/qkzhang/cqt_v2/dataset_images_PM_noisy_cqt/lensed/pos_2148.png,1,2148,train,positive
/root/autodl-tmp/qkzhang/cqt_v2/dataset_images_PM_noisy_cqt/lensed/pos_2149.png,1,2149,train,positive
/root/autodl-tmp/qkzhang/cqt_v2/dataset_images_PM_noisy_cqt/lensed/pos_2150.png,1,2150,train,positive
/root/autodl-tmp/qkzhang/cqt_v2/dataset_images_PM_noisy_cqt/lensed/pos_2151.png,1,2151,train,positive
/root/autodl-tmp/qkzhang/cqt_v2/dataset_images_PM_noisy_cqt/lensed/pos_2152.png,1,2152,train,positive
/root/autodl-tmp/qkzhang/cqt_v2/dataset_images_PM_noisy_cqt/lensed/pos_2153.png,1,2153,train,positive
/root/autodl-tmp/qkzhang/cqt_v2/dataset_images_PM_noisy_cqt/lensed/pos_2154.png,1,2154,train,positive
/root/autodl-tmp/qkzhang/cqt_v2/dataset_images_PM_noisy_cqt/lensed/pos_2155.png,1,2155,train,positive
/root/autodl-tmp/qkzhang/cqt_v2/dataset_images_PM_noisy_cqt/lensed/pos_2156.png,1,2156,train,positive
/root/autodl-tmp/qkzhang/cqt_v2/dataset_images_PM_noisy_cqt/lensed/pos_2158.png,1,2158,train,positive
/root/autodl-tmp/qkzhang/cqt_v2/dataset_images_PM_noisy_cqt/lensed/pos_2159.png,1,2159,train,positive
/root/autodl-tmp/qkzhang/cqt_v2/dataset_images_PM_noisy_cqt/lensed/pos_2161.png,1,2161,train,positive
/root/autodl-tmp/qkzhang/cqt_v2/dataset_images_PM_noisy_cqt/lensed/pos_2162.png,1,2162,train,positive
/root/autodl-tmp/qkzhang/cqt_v2/dataset_images_PM_noisy_cqt/lensed/pos_2163.png,1,2163,train,positive
/root/autodl-tmp/qkzhang/cqt_v2/dataset_images_PM_noisy_cqt/lensed/pos_2165.png,1,2165,train,positive
/root/autodl-tmp/qkzhang/cqt_v2/dataset_images_PM_noisy_cqt/lensed/pos_2166.png,1,2166,train,positive
/root/autodl-tmp/qkzhang/cqt_v2/dataset_images_PM_noisy_cqt/lensed/pos_2167.png,1,2167,train,positive
/root/autodl-tmp/qkzhang/cqt_v2/dataset_images_PM_noisy_cqt/lensed/pos_2168.png,1,2168,train,positive
/root/autodl-tmp/qkzhang/cqt_v2/dataset_images_PM_noisy_cqt/lensed/pos_2169.png,1,2169,train,positive
/root/autodl-tmp/qkzhang/cqt_v2/dataset_images_PM_noisy_cqt/lensed/pos_2170.png,1,2170,train,positive
/root/autodl-tmp/qkzhang/cqt_v2/dataset_images_PM_noisy_cqt/lensed/pos_2173.png,1,2173,train,positive
/root/autodl-tmp/qkzhang/cqt_v2/dataset_images_PM_noisy_cqt/lensed/pos_2174.png,1,2174,train,positive
/root/autodl-tmp/qkzhang/cqt_v2/dataset_images_PM_noisy_cqt/lensed/pos_2177.png,1,2177,train,positive
/root/autodl-tmp/qkzhang/cqt_v2/dataset_images_PM_noisy_cqt/lensed/pos_2178.png,1,2178,train,positive
/root/autodl-tmp/qkzhang/cqt_v2/dataset_images_PM_noisy_cqt/lensed/pos_2181.png,1,2181,train,positive
/root/autodl-tmp/qkzhang/cqt_v2/dataset_images_PM_noisy_cqt/lensed/pos_2183.png,1,2183,train,positive
/root/autodl-tmp/qkzhang/cqt_v2/dataset_images_PM_noisy_cqt/lensed/pos_2185.png,1,2185,train,positive
/root/autodl-tmp/qkzhang/cqt_v2/dataset_images_PM_noisy_cqt/lensed/pos_2186.png,1,2186,train,positive
/root/autodl-tmp/qkzhang/cqt_v2/dataset_images_PM_noisy_cqt/lensed/pos_2187.png,1,2187,train,positive
/root/autodl-tmp/qkzhang/cqt_v2/dataset_images_PM_noisy_cqt/lensed/pos_2189.png,1,2189,train,positive
/root/autodl-tmp/qkzhang/cqt_v2/dataset_images_PM_noisy_cqt/lensed/pos_2191.png,1,2191,train,positive
/root/autodl-tmp/qkzhang/cqt_v2/dataset_images_PM_noisy_cqt/lensed/pos_2192.png,1,2192,train,positive
/root/autodl-tmp/qkzhang/cqt_v2/dataset_images_PM_noisy_cqt/lensed/pos_2193.png,1,2193,train,positive
/root/autodl-tmp/qkzhang/cqt_v2/dataset_images_PM_noisy_cqt/lensed/pos_2194.png,1,2194,train,positive
/root/autodl-tmp/qkzhang/cqt_v2/dataset_images_PM_noisy_cqt/lensed/pos_2195.png,1,2195,train,positive
/root/autodl-tmp/qkzhang/cqt_v2/dataset_images_PM_noisy_cqt/lensed/pos_2197.png,1,2197,train,positive
/root/autodl-tmp/qkzhang/cqt_v2/dataset_images_PM_noisy_cqt/lensed/pos_2198.png,1,2198,train,positive
/root/autodl-tmp/qkzhang/cqt_v2/dataset_images_PM_noisy_cqt/lensed/pos_2199.png,1,2199,train,positive
/root/autodl-tmp/qkzhang/cqt_v2/dataset_images_PM_noisy_cqt/lensed/pos_2201.png,1,2201,train,positive
/root/autodl-tmp/qkzhang/cqt_v2/dataset_images_PM_noisy_cqt/lensed/pos_2202.png,1,2202,train,positive
/root/autodl-tmp/qkzhang/cqt_v2/dataset_images_PM_noisy_cqt/lensed/pos_2203.png,1,2203,train,positive
/root/autodl-tmp/qkzhang/cqt_v2/dataset_images_PM_noisy_cqt/lensed/pos_2205.png,1,2205,train,positive
/root/autodl-tmp/qkzhang/cqt_v2/dataset_images_PM_noisy_cqt/lensed/pos_2206.png,1,2206,train,positive
/root/autodl-tmp/qkzhang/cqt_v2/dataset_images_PM_noisy_cqt/lensed/pos_2207.png,1,2207,train,positive
/root/autodl-tmp/qkzhang/cqt_v2/dataset_images_PM_noisy_cqt/lensed/pos_2210.png,1,2210,train,positive
/root/autodl-tmp/qkzhang/cqt_v2/dataset_images_PM_noisy_cqt/lensed/pos_2211.png,1,2211,train,positive
/root/autodl-tmp/qkzhang/cqt_v2/dataset_images_PM_noisy_cqt/lensed/pos_2212.png,1,2212,train,positive
/root/autodl-tmp/qkzhang/cqt_v2/dataset_images_PM_noisy_cqt/lensed/pos_2213.png,1,2213,train,positive
/root/autodl-tmp/qkzhang/cqt_v2/dataset_images_PM_noisy_cqt/lensed/pos_2214.png,1,2214,train,positive
/root/autodl-tmp/qkzhang/cqt_v2/dataset_images_PM_noisy_cqt/lensed/pos_2215.png,1,2215,train,positive
/root/autodl-tmp/qkzhang/cqt_v2/dataset_images_PM_noisy_cqt/lensed/pos_2216.png,1,2216,train,positive
/root/autodl-tmp/qkzhang/cqt_v2/dataset_images_PM_noisy_cqt/lensed/pos_2217.png,1,2217,train,positive
/root/autodl-tmp/qkzhang/cqt_v2/dataset_images_PM_noisy_cqt/lensed/pos_2218.png,1,2218,train,positive
/root/autodl-tmp/qkzhang/cqt_v2/dataset_images_PM_noisy_cqt/lensed/pos_2219.png,1,2219,train,positive
/root/autodl-tmp/qkzhang/cqt_v2/dataset_images_PM_noisy_cqt/lensed/pos_2220.png,1,2220,train,positive
/root/autodl-tmp/qkzhang/cqt_v2/dataset_images_PM_noisy_cqt/lensed/pos_2221.png,1,2221,train,positive
/root/autodl-tmp/qkzhang/cqt_v2/dataset_images_PM_noisy_cqt/lensed/pos_2222.png,1,2222,train,positive
/root/autodl-tmp/qkzhang/cqt_v2/dataset_images_PM_noisy_cqt/lensed/pos_2223.png,1,2223,train,positive
/root/autodl-tmp/qkzhang/cqt_v2/dataset_images_PM_noisy_cqt/lensed/pos_2226.png,1,2226,train,positive
/root/autodl-tmp/qkzhang/cqt_v2/dataset_images_PM_noisy_cqt/lensed/pos_2227.png,1,2227,train,positive
/root/autodl-tmp/qkzhang/cqt_v2/dataset_images_PM_noisy_cqt/lensed/pos_2228.png,1,2228,train,positive
/root/autodl-tmp/qkzhang/cqt_v2/dataset_images_PM_noisy_cqt/lensed/pos_2229.png,1,2229,train,positive
/root/autodl-tmp/qkzhang/cqt_v2/dataset_images_PM_noisy_cqt/lensed/pos_2230.png,1,2230,train,positive
/root/autodl-tmp/qkzhang/cqt_v2/dataset_images_PM_noisy_cqt/lensed/pos_2231.png,1,2231,train,positive
/root/autodl-tmp/qkzhang/cqt_v2/dataset_images_PM_noisy_cqt/lensed/pos_2233.png,1,2233,train,positive
/root/autodl-tmp/qkzhang/cqt_v2/dataset_images_PM_noisy_cqt/lensed/pos_2234.png,1,2234,train,positive
/root/autodl-tmp/qkzhang/cqt_v2/dataset_images_PM_noisy_cqt/lensed/pos_2235.png,1,2235,train,positive
/root/autodl-tmp/qkzhang/cqt_v2/dataset_images_PM_noisy_cqt/lensed/pos_2238.png,1,2238,train,positive
/root/autodl-tmp/qkzhang/cqt_v2/dataset_images_PM_noisy_cqt/lensed/pos_2239.png,1,2239,train,positive
/root/autodl-tmp/qkzhang/cqt_v2/dataset_images_PM_noisy_cqt/lensed/pos_2240.png,1,2240,train,positive
/root/autodl-tmp/qkzhang/cqt_v2/dataset_images_PM_noisy_cqt/lensed/pos_2241.png,1,2241,train,positive
/root/autodl-tmp/qkzhang/cqt_v2/dataset_images_PM_noisy_cqt/lensed/pos_2242.png,1,2242,train,positive
/root/autodl-tmp/qkzhang/cqt_v2/dataset_images_PM_noisy_cqt/lensed/pos_2243.png,1,2243,train,positive
/root/autodl-tmp/qkzhang/cqt_v2/dataset_images_PM_noisy_cqt/lensed/pos_2244.png,1,2244,train,positive
/root/autodl-tmp/qkzhang/cqt_v2/dataset_images_PM_noisy_cqt/lensed/pos_2245.png,1,2245,train,positive
/root/autodl-tmp/qkzhang/cqt_v2/dataset_images_PM_noisy_cqt/lensed/pos_2246.png,1,2246,train,positive
/root/autodl-tmp/qkzhang/cqt_v2/dataset_images_PM_noisy_cqt/lensed/pos_2247.png,1,2247,train,positive
/root/autodl-tmp/qkzhang/cqt_v2/dataset_images_PM_noisy_cqt/lensed/pos_2248.png,1,2248,train,positive
/root/autodl-tmp/qkzhang/cqt_v2/dataset_images_PM_noisy_cqt/lensed/pos_2249.png,1,2249,train,positive
/root/autodl-tmp/qkzhang/cqt_v2/dataset_images_PM_noisy_cqt/lensed/pos_2250.png,1,2250,train,positive
/root/autodl-tmp/qkzhang/cqt_v2/dataset_images_PM_noisy_cqt/lensed/pos_2251.png,1,2251,train,positive
/root/autodl-tmp/qkzhang/cqt_v2/dataset_images_PM_noisy_cqt/lensed/pos_2253.png,1,2253,train,positive
/root/autodl-tmp/qkzhang/cqt_v2/dataset_images_PM_noisy_cqt/lensed/pos_2254.png,1,2254,train,positive
/root/autodl-tmp/qkzhang/cqt_v2/dataset_images_PM_noisy_cqt/lensed/pos_2255.png,1,2255,train,positive
/root/autodl-tmp/qkzhang/cqt_v2/dataset_images_PM_noisy_cqt/lensed/pos_2258.png,1,2258,train,positive
/root/autodl-tmp/qkzhang/cqt_v2/dataset_images_PM_noisy_cqt/lensed/pos_2259.png,1,2259,train,positive
/root/autodl-tmp/qkzhang/cqt_v2/dataset_images_PM_noisy_cqt/lensed/pos_2260.png,1,2260,train,positive
/root/autodl-tmp/qkzhang/cqt_v2/dataset_images_PM_noisy_cqt/lensed/pos_2262.png,1,2262,train,positive
/root/autodl-tmp/qkzhang/cqt_v2/dataset_images_PM_noisy_cqt/lensed/pos_2264.png,1,2264,train,positive
/root/autodl-tmp/qkzhang/cqt_v2/dataset_images_PM_noisy_cqt/lensed/pos_2265.png,1,2265,train,positive
/root/autodl-tmp/qkzhang/cqt_v2/dataset_images_PM_noisy_cqt/lensed/pos_2266.png,1,2266,train,positive
/root/autodl-tmp/qkzhang/cqt_v2/dataset_images_PM_noisy_cqt/lensed/pos_2267.png,1,2267,train,positive
/root/autodl-tmp/qkzhang/cqt_v2/dataset_images_PM_noisy_cqt/lensed/pos_2268.png,1,2268,train,positive
/root/autodl-tmp/qkzhang/cqt_v2/dataset_images_PM_noisy_cqt/lensed/pos_2270.png,1,2270,train,positive
/root/autodl-tmp/qkzhang/cqt_v2/dataset_images_PM_noisy_cqt/lensed/pos_2272.png,1,2272,train,positive
/root/autodl-tmp/qkzhang/cqt_v2/dataset_images_PM_noisy_cqt/lensed/pos_2274.png,1,2274,train,positive
/root/autodl-tmp/qkzhang/cqt_v2/dataset_images_PM_noisy_cqt/lensed/pos_2275.png,1,2275,train,positive
/root/autodl-tmp/qkzhang/cqt_v2/dataset_images_PM_noisy_cqt/lensed/pos_2278.png,1,2278,train,positive
/root/autodl-tmp/qkzhang/cqt_v2/dataset_images_PM_noisy_cqt/lensed/pos_2280.png,1,2280,train,positive
/root/autodl-tmp/qkzhang/cqt_v2/dataset_images_PM_noisy_cqt/lensed/pos_2282.png,1,2282,train,positive
/root/autodl-tmp/qkzhang/cqt_v2/dataset_images_PM_noisy_cqt/lensed/pos_2283.png,1,2283,train,positive
/root/autodl-tmp/qkzhang/cqt_v2/dataset_images_PM_noisy_cqt/lensed/pos_2284.png,1,2284,train,positive
/root/autodl-tmp/qkzhang/cqt_v2/dataset_images_PM_noisy_cqt/lensed/pos_2285.png,1,2285,train,positive
/root/autodl-tmp/qkzhang/cqt_v2/dataset_images_PM_noisy_cqt/lensed/pos_2286.png,1,2286,train,positive
/root/autodl-tmp/qkzhang/cqt_v2/dataset_images_PM_noisy_cqt/lensed/pos_2287.png,1,2287,train,positive
/root/autodl-tmp/qkzhang/cqt_v2/dataset_images_PM_noisy_cqt/lensed/pos_2288.png,1,2288,train,positive
/root/autodl-tmp/qkzhang/cqt_v2/dataset_images_PM_noisy_cqt/lensed/pos_2289.png,1,2289,train,positive
/root/autodl-tmp/qkzhang/cqt_v2/dataset_images_PM_noisy_cqt/lensed/pos_2290.png,1,2290,train,positive
/root/autodl-tmp/qkzhang/cqt_v2/dataset_images_PM_noisy_cqt/lensed/pos_2291.png,1,2291,train,positive
/root/autodl-tmp/qkzhang/cqt_v2/dataset_images_PM_noisy_cqt/lensed/pos_2292.png,1,2292,train,positive
/root/autodl-tmp/qkzhang/cqt_v2/dataset_images_PM_noisy_cqt/lensed/pos_2293.png,1,2293,train,positive
/root/autodl-tmp/qkzhang/cqt_v2/dataset_images_PM_noisy_cqt/lensed/pos_2294.png,1,2294,train,positive
/root/autodl-tmp/qkzhang/cqt_v2/dataset_images_PM_noisy_cqt/lensed/pos_2296.png,1,2296,train,positive
/root/autodl-tmp/qkzhang/cqt_v2/dataset_images_PM_noisy_cqt/lensed/pos_2297.png,1,2297,train,positive
/root/autodl-tmp/qkzhang/cqt_v2/dataset_images_PM_noisy_cqt/lensed/pos_2298.png,1,2298,train,positive
/root/autodl-tmp/qkzhang/cqt_v2/dataset_images_PM_noisy_cqt/lensed/pos_2299.png,1,2299,train,positive
/root/autodl-tmp/qkzhang/cqt_v2/dataset_images_PM_noisy_cqt/lensed/pos_2301.png,1,2301,train,positive
/root/autodl-tmp/qkzhang/cqt_v2/dataset_images_PM_noisy_cqt/lensed/pos_2302.png,1,2302,train,positive
/root/autodl-tmp/qkzhang/cqt_v2/dataset_images_PM_noisy_cqt/lensed/pos_2303.png,1,2303,train,positive
/root/autodl-tmp/qkzhang/cqt_v2/dataset_images_PM_noisy_cqt/lensed/pos_2304.png,1,2304,train,positive
/root/autodl-tmp/qkzhang/cqt_v2/dataset_images_PM_noisy_cqt/lensed/pos_2306.png,1,2306,train,positive
/root/autodl-tmp/qkzhang/cqt_v2/dataset_images_PM_noisy_cqt/lensed/pos_2307.png,1,2307,train,positive
/root/autodl-tmp/qkzhang/cqt_v2/dataset_images_PM_noisy_cqt/lensed/pos_2308.png,1,2308,train,positive
/root/autodl-tmp/qkzhang/cqt_v2/dataset_images_PM_noisy_cqt/lensed/pos_2310.png,1,2310,train,positive
/root/autodl-tmp/qkzhang/cqt_v2/dataset_images_PM_noisy_cqt/lensed/pos_2311.png,1,2311,train,positive
/root/autodl-tmp/qkzhang/cqt_v2/dataset_images_PM_noisy_cqt/lensed/pos_2313.png,1,2313,train,positive
/root/autodl-tmp/qkzhang/cqt_v2/dataset_images_PM_noisy_cqt/lensed/pos_2314.png,1,2314,train,positive
/root/autodl-tmp/qkzhang/cqt_v2/dataset_images_PM_noisy_cqt/lensed/pos_2315.png,1,2315,train,positive
/root/autodl-tmp/qkzhang/cqt_v2/dataset_images_PM_noisy_cqt/lensed/pos_2316.png,1,2316,train,positive
/root/autodl-tmp/qkzhang/cqt_v2/dataset_images_PM_noisy_cqt/lensed/pos_2317.png,1,2317,train,positive
/root/autodl-tmp/qkzhang/cqt_v2/dataset_images_PM_noisy_cqt/lensed/pos_2318.png,1,2318,train,positive
/root/autodl-tmp/qkzhang/cqt_v2/dataset_images_PM_noisy_cqt/lensed/pos_2319.png,1,2319,train,positive
/root/autodl-tmp/qkzhang/cqt_v2/dataset_images_PM_noisy_cqt/lensed/pos_2320.png,1,2320,train,positive
/root/autodl-tmp/qkzhang/cqt_v2/dataset_images_PM_noisy_cqt/lensed/pos_2321.png,1,2321,train,positive
/root/autodl-tmp/qkzhang/cqt_v2/dataset_images_PM_noisy_cqt/lensed/pos_2322.png,1,2322,train,positive
/root/autodl-tmp/qkzhang/cqt_v2/dataset_images_PM_noisy_cqt/lensed/pos_2323.png,1,2323,train,positive
/root/autodl-tmp/qkzhang/cqt_v2/dataset_images_PM_noisy_cqt/lensed/pos_2326.png,1,2326,train,positive
/root/autodl-tmp/qkzhang/cqt_v2/dataset_images_PM_noisy_cqt/lensed/pos_2327.png,1,2327,train,positive
/root/autodl-tmp/qkzhang/cqt_v2/dataset_images_PM_noisy_cqt/lensed/pos_2328.png,1,2328,train,positive
/root/autodl-tmp/qkzhang/cqt_v2/dataset_images_PM_noisy_cqt/lensed/pos_2329.png,1,2329,train,positive
/root/autodl-tmp/qkzhang/cqt_v2/dataset_images_PM_noisy_cqt/lensed/pos_2330.png,1,2330,train,positive
/root/autodl-tmp/qkzhang/cqt_v2/dataset_images_PM_noisy_cqt/lensed/pos_2331.png,1,2331,train,positive
/root/autodl-tmp/qkzhang/cqt_v2/dataset_images_PM_noisy_cqt/lensed/pos_2332.png,1,2332,train,positive
/root/autodl-tmp/qkzhang/cqt_v2/dataset_images_PM_noisy_cqt/lensed/pos_2333.png,1,2333,train,positive
/root/autodl-tmp/qkzhang/cqt_v2/dataset_images_PM_noisy_cqt/lensed/pos_2334.png,1,2334,train,positive
/root/autodl-tmp/qkzhang/cqt_v2/dataset_images_PM_noisy_cqt/lensed/pos_2336.png,1,2336,train,positive
/root/autodl-tmp/qkzhang/cqt_v2/dataset_images_PM_noisy_cqt/lensed/pos_2337.png,1,2337,train,positive
/root/autodl-tmp/qkzhang/cqt_v2/dataset_images_PM_noisy_cqt/lensed/pos_2338.png,1,2338,train,positive
/root/autodl-tmp/qkzhang/cqt_v2/dataset_images_PM_noisy_cqt/lensed/pos_2339.png,1,2339,train,positive
/root/autodl-tmp/qkzhang/cqt_v2/dataset_images_PM_noisy_cqt/lensed/pos_2340.png,1,2340,train,positive
/root/autodl-tmp/qkzhang/cqt_v2/dataset_images_PM_noisy_cqt/lensed/pos_2342.png,1,2342,train,positive
/root/autodl-tmp/qkzhang/cqt_v2/dataset_images_PM_noisy_cqt/lensed/pos_2343.png,1,2343,train,positive
/root/autodl-tmp/qkzhang/cqt_v2/dataset_images_PM_noisy_cqt/lensed/pos_2344.png,1,2344,train,positive
/root/autodl-tmp/qkzhang/cqt_v2/dataset_images_PM_noisy_cqt/lensed/pos_2345.png,1,2345,train,positive
/root/autodl-tmp/qkzhang/cqt_v2/dataset_images_PM_noisy_cqt/lensed/pos_2347.png,1,2347,train,positive
/root/autodl-tmp/qkzhang/cqt_v2/dataset_images_PM_noisy_cqt/lensed/pos_2348.png,1,2348,train,positive
/root/autodl-tmp/qkzhang/cqt_v2/dataset_images_PM_noisy_cqt/lensed/pos_2349.png,1,2349,train,positive
/root/autodl-tmp/qkzhang/cqt_v2/dataset_images_PM_noisy_cqt/lensed/pos_2350.png,1,2350,train,positive
/root/autodl-tmp/qkzhang/cqt_v2/dataset_images_PM_noisy_cqt/lensed/pos_2351.png,1,2351,train,positive
/root/autodl-tmp/qkzhang/cqt_v2/dataset_images_PM_noisy_cqt/lensed/pos_2352.png,1,2352,train,positive
/root/autodl-tmp/qkzhang/cqt_v2/dataset_images_PM_noisy_cqt/lensed/pos_2353.png,1,2353,train,positive
/root/autodl-tmp/qkzhang/cqt_v2/dataset_images_PM_noisy_cqt/lensed/pos_2354.png,1,2354,train,positive
/root/autodl-tmp/qkzhang/cqt_v2/dataset_images_PM_noisy_cqt/lensed/pos_2355.png,1,2355,train,positive
/root/autodl-tmp/qkzhang/cqt_v2/dataset_images_PM_noisy_cqt/lensed/pos_2356.png,1,2356,train,positive
/root/autodl-tmp/qkzhang/cqt_v2/dataset_images_PM_noisy_cqt/lensed/pos_2357.png,1,2357,train,positive
/root/autodl-tmp/qkzhang/cqt_v2/dataset_images_PM_noisy_cqt/lensed/pos_2360.png,1,2360,train,positive
/root/autodl-tmp/qkzhang/cqt_v2/dataset_images_PM_noisy_cqt/lensed/pos_2361.png,1,2361,train,positive
/root/autodl-tmp/qkzhang/cqt_v2/dataset_images_PM_noisy_cqt/lensed/pos_2362.png,1,2362,train,positive
/root/autodl-tmp/qkzhang/cqt_v2/dataset_images_PM_noisy_cqt/lensed/pos_2363.png,1,2363,train,positive
/root/autodl-tmp/qkzhang/cqt_v2/dataset_images_PM_noisy_cqt/lensed/pos_2364.png,1,2364,train,positive
/root/autodl-tmp/qkzhang/cqt_v2/dataset_images_PM_noisy_cqt/lensed/pos_2365.png,1,2365,train,positive
/root/autodl-tmp/qkzhang/cqt_v2/dataset_images_PM_noisy_cqt/lensed/pos_2366.png,1,2366,train,positive
/root/autodl-tmp/qkzhang/cqt_v2/dataset_images_PM_noisy_cqt/lensed/pos_2367.png,1,2367,train,positive
/root/autodl-tmp/qkzhang/cqt_v2/dataset_images_PM_noisy_cqt/lensed/pos_2368.png,1,2368,train,positive
/root/autodl-tmp/qkzhang/cqt_v2/dataset_images_PM_noisy_cqt/lensed/pos_2370.png,1,2370,train,positive
/root/autodl-tmp/qkzhang/cqt_v2/dataset_images_PM_noisy_cqt/lensed/pos_2371.png,1,2371,train,positive
/root/autodl-tmp/qkzhang/cqt_v2/dataset_images_PM_noisy_cqt/lensed/pos_2372.png,1,2372,train,positive
/root/autodl-tmp/qkzhang/cqt_v2/dataset_images_PM_noisy_cqt/lensed/pos_2374.png,1,2374,train,positive
/root/autodl-tmp/qkzhang/cqt_v2/dataset_images_PM_noisy_cqt/lensed/pos_2375.png,1,2375,train,positive
/root/autodl-tmp/qkzhang/cqt_v2/dataset_images_PM_noisy_cqt/lensed/pos_2377.png,1,2377,train,positive
/root/autodl-tmp/qkzhang/cqt_v2/dataset_images_PM_noisy_cqt/lensed/pos_2380.png,1,2380,train,positive
/root/autodl-tmp/qkzhang/cqt_v2/dataset_images_PM_noisy_cqt/lensed/pos_2382.png,1,2382,train,positive
/root/autodl-tmp/qkzhang/cqt_v2/dataset_images_PM_noisy_cqt/lensed/pos_2383.png,1,2383,train,positive
/root/autodl-tmp/qkzhang/cqt_v2/dataset_images_PM_noisy_cqt/lensed/pos_2384.png,1,2384,train,positive
/root/autodl-tmp/qkzhang/cqt_v2/dataset_images_PM_noisy_cqt/lensed/pos_2385.png,1,2385,train,positive
/root/autodl-tmp/qkzhang/cqt_v2/dataset_images_PM_noisy_cqt/lensed/pos_2387.png,1,2387,train,positive
/root/autodl-tmp/qkzhang/cqt_v2/dataset_images_PM_noisy_cqt/lensed/pos_2388.png,1,2388,train,positive
/root/autodl-tmp/qkzhang/cqt_v2/dataset_images_PM_noisy_cqt/lensed/pos_2389.png,1,2389,train,positive
/root/autodl-tmp/qkzhang/cqt_v2/dataset_images_PM_noisy_cqt/lensed/pos_2390.png,1,2390,train,positive
/root/autodl-tmp/qkzhang/cqt_v2/dataset_images_PM_noisy_cqt/lensed/pos_2394.png,1,2394,train,positive
/root/autodl-tmp/qkzhang/cqt_v2/dataset_images_PM_noisy_cqt/lensed/pos_2395.png,1,2395,train,positive
/root/autodl-tmp/qkzhang/cqt_v2/dataset_images_PM_noisy_cqt/lensed/pos_2396.png,1,2396,train,positive
/root/autodl-tmp/qkzhang/cqt_v2/dataset_images_PM_noisy_cqt/lensed/pos_2397.png,1,2397,train,positive
/root/autodl-tmp/qkzhang/cqt_v2/dataset_images_PM_noisy_cqt/lensed/pos_2398.png,1,2398,train,positive
/root/autodl-tmp/qkzhang/cqt_v2/dataset_images_PM_noisy_cqt/lensed/pos_2399.png,1,2399,train,positive
/root/autodl-tmp/qkzhang/cqt_v2/dataset_images_PM_noisy_cqt/lensed/pos_2400.png,1,2400,train,positive
/root/autodl-tmp/qkzhang/cqt_v2/dataset_images_PM_noisy_cqt/lensed/pos_2401.png,1,2401,train,positive
/root/autodl-tmp/qkzhang/cqt_v2/dataset_images_PM_noisy_cqt/lensed/pos_2402.png,1,2402,train,positive
/root/autodl-tmp/qkzhang/cqt_v2/dataset_images_PM_noisy_cqt/lensed/pos_2404.png,1,2404,train,positive
/root/autodl-tmp/qkzhang/cqt_v2/dataset_images_PM_noisy_cqt/lensed/pos_2405.png,1,2405,train,positive
/root/autodl-tmp/qkzhang/cqt_v2/dataset_images_PM_noisy_cqt/lensed/pos_2406.png,1,2406,train,positive
/root/autodl-tmp/qkzhang/cqt_v2/dataset_images_PM_noisy_cqt/lensed/pos_2407.png,1,2407,train,positive
/root/autodl-tmp/qkzhang/cqt_v2/dataset_images_PM_noisy_cqt/lensed/pos_2408.png,1,2408,train,positive
/root/autodl-tmp/qkzhang/cqt_v2/dataset_images_PM_noisy_cqt/lensed/pos_2409.png,1,2409,train,positive
/root/autodl-tmp/qkzhang/cqt_v2/dataset_images_PM_noisy_cqt/lensed/pos_2410.png,1,2410,train,positive
/root/autodl-tmp/qkzhang/cqt_v2/dataset_images_PM_noisy_cqt/lensed/pos_2411.png,1,2411,train,positive
/root/autodl-tmp/qkzhang/cqt_v2/dataset_images_PM_noisy_cqt/lensed/pos_2413.png,1,2413,train,positive
/root/autodl-tmp/qkzhang/cqt_v2/dataset_images_PM_noisy_cqt/lensed/pos_2414.png,1,2414,train,positive
/root/autodl-tmp/qkzhang/cqt_v2/dataset_images_PM_noisy_cqt/lensed/pos_2415.png,1,2415,train,positive
/root/autodl-tmp/qkzhang/cqt_v2/dataset_images_PM_noisy_cqt/lensed/pos_2416.png,1,2416,train,positive
/root/autodl-tmp/qkzhang/cqt_v2/dataset_images_PM_noisy_cqt/lensed/pos_2418.png,1,2418,train,positive
/root/autodl-tmp/qkzhang/cqt_v2/dataset_images_PM_noisy_cqt/lensed/pos_2420.png,1,2420,train,positive
/root/autodl-tmp/qkzhang/cqt_v2/dataset_images_PM_noisy_cqt/lensed/pos_2421.png,1,2421,train,positive
/root/autodl-tmp/qkzhang/cqt_v2/dataset_images_PM_noisy_cqt/lensed/pos_2422.png,1,2422,train,positive
/root/autodl-tmp/qkzhang/cqt_v2/dataset_images_PM_noisy_cqt/lensed/pos_2424.png,1,2424,train,positive
/root/autodl-tmp/qkzhang/cqt_v2/dataset_images_PM_noisy_cqt/lensed/pos_2425.png,1,2425,train,positive
/root/autodl-tmp/qkzhang/cqt_v2/dataset_images_PM_noisy_cqt/lensed/pos_2426.png,1,2426,train,positive
/root/autodl-tmp/qkzhang/cqt_v2/dataset_images_PM_noisy_cqt/lensed/pos_2427.png,1,2427,train,positive
/root/autodl-tmp/qkzhang/cqt_v2/dataset_images_PM_noisy_cqt/lensed/pos_2429.png,1,2429,train,positive
/root/autodl-tmp/qkzhang/cqt_v2/dataset_images_PM_noisy_cqt/lensed/pos_2430.png,1,2430,train,positive
/root/autodl-tmp/qkzhang/cqt_v2/dataset_images_PM_noisy_cqt/lensed/pos_2431.png,1,2431,train,positive
/root/autodl-tmp/qkzhang/cqt_v2/dataset_images_PM_noisy_cqt/lensed/pos_2432.png,1,2432,train,positive
/root/autodl-tmp/qkzhang/cqt_v2/dataset_images_PM_noisy_cqt/lensed/pos_2433.png,1,2433,train,positive
/root/autodl-tmp/qkzhang/cqt_v2/dataset_images_PM_noisy_cqt/lensed/pos_2436.png,1,2436,train,positive
/root/autodl-tmp/qkzhang/cqt_v2/dataset_images_PM_noisy_cqt/lensed/pos_2437.png,1,2437,train,positive
/root/autodl-tmp/qkzhang/cqt_v2/dataset_images_PM_noisy_cqt/lensed/pos_2439.png,1,2439,train,positive
/root/autodl-tmp/qkzhang/cqt_v2/dataset_images_PM_noisy_cqt/lensed/pos_2440.png,1,2440,train,positive
/root/autodl-tmp/qkzhang/cqt_v2/dataset_images_PM_noisy_cqt/lensed/pos_2441.png,1,2441,train,positive
/root/autodl-tmp/qkzhang/cqt_v2/dataset_images_PM_noisy_cqt/lensed/pos_2442.png,1,2442,train,positive
/root/autodl-tmp/qkzhang/cqt_v2/dataset_images_PM_noisy_cqt/lensed/pos_2443.png,1,2443,train,positive
/root/autodl-tmp/qkzhang/cqt_v2/dataset_images_PM_noisy_cqt/lensed/pos_2444.png,1,2444,train,positive
/root/autodl-tmp/qkzhang/cqt_v2/dataset_images_PM_noisy_cqt/lensed/pos_2445.png,1,2445,train,positive
/root/autodl-tmp/qkzhang/cqt_v2/dataset_images_PM_noisy_cqt/lensed/pos_2447.png,1,2447,train,positive
/root/autodl-tmp/qkzhang/cqt_v2/dataset_images_PM_noisy_cqt/lensed/pos_2448.png,1,2448,train,positive
/root/autodl-tmp/qkzhang/cqt_v2/dataset_images_PM_noisy_cqt/lensed/pos_2449.png,1,2449,train,positive
/root/autodl-tmp/qkzhang/cqt_v2/dataset_images_PM_noisy_cqt/lensed/pos_2450.png,1,2450,train,positive
/root/autodl-tmp/qkzhang/cqt_v2/dataset_images_PM_noisy_cqt/lensed/pos_2452.png,1,2452,train,positive
/root/autodl-tmp/qkzhang/cqt_v2/dataset_images_PM_noisy_cqt/lensed/pos_2453.png,1,2453,train,positive
/root/autodl-tmp/qkzhang/cqt_v2/dataset_images_PM_noisy_cqt/lensed/pos_2454.png,1,2454,train,positive
/root/autodl-tmp/qkzhang/cqt_v2/dataset_images_PM_noisy_cqt/lensed/pos_2455.png,1,2455,train,positive
/root/autodl-tmp/qkzhang/cqt_v2/dataset_images_PM_noisy_cqt/lensed/pos_2456.png,1,2456,train,positive
/root/autodl-tmp/qkzhang/cqt_v2/dataset_images_PM_noisy_cqt/lensed/pos_2457.png,1,2457,train,positive
/root/autodl-tmp/qkzhang/cqt_v2/dataset_images_PM_noisy_cqt/lensed/pos_2458.png,1,2458,train,positive
/root/autodl-tmp/qkzhang/cqt_v2/dataset_images_PM_noisy_cqt/lensed/pos_2459.png,1,2459,train,positive
/root/autodl-tmp/qkzhang/cqt_v2/dataset_images_PM_noisy_cqt/lensed/pos_2462.png,1,2462,train,positive
/root/autodl-tmp/qkzhang/cqt_v2/dataset_images_PM_noisy_cqt/lensed/pos_2463.png,1,2463,train,positive
/root/autodl-tmp/qkzhang/cqt_v2/dataset_images_PM_noisy_cqt/lensed/pos_2464.png,1,2464,train,positive
/root/autodl-tmp/qkzhang/cqt_v2/dataset_images_PM_noisy_cqt/lensed/pos_2465.png,1,2465,train,positive
/root/autodl-tmp/qkzhang/cqt_v2/dataset_images_PM_noisy_cqt/lensed/pos_2466.png,1,2466,train,positive
/root/autodl-tmp/qkzhang/cqt_v2/dataset_images_PM_noisy_cqt/lensed/pos_2467.png,1,2467,train,positive
/root/autodl-tmp/qkzhang/cqt_v2/dataset_images_PM_noisy_cqt/lensed/pos_2469.png,1,2469,train,positive
/root/autodl-tmp/qkzhang/cqt_v2/dataset_images_PM_noisy_cqt/lensed/pos_2470.png,1,2470,train,positive
/root/autodl-tmp/qkzhang/cqt_v2/dataset_images_PM_noisy_cqt/lensed/pos_2471.png,1,2471,train,positive
/root/autodl-tmp/qkzhang/cqt_v2/dataset_images_PM_noisy_cqt/lensed/pos_2472.png,1,2472,train,positive
/root/autodl-tmp/qkzhang/cqt_v2/dataset_images_PM_noisy_cqt/lensed/pos_2473.png,1,2473,train,positive
/root/autodl-tmp/qkzhang/cqt_v2/dataset_images_PM_noisy_cqt/lensed/pos_2474.png,1,2474,train,positive
/root/autodl-tmp/qkzhang/cqt_v2/dataset_images_PM_noisy_cqt/lensed/pos_2475.png,1,2475,train,positive
/root/autodl-tmp/qkzhang/cqt_v2/dataset_images_PM_noisy_cqt/lensed/pos_2476.png,1,2476,train,positive
/root/autodl-tmp/qkzhang/cqt_v2/dataset_images_PM_noisy_cqt/lensed/pos_2477.png,1,2477,train,positive
/root/autodl-tmp/qkzhang/cqt_v2/dataset_images_PM_noisy_cqt/lensed/pos_2478.png,1,2478,train,positive
/root/autodl-tmp/qkzhang/cqt_v2/dataset_images_PM_noisy_cqt/lensed/pos_2479.png,1,2479,train,positive
/root/autodl-tmp/qkzhang/cqt_v2/dataset_images_PM_noisy_cqt/lensed/pos_2480.png,1,2480,train,positive
/root/autodl-tmp/qkzhang/cqt_v2/dataset_images_PM_noisy_cqt/lensed/pos_2481.png,1,2481,train,positive
/root/autodl-tmp/qkzhang/cqt_v2/dataset_images_PM_noisy_cqt/lensed/pos_2482.png,1,2482,train,positive
/root/autodl-tmp/qkzhang/cqt_v2/dataset_images_PM_noisy_cqt/lensed/pos_2483.png,1,2483,train,positive
/root/autodl-tmp/qkzhang/cqt_v2/dataset_images_PM_noisy_cqt/lensed/pos_2485.png,1,2485,train,positive
/root/autodl-tmp/qkzhang/cqt_v2/dataset_images_PM_noisy_cqt/lensed/pos_2486.png,1,2486,train,positive
/root/autodl-tmp/qkzhang/cqt_v2/dataset_images_PM_noisy_cqt/lensed/pos_2487.png,1,2487,train,positive
/root/autodl-tmp/qkzhang/cqt_v2/dataset_images_PM_noisy_cqt/lensed/pos_2489.png,1,2489,train,positive
/root/autodl-tmp/qkzhang/cqt_v2/dataset_images_PM_noisy_cqt/lensed/pos_2490.png,1,2490,train,positive
/root/autodl-tmp/qkzhang/cqt_v2/dataset_images_PM_noisy_cqt/lensed/pos_2491.png,1,2491,train,positive
/root/autodl-tmp/qkzhang/cqt_v2/dataset_images_PM_noisy_cqt/lensed/pos_2493.png,1,2493,train,positive
/root/autodl-tmp/qkzhang/cqt_v2/dataset_images_PM_noisy_cqt/lensed/pos_2494.png,1,2494,train,positive
/root/autodl-tmp/qkzhang/cqt_v2/dataset_images_PM_noisy_cqt/lensed/pos_2495.png,1,2495,train,positive
/root/autodl-tmp/qkzhang/cqt_v2/dataset_images_PM_noisy_cqt/lensed/pos_2496.png,1,2496,train,positive
/root/autodl-tmp/qkzhang/cqt_v2/dataset_images_PM_noisy_cqt/lensed/pos_2497.png,1,2497,train,positive
/root/autodl-tmp/qkzhang/cqt_v2/dataset_images_PM_noisy_cqt/lensed/pos_2498.png,1,2498,train,positive
/root/autodl-tmp/qkzhang/cqt_v2/dataset_images_PM_noisy_cqt/lensed/pos_2499.png,1,2499,train,positive
/root/autodl-tmp/qkzhang/cqt_v2/dataset_images_PM_noisy_cqt/unlensed/neg_0000.png,0,0,train,negative
/root/autodl-tmp/qkzhang/cqt_v2/dataset_images_PM_noisy_cqt/unlensed/neg_0001.png,0,1,train,negative
/root/autodl-tmp/qkzhang/cqt_v2/dataset_images_PM_noisy_cqt/unlensed/neg_0002.png,0,2,train,negative
/root/autodl-tmp/qkzhang/cqt_v2/dataset_images_PM_noisy_cqt/unlensed/neg_0003.png,0,3,train,negative
/root/autodl-tmp/qkzhang/cqt_v2/dataset_images_PM_noisy_cqt/unlensed/neg_0004.png,0,4,train,negative
/root/autodl-tmp/qkzhang/cqt_v2/dataset_images_PM_noisy_cqt/unlensed/neg_0005.png,0,5,train,negative
/root/autodl-tmp/qkzhang/cqt_v2/dataset_images_PM_noisy_cqt/unlensed/neg_0007.png,0,7,train,negative
/root/autodl-tmp/qkzhang/cqt_v2/dataset_images_PM_noisy_cqt/unlensed/neg_0009.png,0,9,train,negative
/root/autodl-tmp/qkzhang/cqt_v2/dataset_images_PM_noisy_cqt/unlensed/neg_0010.png,0,10,train,negative
/root/autodl-tmp/qkzhang/cqt_v2/dataset_images_PM_noisy_cqt/unlensed/neg_0011.png,0,11,train,negative
/root/autodl-tmp/qkzhang/cqt_v2/dataset_images_PM_noisy_cqt/unlensed/neg_0012.png,0,12,train,negative
/root/autodl-tmp/qkzhang/cqt_v2/dataset_images_PM_noisy_cqt/unlensed/neg_0013.png,0,13,train,negative
/root/autodl-tmp/qkzhang/cqt_v2/dataset_images_PM_noisy_cqt/unlensed/neg_0014.png,0,14,train,negative
/root/autodl-tmp/qkzhang/cqt_v2/dataset_images_PM_noisy_cqt/unlensed/neg_0015.png,0,15,train,negative
/root/autodl-tmp/qkzhang/cqt_v2/dataset_images_PM_noisy_cqt/unlensed/neg_0016.png,0,16,train,negative
/root/autodl-tmp/qkzhang/cqt_v2/dataset_images_PM_noisy_cqt/unlensed/neg_0017.png,0,17,train,negative
/root/autodl-tmp/qkzhang/cqt_v2/dataset_images_PM_noisy_cqt/unlensed/neg_0018.png,0,18,train,negative
/root/autodl-tmp/qkzhang/cqt_v2/dataset_images_PM_noisy_cqt/unlensed/neg_0019.png,0,19,train,negative
/root/autodl-tmp/qkzhang/cqt_v2/dataset_images_PM_noisy_cqt/unlensed/neg_0020.png,0,20,train,negative
/root/autodl-tmp/qkzhang/cqt_v2/dataset_images_PM_noisy_cqt/unlensed/neg_0021.png,0,21,train,negative
/root/autodl-tmp/qkzhang/cqt_v2/dataset_images_PM_noisy_cqt/unlensed/neg_0022.png,0,22,train,negative
/root/autodl-tmp/qkzhang/cqt_v2/dataset_images_PM_noisy_cqt/unlensed/neg_0023.png,0,23,train,negative
/root/autodl-tmp/qkzhang/cqt_v2/dataset_images_PM_noisy_cqt/unlensed/neg_0024.png,0,24,train,negative
/root/autodl-tmp/qkzhang/cqt_v2/dataset_images_PM_noisy_cqt/unlensed/neg_0025.png,0,25,train,negative
/root/autodl-tmp/qkzhang/cqt_v2/dataset_images_PM_noisy_cqt/unlensed/neg_0026.png,0,26,train,negative
/root/autodl-tmp/qkzhang/cqt_v2/dataset_images_PM_noisy_cqt/unlensed/neg_0027.png,0,27,train,negative
/root/autodl-tmp/qkzhang/cqt_v2/dataset_images_PM_noisy_cqt/unlensed/neg_0028.png,0,28,train,negative
/root/autodl-tmp/qkzhang/cqt_v2/dataset_images_PM_noisy_cqt/unlensed/neg_0029.png,0,29,train,negative
/root/autodl-tmp/qkzhang/cqt_v2/dataset_images_PM_noisy_cqt/unlensed/neg_0030.png,0,30,train,negative
/root/autodl-tmp/qkzhang/cqt_v2/dataset_images_PM_noisy_cqt/unlensed/neg_0031.png,0,31,train,negative
/root/autodl-tmp/qkzhang/cqt_v2/dataset_images_PM_noisy_cqt/unlensed/neg_0032.png,0,32,train,negative
/root/autodl-tmp/qkzhang/cqt_v2/dataset_images_PM_noisy_cqt/unlensed/neg_0033.png,0,33,train,negative
/root/autodl-tmp/qkzhang/cqt_v2/dataset_images_PM_noisy_cqt/unlensed/neg_0035.png,0,35,train,negative
/root/autodl-tmp/qkzhang/cqt_v2/dataset_images_PM_noisy_cqt/unlensed/neg_0037.png,0,37,train,negative
/root/autodl-tmp/qkzhang/cqt_v2/dataset_images_PM_noisy_cqt/unlensed/neg_0041.png,0,41,train,negative
/root/autodl-tmp/qkzhang/cqt_v2/dataset_images_PM_noisy_cqt/unlensed/neg_0042.png,0,42,train,negative
/root/autodl-tmp/qkzhang/cqt_v2/dataset_images_PM_noisy_cqt/unlensed/neg_0043.png,0,43,train,negative
/root/autodl-tmp/qkzhang/cqt_v2/dataset_images_PM_noisy_cqt/unlensed/neg_0044.png,0,44,train,negative
/root/autodl-tmp/qkzhang/cqt_v2/dataset_images_PM_noisy_cqt/unlensed/neg_0045.png,0,45,train,negative
/root/autodl-tmp/qkzhang/cqt_v2/dataset_images_PM_noisy_cqt/unlensed/neg_0046.png,0,46,train,negative
/root/autodl-tmp/qkzhang/cqt_v2/dataset_images_PM_noisy_cqt/unlensed/neg_0048.png,0,48,train,negative
/root/autodl-tmp/qkzhang/cqt_v2/dataset_images_PM_noisy_cqt/unlensed/neg_0049.png,0,49,train,negative
/root/autodl-tmp/qkzhang/cqt_v2/dataset_images_PM_noisy_cqt/unlensed/neg_0050.png,0,50,train,negative
/root/autodl-tmp/qkzhang/cqt_v2/dataset_images_PM_noisy_cqt/unlensed/neg_0051.png,0,51,train,negative
/root/autodl-tmp/qkzhang/cqt_v2/dataset_images_PM_noisy_cqt/unlensed/neg_0052.png,0,52,train,negative
/root/autodl-tmp/qkzhang/cqt_v2/dataset_images_PM_noisy_cqt/unlensed/neg_0053.png,0,53,train,negative
/root/autodl-tmp/qkzhang/cqt_v2/dataset_images_PM_noisy_cqt/unlensed/neg_0054.png,0,54,train,negative
/root/autodl-tmp/qkzhang/cqt_v2/dataset_images_PM_noisy_cqt/unlensed/neg_0055.png,0,55,train,negative
/root/autodl-tmp/qkzhang/cqt_v2/dataset_images_PM_noisy_cqt/unlensed/neg_0056.png,0,56,train,negative
/root/autodl-tmp/qkzhang/cqt_v2/dataset_images_PM_noisy_cqt/unlensed/neg_0057.png,0,57,train,negative
/root/autodl-tmp/qkzhang/cqt_v2/dataset_images_PM_noisy_cqt/unlensed/neg_0058.png,0,58,train,negative
/root/autodl-tmp/qkzhang/cqt_v2/dataset_images_PM_noisy_cqt/unlensed/neg_0060.png,0,60,train,negative
/root/autodl-tmp/qkzhang/cqt_v2/dataset_images_PM_noisy_cqt/unlensed/neg_0061.png,0,61,train,negative
/root/autodl-tmp/qkzhang/cqt_v2/dataset_images_PM_noisy_cqt/unlensed/neg_0062.png,0,62,train,negative
/root/autodl-tmp/qkzhang/cqt_v2/dataset_images_PM_noisy_cqt/unlensed/neg_0063.png,0,63,train,negative
/root/autodl-tmp/qkzhang/cqt_v2/dataset_images_PM_noisy_cqt/unlensed/neg_0065.png,0,65,train,negative
/root/autodl-tmp/qkzhang/cqt_v2/dataset_images_PM_noisy_cqt/unlensed/neg_0066.png,0,66,train,negative
/root/autodl-tmp/qkzhang/cqt_v2/dataset_images_PM_noisy_cqt/unlensed/neg_0067.png,0,67,train,negative
/root/autodl-tmp/qkzhang/cqt_v2/dataset_images_PM_noisy_cqt/unlensed/neg_0068.png,0,68,train,negative
/root/autodl-tmp/qkzhang/cqt_v2/dataset_images_PM_noisy_cqt/unlensed/neg_0069.png,0,69,train,negative
/root/autodl-tmp/qkzhang/cqt_v2/dataset_images_PM_noisy_cqt/unlensed/neg_0070.png,0,70,train,negative
/root/autodl-tmp/qkzhang/cqt_v2/dataset_images_PM_noisy_cqt/unlensed/neg_0071.png,0,71,train,negative
/root/autodl-tmp/qkzhang/cqt_v2/dataset_images_PM_noisy_cqt/unlensed/neg_0072.png,0,72,train,negative
/root/autodl-tmp/qkzhang/cqt_v2/dataset_images_PM_noisy_cqt/unlensed/neg_0073.png,0,73,train,negative
/root/autodl-tmp/qkzhang/cqt_v2/dataset_images_PM_noisy_cqt/unlensed/neg_0074.png,0,74,train,negative
/root/autodl-tmp/qkzhang/cqt_v2/dataset_images_PM_noisy_cqt/unlensed/neg_0075.png,0,75,train,negative
/root/autodl-tmp/qkzhang/cqt_v2/dataset_images_PM_noisy_cqt/unlensed/neg_0076.png,0,76,train,negative
/root/autodl-tmp/qkzhang/cqt_v2/dataset_images_PM_noisy_cqt/unlensed/neg_0077.png,0,77,train,negative
/root/autodl-tmp/qkzhang/cqt_v2/dataset_images_PM_noisy_cqt/unlensed/neg_0078.png,0,78,train,negative
/root/autodl-tmp/qkzhang/cqt_v2/dataset_images_PM_noisy_cqt/unlensed/neg_0079.png,0,79,train,negative
/root/autodl-tmp/qkzhang/cqt_v2/dataset_images_PM_noisy_cqt/unlensed/neg_0081.png,0,81,train,negative
/root/autodl-tmp/qkzhang/cqt_v2/dataset_images_PM_noisy_cqt/unlensed/neg_0082.png,0,82,train,negative
/root/autodl-tmp/qkzhang/cqt_v2/dataset_images_PM_noisy_cqt/unlensed/neg_0083.png,0,83,train,negative
/root/autodl-tmp/qkzhang/cqt_v2/dataset_images_PM_noisy_cqt/unlensed/neg_0085.png,0,85,train,negative
/root/autodl-tmp/qkzhang/cqt_v2/dataset_images_PM_noisy_cqt/unlensed/neg_0086.png,0,86,train,negative
/root/autodl-tmp/qkzhang/cqt_v2/dataset_images_PM_noisy_cqt/unlensed/neg_0087.png,0,87,train,negative
/root/autodl-tmp/qkzhang/cqt_v2/dataset_images_PM_noisy_cqt/unlensed/neg_0088.png,0,88,train,negative
/root/autodl-tmp/qkzhang/cqt_v2/dataset_images_PM_noisy_cqt/unlensed/neg_0089.png,0,89,train,negative
/root/autodl-tmp/qkzhang/cqt_v2/dataset_images_PM_noisy_cqt/unlensed/neg_0090.png,0,90,train,negative
/root/autodl-tmp/qkzhang/cqt_v2/dataset_images_PM_noisy_cqt/unlensed/neg_0091.png,0,91,train,negative
/root/autodl-tmp/qkzhang/cqt_v2/dataset_images_PM_noisy_cqt/unlensed/neg_0093.png,0,93,train,negative
/root/autodl-tmp/qkzhang/cqt_v2/dataset_images_PM_noisy_cqt/unlensed/neg_0094.png,0,94,train,negative
/root/autodl-tmp/qkzhang/cqt_v2/dataset_images_PM_noisy_cqt/unlensed/neg_0095.png,0,95,train,negative
/root/autodl-tmp/qkzhang/cqt_v2/dataset_images_PM_noisy_cqt/unlensed/neg_0097.png,0,97,train,negative
/root/autodl-tmp/qkzhang/cqt_v2/dataset_images_PM_noisy_cqt/unlensed/neg_0098.png,0,98,train,negative
/root/autodl-tmp/qkzhang/cqt_v2/dataset_images_PM_noisy_cqt/unlensed/neg_0099.png,0,99,train,negative
/root/autodl-tmp/qkzhang/cqt_v2/dataset_images_PM_noisy_cqt/unlensed/neg_0101.png,0,101,train,negative
/root/autodl-tmp/qkzhang/cqt_v2/dataset_images_PM_noisy_cqt/unlensed/neg_0102.png,0,102,train,negative
/root/autodl-tmp/qkzhang/cqt_v2/dataset_images_PM_noisy_cqt/unlensed/neg_0103.png,0,103,train,negative
/root/autodl-tmp/qkzhang/cqt_v2/dataset_images_PM_noisy_cqt/unlensed/neg_0105.png,0,105,train,negative
/root/autodl-tmp/qkzhang/cqt_v2/dataset_images_PM_noisy_cqt/unlensed/neg_0106.png,0,106,train,negative
/root/autodl-tmp/qkzhang/cqt_v2/dataset_images_PM_noisy_cqt/unlensed/neg_0108.png,0,108,train,negative
/root/autodl-tmp/qkzhang/cqt_v2/dataset_images_PM_noisy_cqt/unlensed/neg_0109.png,0,109,train,negative
/root/autodl-tmp/qkzhang/cqt_v2/dataset_images_PM_noisy_cqt/unlensed/neg_0110.png,0,110,train,negative
/root/autodl-tmp/qkzhang/cqt_v2/dataset_images_PM_noisy_cqt/unlensed/neg_0111.png,0,111,train,negative
/root/autodl-tmp/qkzhang/cqt_v2/dataset_images_PM_noisy_cqt/unlensed/neg_0112.png,0,112,train,negative
/root/autodl-tmp/qkzhang/cqt_v2/dataset_images_PM_noisy_cqt/unlensed/neg_0114.png,0,114,train,negative
/root/autodl-tmp/qkzhang/cqt_v2/dataset_images_PM_noisy_cqt/unlensed/neg_0115.png,0,115,train,negative
/root/autodl-tmp/qkzhang/cqt_v2/dataset_images_PM_noisy_cqt/unlensed/neg_0116.png,0,116,train,negative
/root/autodl-tmp/qkzhang/cqt_v2/dataset_images_PM_noisy_cqt/unlensed/neg_0117.png,0,117,train,negative
/root/autodl-tmp/qkzhang/cqt_v2/dataset_images_PM_noisy_cqt/unlensed/neg_0119.png,0,119,train,negative
/root/autodl-tmp/qkzhang/cqt_v2/dataset_images_PM_noisy_cqt/unlensed/neg_0120.png,0,120,train,negative
/root/autodl-tmp/qkzhang/cqt_v2/dataset_images_PM_noisy_cqt/unlensed/neg_0123.png,0,123,train,negative
/root/autodl-tmp/qkzhang/cqt_v2/dataset_images_PM_noisy_cqt/unlensed/neg_0125.png,0,125,train,negative
/root/autodl-tmp/qkzhang/cqt_v2/dataset_images_PM_noisy_cqt/unlensed/neg_0126.png,0,126,train,negative
/root/autodl-tmp/qkzhang/cqt_v2/dataset_images_PM_noisy_cqt/unlensed/neg_0127.png,0,127,train,negative
/root/autodl-tmp/qkzhang/cqt_v2/dataset_images_PM_noisy_cqt/unlensed/neg_0129.png,0,129,train,negative
/root/autodl-tmp/qkzhang/cqt_v2/dataset_images_PM_noisy_cqt/unlensed/neg_0130.png,0,130,train,negative
/root/autodl-tmp/qkzhang/cqt_v2/dataset_images_PM_noisy_cqt/unlensed/neg_0131.png,0,131,train,negative
/root/autodl-tmp/qkzhang/cqt_v2/dataset_images_PM_noisy_cqt/unlensed/neg_0133.png,0,133,train,negative
/root/autodl-tmp/qkzhang/cqt_v2/dataset_images_PM_noisy_cqt/unlensed/neg_0134.png,0,134,train,negative
/root/autodl-tmp/qkzhang/cqt_v2/dataset_images_PM_noisy_cqt/unlensed/neg_0136.png,0,136,train,negative
/root/autodl-tmp/qkzhang/cqt_v2/dataset_images_PM_noisy_cqt/unlensed/neg_0137.png,0,137,train,negative
/root/autodl-tmp/qkzhang/cqt_v2/dataset_images_PM_noisy_cqt/unlensed/neg_0139.png,0,139,train,negative
/root/autodl-tmp/qkzhang/cqt_v2/dataset_images_PM_noisy_cqt/unlensed/neg_0141.png,0,141,train,negative
/root/autodl-tmp/qkzhang/cqt_v2/dataset_images_PM_noisy_cqt/unlensed/neg_0142.png,0,142,train,negative
/root/autodl-tmp/qkzhang/cqt_v2/dataset_images_PM_noisy_cqt/unlensed/neg_0143.png,0,143,train,negative
/root/autodl-tmp/qkzhang/cqt_v2/dataset_images_PM_noisy_cqt/unlensed/neg_0145.png,0,145,train,negative
/root/autodl-tmp/qkzhang/cqt_v2/dataset_images_PM_noisy_cqt/unlensed/neg_0146.png,0,146,train,negative
/root/autodl-tmp/qkzhang/cqt_v2/dataset_images_PM_noisy_cqt/unlensed/neg_0147.png,0,147,train,negative
/root/autodl-tmp/qkzhang/cqt_v2/dataset_images_PM_noisy_cqt/unlensed/neg_0149.png,0,149,train,negative
/root/autodl-tmp/qkzhang/cqt_v2/dataset_images_PM_noisy_cqt/unlensed/neg_0150.png,0,150,train,negative
/root/autodl-tmp/qkzhang/cqt_v2/dataset_images_PM_noisy_cqt/unlensed/neg_0151.png,0,151,train,negative
/root/autodl-tmp/qkzhang/cqt_v2/dataset_images_PM_noisy_cqt/unlensed/neg_0152.png,0,152,train,negative
/root/autodl-tmp/qkzhang/cqt_v2/dataset_images_PM_noisy_cqt/unlensed/neg_0153.png,0,153,train,negative
/root/autodl-tmp/qkzhang/cqt_v2/dataset_images_PM_noisy_cqt/unlensed/neg_0154.png,0,154,train,negative
/root/autodl-tmp/qkzhang/cqt_v2/dataset_images_PM_noisy_cqt/unlensed/neg_0157.png,0,157,train,negative
/root/autodl-tmp/qkzhang/cqt_v2/dataset_images_PM_noisy_cqt/unlensed/neg_0158.png,0,158,train,negative
/root/autodl-tmp/qkzhang/cqt_v2/dataset_images_PM_noisy_cqt/unlensed/neg_0159.png,0,159,train,negative
/root/autodl-tmp/qkzhang/cqt_v2/dataset_images_PM_noisy_cqt/unlensed/neg_0160.png,0,160,train,negative
/root/autodl-tmp/qkzhang/cqt_v2/dataset_images_PM_noisy_cqt/unlensed/neg_0162.png,0,162,train,negative
/root/autodl-tmp/qkzhang/cqt_v2/dataset_images_PM_noisy_cqt/unlensed/neg_0163.png,0,163,train,negative
/root/autodl-tmp/qkzhang/cqt_v2/dataset_images_PM_noisy_cqt/unlensed/neg_0165.png,0,165,train,negative
/root/autodl-tmp/qkzhang/cqt_v2/dataset_images_PM_noisy_cqt/unlensed/neg_0167.png,0,167,train,negative
/root/autodl-tmp/qkzhang/cqt_v2/dataset_images_PM_noisy_cqt/unlensed/neg_0168.png,0,168,train,negative
/root/autodl-tmp/qkzhang/cqt_v2/dataset_images_PM_noisy_cqt/unlensed/neg_0169.png,0,169,train,negative
/root/autodl-tmp/qkzhang/cqt_v2/dataset_images_PM_noisy_cqt/unlensed/neg_0171.png,0,171,train,negative
/root/autodl-tmp/qkzhang/cqt_v2/dataset_images_PM_noisy_cqt/unlensed/neg_0172.png,0,172,train,negative
/root/autodl-tmp/qkzhang/cqt_v2/dataset_images_PM_noisy_cqt/unlensed/neg_0173.png,0,173,train,negative
/root/autodl-tmp/qkzhang/cqt_v2/dataset_images_PM_noisy_cqt/unlensed/neg_0174.png,0,174,train,negative
/root/autodl-tmp/qkzhang/cqt_v2/dataset_images_PM_noisy_cqt/unlensed/neg_0175.png,0,175,train,negative
/root/autodl-tmp/qkzhang/cqt_v2/dataset_images_PM_noisy_cqt/unlensed/neg_0176.png,0,176,train,negative
/root/autodl-tmp/qkzhang/cqt_v2/dataset_images_PM_noisy_cqt/unlensed/neg_0177.png,0,177,train,negative
/root/autodl-tmp/qkzhang/cqt_v2/dataset_images_PM_noisy_cqt/unlensed/neg_0179.png,0,179,train,negative
/root/autodl-tmp/qkzhang/cqt_v2/dataset_images_PM_noisy_cqt/unlensed/neg_0180.png,0,180,train,negative
/root/autodl-tmp/qkzhang/cqt_v2/dataset_images_PM_noisy_cqt/unlensed/neg_0181.png,0,181,train,negative
/root/autodl-tmp/qkzhang/cqt_v2/dataset_images_PM_noisy_cqt/unlensed/neg_0182.png,0,182,train,negative
/root/autodl-tmp/qkzhang/cqt_v2/dataset_images_PM_noisy_cqt/unlensed/neg_0183.png,0,183,train,negative
/root/autodl-tmp/qkzhang/cqt_v2/dataset_images_PM_noisy_cqt/unlensed/neg_0184.png,0,184,train,negative
/root/autodl-tmp/qkzhang/cqt_v2/dataset_images_PM_noisy_cqt/unlensed/neg_0185.png,0,185,train,negative
/root/autodl-tmp/qkzhang/cqt_v2/dataset_images_PM_noisy_cqt/unlensed/neg_0187.png,0,187,train,negative
/root/autodl-tmp/qkzhang/cqt_v2/dataset_images_PM_noisy_cqt/unlensed/neg_0188.png,0,188,train,negative
/root/autodl-tmp/qkzhang/cqt_v2/dataset_images_PM_noisy_cqt/unlensed/neg_0189.png,0,189,train,negative
/root/autodl-tmp/qkzhang/cqt_v2/dataset_images_PM_noisy_cqt/unlensed/neg_0190.png,0,190,train,negative
/root/autodl-tmp/qkzhang/cqt_v2/dataset_images_PM_noisy_cqt/unlensed/neg_0192.png,0,192,train,negative
/root/autodl-tmp/qkzhang/cqt_v2/dataset_images_PM_noisy_cqt/unlensed/neg_0193.png,0,193,train,negative
/root/autodl-tmp/qkzhang/cqt_v2/dataset_images_PM_noisy_cqt/unlensed/neg_0194.png,0,194,train,negative
/root/autodl-tmp/qkzhang/cqt_v2/dataset_images_PM_noisy_cqt/unlensed/neg_0197.png,0,197,train,negative
/root/autodl-tmp/qkzhang/cqt_v2/dataset_images_PM_noisy_cqt/unlensed/neg_0198.png,0,198,train,negative
/root/autodl-tmp/qkzhang/cqt_v2/dataset_images_PM_noisy_cqt/unlensed/neg_0199.png,0,199,train,negative
/root/autodl-tmp/qkzhang/cqt_v2/dataset_images_PM_noisy_cqt/unlensed/neg_0200.png,0,200,train,negative
/root/autodl-tmp/qkzhang/cqt_v2/dataset_images_PM_noisy_cqt/unlensed/neg_0201.png,0,201,train,negative
/root/autodl-tmp/qkzhang/cqt_v2/dataset_images_PM_noisy_cqt/unlensed/neg_0202.png,0,202,train,negative
/root/autodl-tmp/qkzhang/cqt_v2/dataset_images_PM_noisy_cqt/unlensed/neg_0204.png,0,204,train,negative
/root/autodl-tmp/qkzhang/cqt_v2/dataset_images_PM_noisy_cqt/unlensed/neg_0206.png,0,206,train,negative
/root/autodl-tmp/qkzhang/cqt_v2/dataset_images_PM_noisy_cqt/unlensed/neg_0207.png,0,207,train,negative
/root/autodl-tmp/qkzhang/cqt_v2/dataset_images_PM_noisy_cqt/unlensed/neg_0208.png,0,208,train,negative
/root/autodl-tmp/qkzhang/cqt_v2/dataset_images_PM_noisy_cqt/unlensed/neg_0209.png,0,209,train,negative
/root/autodl-tmp/qkzhang/cqt_v2/dataset_images_PM_noisy_cqt/unlensed/neg_0210.png,0,210,train,negative
/root/autodl-tmp/qkzhang/cqt_v2/dataset_images_PM_noisy_cqt/unlensed/neg_0211.png,0,211,train,negative
/root/autodl-tmp/qkzhang/cqt_v2/dataset_images_PM_noisy_cqt/unlensed/neg_0212.png,0,212,train,negative
/root/autodl-tmp/qkzhang/cqt_v2/dataset_images_PM_noisy_cqt/unlensed/neg_0214.png,0,214,train,negative
/root/autodl-tmp/qkzhang/cqt_v2/dataset_images_PM_noisy_cqt/unlensed/neg_0216.png,0,216,train,negative
/root/autodl-tmp/qkzhang/cqt_v2/dataset_images_PM_noisy_cqt/unlensed/neg_0217.png,0,217,train,negative
/root/autodl-tmp/qkzhang/cqt_v2/dataset_images_PM_noisy_cqt/unlensed/neg_0218.png,0,218,train,negative
/root/autodl-tmp/qkzhang/cqt_v2/dataset_images_PM_noisy_cqt/unlensed/neg_0219.png,0,219,train,negative
/root/autodl-tmp/qkzhang/cqt_v2/dataset_images_PM_noisy_cqt/unlensed/neg_0220.png,0,220,train,negative
/root/autodl-tmp/qkzhang/cqt_v2/dataset_images_PM_noisy_cqt/unlensed/neg_0221.png,0,221,train,negative
/root/autodl-tmp/qkzhang/cqt_v2/dataset_images_PM_noisy_cqt/unlensed/neg_0222.png,0,222,train,negative
/root/autodl-tmp/qkzhang/cqt_v2/dataset_images_PM_noisy_cqt/unlensed/neg_0223.png,0,223,train,negative
/root/autodl-tmp/qkzhang/cqt_v2/dataset_images_PM_noisy_cqt/unlensed/neg_0225.png,0,225,train,negative
/root/autodl-tmp/qkzhang/cqt_v2/dataset_images_PM_noisy_cqt/unlensed/neg_0226.png,0,226,train,negative
/root/autodl-tmp/qkzhang/cqt_v2/dataset_images_PM_noisy_cqt/unlensed/neg_0227.png,0,227,train,negative
/root/autodl-tmp/qkzhang/cqt_v2/dataset_images_PM_noisy_cqt/unlensed/neg_0228.png,0,228,train,negative
/root/autodl-tmp/qkzhang/cqt_v2/dataset_images_PM_noisy_cqt/unlensed/neg_0229.png,0,229,train,negative
/root/autodl-tmp/qkzhang/cqt_v2/dataset_images_PM_noisy_cqt/unlensed/neg_0230.png,0,230,train,negative
/root/autodl-tmp/qkzhang/cqt_v2/dataset_images_PM_noisy_cqt/unlensed/neg_0231.png,0,231,train,negative
/root/autodl-tmp/qkzhang/cqt_v2/dataset_images_PM_noisy_cqt/unlensed/neg_0232.png,0,232,train,negative
/root/autodl-tmp/qkzhang/cqt_v2/dataset_images_PM_noisy_cqt/unlensed/neg_0234.png,0,234,train,negative
/root/autodl-tmp/qkzhang/cqt_v2/dataset_images_PM_noisy_cqt/unlensed/neg_0235.png,0,235,train,negative
/root/autodl-tmp/qkzhang/cqt_v2/dataset_images_PM_noisy_cqt/unlensed/neg_0236.png,0,236,train,negative
/root/autodl-tmp/qkzhang/cqt_v2/dataset_images_PM_noisy_cqt/unlensed/neg_0238.png,0,238,train,negative
/root/autodl-tmp/qkzhang/cqt_v2/dataset_images_PM_noisy_cqt/unlensed/neg_0239.png,0,239,train,negative
/root/autodl-tmp/qkzhang/cqt_v2/dataset_images_PM_noisy_cqt/unlensed/neg_0241.png,0,241,train,negative
/root/autodl-tmp/qkzhang/cqt_v2/dataset_images_PM_noisy_cqt/unlensed/neg_0242.png,0,242,train,negative
/root/autodl-tmp/qkzhang/cqt_v2/dataset_images_PM_noisy_cqt/unlensed/neg_0243.png,0,243,train,negative
/root/autodl-tmp/qkzhang/cqt_v2/dataset_images_PM_noisy_cqt/unlensed/neg_0244.png,0,244,train,negative
/root/autodl-tmp/qkzhang/cqt_v2/dataset_images_PM_noisy_cqt/unlensed/neg_0245.png,0,245,train,negative
/root/autodl-tmp/qkzhang/cqt_v2/dataset_images_PM_noisy_cqt/unlensed/neg_0246.png,0,246,train,negative
/root/autodl-tmp/qkzhang/cqt_v2/dataset_images_PM_noisy_cqt/unlensed/neg_0248.png,0,248,train,negative
/root/autodl-tmp/qkzhang/cqt_v2/dataset_images_PM_noisy_cqt/unlensed/neg_0249.png,0,249,train,negative
/root/autodl-tmp/qkzhang/cqt_v2/dataset_images_PM_noisy_cqt/unlensed/neg_0250.png,0,250,train,negative
/root/autodl-tmp/qkzhang/cqt_v2/dataset_images_PM_noisy_cqt/unlensed/neg_0251.png,0,251,train,negative
/root/autodl-tmp/qkzhang/cqt_v2/dataset_images_PM_noisy_cqt/unlensed/neg_0252.png,0,252,train,negative
/root/autodl-tmp/qkzhang/cqt_v2/dataset_images_PM_noisy_cqt/unlensed/neg_0254.png,0,254,train,negative
/root/autodl-tmp/qkzhang/cqt_v2/dataset_images_PM_noisy_cqt/unlensed/neg_0256.png,0,256,train,negative
/root/autodl-tmp/qkzhang/cqt_v2/dataset_images_PM_noisy_cqt/unlensed/neg_0257.png,0,257,train,negative
/root/autodl-tmp/qkzhang/cqt_v2/dataset_images_PM_noisy_cqt/unlensed/neg_0258.png,0,258,train,negative
/root/autodl-tmp/qkzhang/cqt_v2/dataset_images_PM_noisy_cqt/unlensed/neg_0260.png,0,260,train,negative
/root/autodl-tmp/qkzhang/cqt_v2/dataset_images_PM_noisy_cqt/unlensed/neg_0261.png,0,261,train,negative
/root/autodl-tmp/qkzhang/cqt_v2/dataset_images_PM_noisy_cqt/unlensed/neg_0262.png,0,262,train,negative
/root/autodl-tmp/qkzhang/cqt_v2/dataset_images_PM_noisy_cqt/unlensed/neg_0263.png,0,263,train,negative
/root/autodl-tmp/qkzhang/cqt_v2/dataset_images_PM_noisy_cqt/unlensed/neg_0264.png,0,264,train,negative
/root/autodl-tmp/qkzhang/cqt_v2/dataset_images_PM_noisy_cqt/unlensed/neg_0265.png,0,265,train,negative
/root/autodl-tmp/qkzhang/cqt_v2/dataset_images_PM_noisy_cqt/unlensed/neg_0266.png,0,266,train,negative
/root/autodl-tmp/qkzhang/cqt_v2/dataset_images_PM_noisy_cqt/unlensed/neg_0267.png,0,267,train,negative
/root/autodl-tmp/qkzhang/cqt_v2/dataset_images_PM_noisy_cqt/unlensed/neg_0268.png,0,268,train,negative
/root/autodl-tmp/qkzhang/cqt_v2/dataset_images_PM_noisy_cqt/unlensed/neg_0269.png,0,269,train,negative
/root/autodl-tmp/qkzhang/cqt_v2/dataset_images_PM_noisy_cqt/unlensed/neg_0270.png,0,270,train,negative
/root/autodl-tmp/qkzhang/cqt_v2/dataset_images_PM_noisy_cqt/unlensed/neg_0271.png,0,271,train,negative
/root/autodl-tmp/qkzhang/cqt_v2/dataset_images_PM_noisy_cqt/unlensed/neg_0272.png,0,272,train,negative
/root/autodl-tmp/qkzhang/cqt_v2/dataset_images_PM_noisy_cqt/unlensed/neg_0273.png,0,273,train,negative
/root/autodl-tmp/qkzhang/cqt_v2/dataset_images_PM_noisy_cqt/unlensed/neg_0274.png,0,274,train,negative
/root/autodl-tmp/qkzhang/cqt_v2/dataset_images_PM_noisy_cqt/unlensed/neg_0275.png,0,275,train,negative
/root/autodl-tmp/qkzhang/cqt_v2/dataset_images_PM_noisy_cqt/unlensed/neg_0276.png,0,276,train,negative
/root/autodl-tmp/qkzhang/cqt_v2/dataset_images_PM_noisy_cqt/unlensed/neg_0277.png,0,277,train,negative
/root/autodl-tmp/qkzhang/cqt_v2/dataset_images_PM_noisy_cqt/unlensed/neg_0278.png,0,278,train,negative
/root/autodl-tmp/qkzhang/cqt_v2/dataset_images_PM_noisy_cqt/unlensed/neg_0279.png,0,279,train,negative
/root/autodl-tmp/qkzhang/cqt_v2/dataset_images_PM_noisy_cqt/unlensed/neg_0280.png,0,280,train,negative
/root/autodl-tmp/qkzhang/cqt_v2/dataset_images_PM_noisy_cqt/unlensed/neg_0281.png,0,281,train,negative
/root/autodl-tmp/qkzhang/cqt_v2/dataset_images_PM_noisy_cqt/unlensed/neg_0283.png,0,283,train,negative
/root/autodl-tmp/qkzhang/cqt_v2/dataset_images_PM_noisy_cqt/unlensed/neg_0284.png,0,284,train,negative
/root/autodl-tmp/qkzhang/cqt_v2/dataset_images_PM_noisy_cqt/unlensed/neg_0286.png,0,286,train,negative
/root/autodl-tmp/qkzhang/cqt_v2/dataset_images_PM_noisy_cqt/unlensed/neg_0287.png,0,287,train,negative
/root/autodl-tmp/qkzhang/cqt_v2/dataset_images_PM_noisy_cqt/unlensed/neg_0288.png,0,288,train,negative
/root/autodl-tmp/qkzhang/cqt_v2/dataset_images_PM_noisy_cqt/unlensed/neg_0289.png,0,289,train,negative
/root/autodl-tmp/qkzhang/cqt_v2/dataset_images_PM_noisy_cqt/unlensed/neg_0290.png,0,290,train,negative
/root/autodl-tmp/qkzhang/cqt_v2/dataset_images_PM_noisy_cqt/unlensed/neg_0291.png,0,291,train,negative
/root/autodl-tmp/qkzhang/cqt_v2/dataset_images_PM_noisy_cqt/unlensed/neg_0292.png,0,292,train,negative
/root/autodl-tmp/qkzhang/cqt_v2/dataset_images_PM_noisy_cqt/unlensed/neg_0293.png,0,293,train,negative
/root/autodl-tmp/qkzhang/cqt_v2/dataset_images_PM_noisy_cqt/unlensed/neg_0294.png,0,294,train,negative
/root/autodl-tmp/qkzhang/cqt_v2/dataset_images_PM_noisy_cqt/unlensed/neg_0295.png,0,295,train,negative
/root/autodl-tmp/qkzhang/cqt_v2/dataset_images_PM_noisy_cqt/unlensed/neg_0296.png,0,296,train,negative
/root/autodl-tmp/qkzhang/cqt_v2/dataset_images_PM_noisy_cqt/unlensed/neg_0297.png,0,297,train,negative
/root/autodl-tmp/qkzhang/cqt_v2/dataset_images_PM_noisy_cqt/unlensed/neg_0298.png,0,298,train,negative
/root/autodl-tmp/qkzhang/cqt_v2/dataset_images_PM_noisy_cqt/unlensed/neg_0300.png,0,300,train,negative
/root/autodl-tmp/qkzhang/cqt_v2/dataset_images_PM_noisy_cqt/unlensed/neg_0301.png,0,301,train,negative
/root/autodl-tmp/qkzhang/cqt_v2/dataset_images_PM_noisy_cqt/unlensed/neg_0302.png,0,302,train,negative
/root/autodl-tmp/qkzhang/cqt_v2/dataset_images_PM_noisy_cqt/unlensed/neg_0304.png,0,304,train,negative
/root/autodl-tmp/qkzhang/cqt_v2/dataset_images_PM_noisy_cqt/unlensed/neg_0305.png,0,305,train,negative
/root/autodl-tmp/qkzhang/cqt_v2/dataset_images_PM_noisy_cqt/unlensed/neg_0306.png,0,306,train,negative
/root/autodl-tmp/qkzhang/cqt_v2/dataset_images_PM_noisy_cqt/unlensed/neg_0307.png,0,307,train,negative
/root/autodl-tmp/qkzhang/cqt_v2/dataset_images_PM_noisy_cqt/unlensed/neg_0308.png,0,308,train,negative
/root/autodl-tmp/qkzhang/cqt_v2/dataset_images_PM_noisy_cqt/unlensed/neg_0309.png,0,309,train,negative
/root/autodl-tmp/qkzhang/cqt_v2/dataset_images_PM_noisy_cqt/unlensed/neg_0311.png,0,311,train,negative
/root/autodl-tmp/qkzhang/cqt_v2/dataset_images_PM_noisy_cqt/unlensed/neg_0312.png,0,312,train,negative
/root/autodl-tmp/qkzhang/cqt_v2/dataset_images_PM_noisy_cqt/unlensed/neg_0315.png,0,315,train,negative
/root/autodl-tmp/qkzhang/cqt_v2/dataset_images_PM_noisy_cqt/unlensed/neg_0316.png,0,316,train,negative
/root/autodl-tmp/qkzhang/cqt_v2/dataset_images_PM_noisy_cqt/unlensed/neg_0317.png,0,317,train,negative
/root/autodl-tmp/qkzhang/cqt_v2/dataset_images_PM_noisy_cqt/unlensed/neg_0318.png,0,318,train,negative
/root/autodl-tmp/qkzhang/cqt_v2/dataset_images_PM_noisy_cqt/unlensed/neg_0319.png,0,319,train,negative
/root/autodl-tmp/qkzhang/cqt_v2/dataset_images_PM_noisy_cqt/unlensed/neg_0320.png,0,320,train,negative
/root/autodl-tmp/qkzhang/cqt_v2/dataset_images_PM_noisy_cqt/unlensed/neg_0321.png,0,321,train,negative
/root/autodl-tmp/qkzhang/cqt_v2/dataset_images_PM_noisy_cqt/unlensed/neg_0322.png,0,322,train,negative
/root/autodl-tmp/qkzhang/cqt_v2/dataset_images_PM_noisy_cqt/unlensed/neg_0323.png,0,323,train,negative
/root/autodl-tmp/qkzhang/cqt_v2/dataset_images_PM_noisy_cqt/unlensed/neg_0325.png,0,325,train,negative
/root/autodl-tmp/qkzhang/cqt_v2/dataset_images_PM_noisy_cqt/unlensed/neg_0326.png,0,326,train,negative
/root/autodl-tmp/qkzhang/cqt_v2/dataset_images_PM_noisy_cqt/unlensed/neg_0327.png,0,327,train,negative
/root/autodl-tmp/qkzhang/cqt_v2/dataset_images_PM_noisy_cqt/unlensed/neg_0329.png,0,329,train,negative
/root/autodl-tmp/qkzhang/cqt_v2/dataset_images_PM_noisy_cqt/unlensed/neg_0330.png,0,330,train,negative
/root/autodl-tmp/qkzhang/cqt_v2/dataset_images_PM_noisy_cqt/unlensed/neg_0331.png,0,331,train,negative
/root/autodl-tmp/qkzhang/cqt_v2/dataset_images_PM_noisy_cqt/unlensed/neg_0332.png,0,332,train,negative
/root/autodl-tmp/qkzhang/cqt_v2/dataset_images_PM_noisy_cqt/unlensed/neg_0334.png,0,334,train,negative
/root/autodl-tmp/qkzhang/cqt_v2/dataset_images_PM_noisy_cqt/unlensed/neg_0335.png,0,335,train,negative
/root/autodl-tmp/qkzhang/cqt_v2/dataset_images_PM_noisy_cqt/unlensed/neg_0336.png,0,336,train,negative
/root/autodl-tmp/qkzhang/cqt_v2/dataset_images_PM_noisy_cqt/unlensed/neg_0337.png,0,337,train,negative
/root/autodl-tmp/qkzhang/cqt_v2/dataset_images_PM_noisy_cqt/unlensed/neg_0338.png,0,338,train,negative
/root/autodl-tmp/qkzhang/cqt_v2/dataset_images_PM_noisy_cqt/unlensed/neg_0339.png,0,339,train,negative
/root/autodl-tmp/qkzhang/cqt_v2/dataset_images_PM_noisy_cqt/unlensed/neg_0341.png,0,341,train,negative
/root/autodl-tmp/qkzhang/cqt_v2/dataset_images_PM_noisy_cqt/unlensed/neg_0342.png,0,342,train,negative
/root/autodl-tmp/qkzhang/cqt_v2/dataset_images_PM_noisy_cqt/unlensed/neg_0344.png,0,344,train,negative
/root/autodl-tmp/qkzhang/cqt_v2/dataset_images_PM_noisy_cqt/unlensed/neg_0345.png,0,345,train,negative
/root/autodl-tmp/qkzhang/cqt_v2/dataset_images_PM_noisy_cqt/unlensed/neg_0346.png,0,346,train,negative
/root/autodl-tmp/qkzhang/cqt_v2/dataset_images_PM_noisy_cqt/unlensed/neg_0349.png,0,349,train,negative
/root/autodl-tmp/qkzhang/cqt_v2/dataset_images_PM_noisy_cqt/unlensed/neg_0350.png,0,350,train,negative
/root/autodl-tmp/qkzhang/cqt_v2/dataset_images_PM_noisy_cqt/unlensed/neg_0351.png,0,351,train,negative
/root/autodl-tmp/qkzhang/cqt_v2/dataset_images_PM_noisy_cqt/unlensed/neg_0352.png,0,352,train,negative
/root/autodl-tmp/qkzhang/cqt_v2/dataset_images_PM_noisy_cqt/unlensed/neg_0353.png,0,353,train,negative
/root/autodl-tmp/qkzhang/cqt_v2/dataset_images_PM_noisy_cqt/unlensed/neg_0354.png,0,354,train,negative
/root/autodl-tmp/qkzhang/cqt_v2/dataset_images_PM_noisy_cqt/unlensed/neg_0355.png,0,355,train,negative
/root/autodl-tmp/qkzhang/cqt_v2/dataset_images_PM_noisy_cqt/unlensed/neg_0356.png,0,356,train,negative
/root/autodl-tmp/qkzhang/cqt_v2/dataset_images_PM_noisy_cqt/unlensed/neg_0357.png,0,357,train,negative
/root/autodl-tmp/qkzhang/cqt_v2/dataset_images_PM_noisy_cqt/unlensed/neg_0358.png,0,358,train,negative
/root/autodl-tmp/qkzhang/cqt_v2/dataset_images_PM_noisy_cqt/unlensed/neg_0359.png,0,359,train,negative
/root/autodl-tmp/qkzhang/cqt_v2/dataset_images_PM_noisy_cqt/unlensed/neg_0360.png,0,360,train,negative
/root/autodl-tmp/qkzhang/cqt_v2/dataset_images_PM_noisy_cqt/unlensed/neg_0361.png,0,361,train,negative
/root/autodl-tmp/qkzhang/cqt_v2/dataset_images_PM_noisy_cqt/unlensed/neg_0363.png,0,363,train,negative
/root/autodl-tmp/qkzhang/cqt_v2/dataset_images_PM_noisy_cqt/unlensed/neg_0364.png,0,364,train,negative
/root/autodl-tmp/qkzhang/cqt_v2/dataset_images_PM_noisy_cqt/unlensed/neg_0365.png,0,365,train,negative
/root/autodl-tmp/qkzhang/cqt_v2/dataset_images_PM_noisy_cqt/unlensed/neg_0366.png,0,366,train,negative
/root/autodl-tmp/qkzhang/cqt_v2/dataset_images_PM_noisy_cqt/unlensed/neg_0367.png,0,367,train,negative
/root/autodl-tmp/qkzhang/cqt_v2/dataset_images_PM_noisy_cqt/unlensed/neg_0368.png,0,368,train,negative
/root/autodl-tmp/qkzhang/cqt_v2/dataset_images_PM_noisy_cqt/unlensed/neg_0369.png,0,369,train,negative
/root/autodl-tmp/qkzhang/cqt_v2/dataset_images_PM_noisy_cqt/unlensed/neg_0370.png,0,370,train,negative
/root/autodl-tmp/qkzhang/cqt_v2/dataset_images_PM_noisy_cqt/unlensed/neg_0372.png,0,372,train,negative
/root/autodl-tmp/qkzhang/cqt_v2/dataset_images_PM_noisy_cqt/unlensed/neg_0373.png,0,373,train,negative
/root/autodl-tmp/qkzhang/cqt_v2/dataset_images_PM_noisy_cqt/unlensed/neg_0374.png,0,374,train,negative
/root/autodl-tmp/qkzhang/cqt_v2/dataset_images_PM_noisy_cqt/unlensed/neg_0375.png,0,375,train,negative
/root/autodl-tmp/qkzhang/cqt_v2/dataset_images_PM_noisy_cqt/unlensed/neg_0377.png,0,377,train,negative
/root/autodl-tmp/qkzhang/cqt_v2/dataset_images_PM_noisy_cqt/unlensed/neg_0378.png,0,378,train,negative
/root/autodl-tmp/qkzhang/cqt_v2/dataset_images_PM_noisy_cqt/unlensed/neg_0379.png,0,379,train,negative
/root/autodl-tmp/qkzhang/cqt_v2/dataset_images_PM_noisy_cqt/unlensed/neg_0380.png,0,380,train,negative
/root/autodl-tmp/qkzhang/cqt_v2/dataset_images_PM_noisy_cqt/unlensed/neg_0382.png,0,382,train,negative
/root/autodl-tmp/qkzhang/cqt_v2/dataset_images_PM_noisy_cqt/unlensed/neg_0383.png,0,383,train,negative
/root/autodl-tmp/qkzhang/cqt_v2/dataset_images_PM_noisy_cqt/unlensed/neg_0384.png,0,384,train,negative
/root/autodl-tmp/qkzhang/cqt_v2/dataset_images_PM_noisy_cqt/unlensed/neg_0385.png,0,385,train,negative
/root/autodl-tmp/qkzhang/cqt_v2/dataset_images_PM_noisy_cqt/unlensed/neg_0386.png,0,386,train,negative
/root/autodl-tmp/qkzhang/cqt_v2/dataset_images_PM_noisy_cqt/unlensed/neg_0387.png,0,387,train,negative
/root/autodl-tmp/qkzhang/cqt_v2/dataset_images_PM_noisy_cqt/unlensed/neg_0388.png,0,388,train,negative
/root/autodl-tmp/qkzhang/cqt_v2/dataset_images_PM_noisy_cqt/unlensed/neg_0390.png,0,390,train,negative
/root/autodl-tmp/qkzhang/cqt_v2/dataset_images_PM_noisy_cqt/unlensed/neg_0391.png,0,391,train,negative
/root/autodl-tmp/qkzhang/cqt_v2/dataset_images_PM_noisy_cqt/unlensed/neg_0392.png,0,392,train,negative
/root/autodl-tmp/qkzhang/cqt_v2/dataset_images_PM_noisy_cqt/unlensed/neg_0393.png,0,393,train,negative
/root/autodl-tmp/qkzhang/cqt_v2/dataset_images_PM_noisy_cqt/unlensed/neg_0394.png,0,394,train,negative
/root/autodl-tmp/qkzhang/cqt_v2/dataset_images_PM_noisy_cqt/unlensed/neg_0395.png,0,395,train,negative
/root/autodl-tmp/qkzhang/cqt_v2/dataset_images_PM_noisy_cqt/unlensed/neg_0396.png,0,396,train,negative
/root/autodl-tmp/qkzhang/cqt_v2/dataset_images_PM_noisy_cqt/unlensed/neg_0397.png,0,397,train,negative
/root/autodl-tmp/qkzhang/cqt_v2/dataset_images_PM_noisy_cqt/unlensed/neg_0399.png,0,399,train,negative
/root/autodl-tmp/qkzhang/cqt_v2/dataset_images_PM_noisy_cqt/unlensed/neg_0400.png,0,400,train,negative
/root/autodl-tmp/qkzhang/cqt_v2/dataset_images_PM_noisy_cqt/unlensed/neg_0401.png,0,401,train,negative
/root/autodl-tmp/qkzhang/cqt_v2/dataset_images_PM_noisy_cqt/unlensed/neg_0402.png,0,402,train,negative
/root/autodl-tmp/qkzhang/cqt_v2/dataset_images_PM_noisy_cqt/unlensed/neg_0404.png,0,404,train,negative
/root/autodl-tmp/qkzhang/cqt_v2/dataset_images_PM_noisy_cqt/unlensed/neg_0406.png,0,406,train,negative
/root/autodl-tmp/qkzhang/cqt_v2/dataset_images_PM_noisy_cqt/unlensed/neg_0407.png,0,407,train,negative
/root/autodl-tmp/qkzhang/cqt_v2/dataset_images_PM_noisy_cqt/unlensed/neg_0408.png,0,408,train,negative
/root/autodl-tmp/qkzhang/cqt_v2/dataset_images_PM_noisy_cqt/unlensed/neg_0410.png,0,410,train,negative
/root/autodl-tmp/qkzhang/cqt_v2/dataset_images_PM_noisy_cqt/unlensed/neg_0411.png,0,411,train,negative
/root/autodl-tmp/qkzhang/cqt_v2/dataset_images_PM_noisy_cqt/unlensed/neg_0412.png,0,412,train,negative
/root/autodl-tmp/qkzhang/cqt_v2/dataset_images_PM_noisy_cqt/unlensed/neg_0413.png,0,413,train,negative
/root/autodl-tmp/qkzhang/cqt_v2/dataset_images_PM_noisy_cqt/unlensed/neg_0414.png,0,414,train,negative
/root/autodl-tmp/qkzhang/cqt_v2/dataset_images_PM_noisy_cqt/unlensed/neg_0415.png,0,415,train,negative
/root/autodl-tmp/qkzhang/cqt_v2/dataset_images_PM_noisy_cqt/unlensed/neg_0416.png,0,416,train,negative
/root/autodl-tmp/qkzhang/cqt_v2/dataset_images_PM_noisy_cqt/unlensed/neg_0417.png,0,417,train,negative
/root/autodl-tmp/qkzhang/cqt_v2/dataset_images_PM_noisy_cqt/unlensed/neg_0418.png,0,418,train,negative
/root/autodl-tmp/qkzhang/cqt_v2/dataset_images_PM_noisy_cqt/unlensed/neg_0419.png,0,419,train,negative
/root/autodl-tmp/qkzhang/cqt_v2/dataset_images_PM_noisy_cqt/unlensed/neg_0420.png,0,420,train,negative
/root/autodl-tmp/qkzhang/cqt_v2/dataset_images_PM_noisy_cqt/unlensed/neg_0421.png,0,421,train,negative
/root/autodl-tmp/qkzhang/cqt_v2/dataset_images_PM_noisy_cqt/unlensed/neg_0422.png,0,422,train,negative
/root/autodl-tmp/qkzhang/cqt_v2/dataset_images_PM_noisy_cqt/unlensed/neg_0423.png,0,423,train,negative
/root/autodl-tmp/qkzhang/cqt_v2/dataset_images_PM_noisy_cqt/unlensed/neg_0425.png,0,425,train,negative
/root/autodl-tmp/qkzhang/cqt_v2/dataset_images_PM_noisy_cqt/unlensed/neg_0426.png,0,426,train,negative
/root/autodl-tmp/qkzhang/cqt_v2/dataset_images_PM_noisy_cqt/unlensed/neg_0427.png,0,427,train,negative
/root/autodl-tmp/qkzhang/cqt_v2/dataset_images_PM_noisy_cqt/unlensed/neg_0428.png,0,428,train,negative
/root/autodl-tmp/qkzhang/cqt_v2/dataset_images_PM_noisy_cqt/unlensed/neg_0429.png,0,429,train,negative
/root/autodl-tmp/qkzhang/cqt_v2/dataset_images_PM_noisy_cqt/unlensed/neg_0430.png,0,430,train,negative
/root/autodl-tmp/qkzhang/cqt_v2/dataset_images_PM_noisy_cqt/unlensed/neg_0432.png,0,432,train,negative
/root/autodl-tmp/qkzhang/cqt_v2/dataset_images_PM_noisy_cqt/unlensed/neg_0433.png,0,433,train,negative
/root/autodl-tmp/qkzhang/cqt_v2/dataset_images_PM_noisy_cqt/unlensed/neg_0434.png,0,434,train,negative
/root/autodl-tmp/qkzhang/cqt_v2/dataset_images_PM_noisy_cqt/unlensed/neg_0435.png,0,435,train,negative
/root/autodl-tmp/qkzhang/cqt_v2/dataset_images_PM_noisy_cqt/unlensed/neg_0436.png,0,436,train,negative
/root/autodl-tmp/qkzhang/cqt_v2/dataset_images_PM_noisy_cqt/unlensed/neg_0438.png,0,438,train,negative
/root/autodl-tmp/qkzhang/cqt_v2/dataset_images_PM_noisy_cqt/unlensed/neg_0439.png,0,439,train,negative
/root/autodl-tmp/qkzhang/cqt_v2/dataset_images_PM_noisy_cqt/unlensed/neg_0440.png,0,440,train,negative
/root/autodl-tmp/qkzhang/cqt_v2/dataset_images_PM_noisy_cqt/unlensed/neg_0441.png,0,441,train,negative
/root/autodl-tmp/qkzhang/cqt_v2/dataset_images_PM_noisy_cqt/unlensed/neg_0442.png,0,442,train,negative
/root/autodl-tmp/qkzhang/cqt_v2/dataset_images_PM_noisy_cqt/unlensed/neg_0443.png,0,443,train,negative
/root/autodl-tmp/qkzhang/cqt_v2/dataset_images_PM_noisy_cqt/unlensed/neg_0444.png,0,444,train,negative
/root/autodl-tmp/qkzhang/cqt_v2/dataset_images_PM_noisy_cqt/unlensed/neg_0445.png,0,445,train,negative
/root/autodl-tmp/qkzhang/cqt_v2/dataset_images_PM_noisy_cqt/unlensed/neg_0446.png,0,446,train,negative
/root/autodl-tmp/qkzhang/cqt_v2/dataset_images_PM_noisy_cqt/unlensed/neg_0447.png,0,447,train,negative
/root/autodl-tmp/qkzhang/cqt_v2/dataset_images_PM_noisy_cqt/unlensed/neg_0448.png,0,448,train,negative
/root/autodl-tmp/qkzhang/cqt_v2/dataset_images_PM_noisy_cqt/unlensed/neg_0449.png,0,449,train,negative
/root/autodl-tmp/qkzhang/cqt_v2/dataset_images_PM_noisy_cqt/unlensed/neg_0450.png,0,450,train,negative
/root/autodl-tmp/qkzhang/cqt_v2/dataset_images_PM_noisy_cqt/unlensed/neg_0451.png,0,451,train,negative
/root/autodl-tmp/qkzhang/cqt_v2/dataset_images_PM_noisy_cqt/unlensed/neg_0453.png,0,453,train,negative
/root/autodl-tmp/qkzhang/cqt_v2/dataset_images_PM_noisy_cqt/unlensed/neg_0455.png,0,455,train,negative
/root/autodl-tmp/qkzhang/cqt_v2/dataset_images_PM_noisy_cqt/unlensed/neg_0456.png,0,456,train,negative
/root/autodl-tmp/qkzhang/cqt_v2/dataset_images_PM_noisy_cqt/unlensed/neg_0459.png,0,459,train,negative
/root/autodl-tmp/qkzhang/cqt_v2/dataset_images_PM_noisy_cqt/unlensed/neg_0460.png,0,460,train,negative
/root/autodl-tmp/qkzhang/cqt_v2/dataset_images_PM_noisy_cqt/unlensed/neg_0462.png,0,462,train,negative
/root/autodl-tmp/qkzhang/cqt_v2/dataset_images_PM_noisy_cqt/unlensed/neg_0463.png,0,463,train,negative
/root/autodl-tmp/qkzhang/cqt_v2/dataset_images_PM_noisy_cqt/unlensed/neg_0465.png,0,465,train,negative
/root/autodl-tmp/qkzhang/cqt_v2/dataset_images_PM_noisy_cqt/unlensed/neg_0466.png,0,466,train,negative
/root/autodl-tmp/qkzhang/cqt_v2/dataset_images_PM_noisy_cqt/unlensed/neg_0467.png,0,467,train,negative
/root/autodl-tmp/qkzhang/cqt_v2/dataset_images_PM_noisy_cqt/unlensed/neg_0468.png,0,468,train,negative
/root/autodl-tmp/qkzhang/cqt_v2/dataset_images_PM_noisy_cqt/unlensed/neg_0469.png,0,469,train,negative
/root/autodl-tmp/qkzhang/cqt_v2/dataset_images_PM_noisy_cqt/unlensed/neg_0470.png,0,470,train,negative
/root/autodl-tmp/qkzhang/cqt_v2/dataset_images_PM_noisy_cqt/unlensed/neg_0471.png,0,471,train,negative
/root/autodl-tmp/qkzhang/cqt_v2/dataset_images_PM_noisy_cqt/unlensed/neg_0472.png,0,472,train,negative
/root/autodl-tmp/qkzhang/cqt_v2/dataset_images_PM_noisy_cqt/unlensed/neg_0473.png,0,473,train,negative
/root/autodl-tmp/qkzhang/cqt_v2/dataset_images_PM_noisy_cqt/unlensed/neg_0476.png,0,476,train,negative
/root/autodl-tmp/qkzhang/cqt_v2/dataset_images_PM_noisy_cqt/unlensed/neg_0477.png,0,477,train,negative
/root/autodl-tmp/qkzhang/cqt_v2/dataset_images_PM_noisy_cqt/unlensed/neg_0478.png,0,478,train,negative
/root/autodl-tmp/qkzhang/cqt_v2/dataset_images_PM_noisy_cqt/unlensed/neg_0479.png,0,479,train,negative
/root/autodl-tmp/qkzhang/cqt_v2/dataset_images_PM_noisy_cqt/unlensed/neg_0480.png,0,480,train,negative
/root/autodl-tmp/qkzhang/cqt_v2/dataset_images_PM_noisy_cqt/unlensed/neg_0481.png,0,481,train,negative
/root/autodl-tmp/qkzhang/cqt_v2/dataset_images_PM_noisy_cqt/unlensed/neg_0483.png,0,483,train,negative
/root/autodl-tmp/qkzhang/cqt_v2/dataset_images_PM_noisy_cqt/unlensed/neg_0484.png,0,484,train,negative
/root/autodl-tmp/qkzhang/cqt_v2/dataset_images_PM_noisy_cqt/unlensed/neg_0485.png,0,485,train,negative
/root/autodl-tmp/qkzhang/cqt_v2/dataset_images_PM_noisy_cqt/unlensed/neg_0487.png,0,487,train,negative
/root/autodl-tmp/qkzhang/cqt_v2/dataset_images_PM_noisy_cqt/unlensed/neg_0489.png,0,489,train,negative
/root/autodl-tmp/qkzhang/cqt_v2/dataset_images_PM_noisy_cqt/unlensed/neg_0490.png,0,490,train,negative
/root/autodl-tmp/qkzhang/cqt_v2/dataset_images_PM_noisy_cqt/unlensed/neg_0491.png,0,491,train,negative
/root/autodl-tmp/qkzhang/cqt_v2/dataset_images_PM_noisy_cqt/unlensed/neg_0492.png,0,492,train,negative
/root/autodl-tmp/qkzhang/cqt_v2/dataset_images_PM_noisy_cqt/unlensed/neg_0494.png,0,494,train,negative
/root/autodl-tmp/qkzhang/cqt_v2/dataset_images_PM_noisy_cqt/unlensed/neg_0495.png,0,495,train,negative
/root/autodl-tmp/qkzhang/cqt_v2/dataset_images_PM_noisy_cqt/unlensed/neg_0496.png,0,496,train,negative
/root/autodl-tmp/qkzhang/cqt_v2/dataset_images_PM_noisy_cqt/unlensed/neg_0497.png,0,497,train,negative
/root/autodl-tmp/qkzhang/cqt_v2/dataset_images_PM_noisy_cqt/unlensed/neg_0498.png,0,498,train,negative
/root/autodl-tmp/qkzhang/cqt_v2/dataset_images_PM_noisy_cqt/unlensed/neg_0499.png,0,499,train,negative
/root/autodl-tmp/qkzhang/cqt_v2/dataset_images_PM_noisy_cqt/unlensed/neg_0500.png,0,500,train,negative
/root/autodl-tmp/qkzhang/cqt_v2/dataset_images_PM_noisy_cqt/unlensed/neg_0501.png,0,501,train,negative
/root/autodl-tmp/qkzhang/cqt_v2/dataset_images_PM_noisy_cqt/unlensed/neg_0502.png,0,502,train,negative
/root/autodl-tmp/qkzhang/cqt_v2/dataset_images_PM_noisy_cqt/unlensed/neg_0503.png,0,503,train,negative
/root/autodl-tmp/qkzhang/cqt_v2/dataset_images_PM_noisy_cqt/unlensed/neg_0504.png,0,504,train,negative
/root/autodl-tmp/qkzhang/cqt_v2/dataset_images_PM_noisy_cqt/unlensed/neg_0505.png,0,505,train,negative
/root/autodl-tmp/qkzhang/cqt_v2/dataset_images_PM_noisy_cqt/unlensed/neg_0506.png,0,506,train,negative
/root/autodl-tmp/qkzhang/cqt_v2/dataset_images_PM_noisy_cqt/unlensed/neg_0507.png,0,507,train,negative
/root/autodl-tmp/qkzhang/cqt_v2/dataset_images_PM_noisy_cqt/unlensed/neg_0508.png,0,508,train,negative
/root/autodl-tmp/qkzhang/cqt_v2/dataset_images_PM_noisy_cqt/unlensed/neg_0509.png,0,509,train,negative
/root/autodl-tmp/qkzhang/cqt_v2/dataset_images_PM_noisy_cqt/unlensed/neg_0510.png,0,510,train,negative
/root/autodl-tmp/qkzhang/cqt_v2/dataset_images_PM_noisy_cqt/unlensed/neg_0511.png,0,511,train,negative
/root/autodl-tmp/qkzhang/cqt_v2/dataset_images_PM_noisy_cqt/unlensed/neg_0513.png,0,513,train,negative
/root/autodl-tmp/qkzhang/cqt_v2/dataset_images_PM_noisy_cqt/unlensed/neg_0514.png,0,514,train,negative
/root/autodl-tmp/qkzhang/cqt_v2/dataset_images_PM_noisy_cqt/unlensed/neg_0515.png,0,515,train,negative
/root/autodl-tmp/qkzhang/cqt_v2/dataset_images_PM_noisy_cqt/unlensed/neg_0516.png,0,516,train,negative
/root/autodl-tmp/qkzhang/cqt_v2/dataset_images_PM_noisy_cqt/unlensed/neg_0517.png,0,517,train,negative
/root/autodl-tmp/qkzhang/cqt_v2/dataset_images_PM_noisy_cqt/unlensed/neg_0518.png,0,518,train,negative
/root/autodl-tmp/qkzhang/cqt_v2/dataset_images_PM_noisy_cqt/unlensed/neg_0520.png,0,520,train,negative
/root/autodl-tmp/qkzhang/cqt_v2/dataset_images_PM_noisy_cqt/unlensed/neg_0521.png,0,521,train,negative
/root/autodl-tmp/qkzhang/cqt_v2/dataset_images_PM_noisy_cqt/unlensed/neg_0522.png,0,522,train,negative
/root/autodl-tmp/qkzhang/cqt_v2/dataset_images_PM_noisy_cqt/unlensed/neg_0523.png,0,523,train,negative
/root/autodl-tmp/qkzhang/cqt_v2/dataset_images_PM_noisy_cqt/unlensed/neg_0524.png,0,524,train,negative
/root/autodl-tmp/qkzhang/cqt_v2/dataset_images_PM_noisy_cqt/unlensed/neg_0525.png,0,525,train,negative
/root/autodl-tmp/qkzhang/cqt_v2/dataset_images_PM_noisy_cqt/unlensed/neg_0526.png,0,526,train,negative
/root/autodl-tmp/qkzhang/cqt_v2/dataset_images_PM_noisy_cqt/unlensed/neg_0527.png,0,527,train,negative
/root/autodl-tmp/qkzhang/cqt_v2/dataset_images_PM_noisy_cqt/unlensed/neg_0528.png,0,528,train,negative
/root/autodl-tmp/qkzhang/cqt_v2/dataset_images_PM_noisy_cqt/unlensed/neg_0529.png,0,529,train,negative
/root/autodl-tmp/qkzhang/cqt_v2/dataset_images_PM_noisy_cqt/unlensed/neg_0530.png,0,530,train,negative
/root/autodl-tmp/qkzhang/cqt_v2/dataset_images_PM_noisy_cqt/unlensed/neg_0532.png,0,532,train,negative
/root/autodl-tmp/qkzhang/cqt_v2/dataset_images_PM_noisy_cqt/unlensed/neg_0533.png,0,533,train,negative
/root/autodl-tmp/qkzhang/cqt_v2/dataset_images_PM_noisy_cqt/unlensed/neg_0534.png,0,534,train,negative
/root/autodl-tmp/qkzhang/cqt_v2/dataset_images_PM_noisy_cqt/unlensed/neg_0535.png,0,535,train,negative
/root/autodl-tmp/qkzhang/cqt_v2/dataset_images_PM_noisy_cqt/unlensed/neg_0536.png,0,536,train,negative
/root/autodl-tmp/qkzhang/cqt_v2/dataset_images_PM_noisy_cqt/unlensed/neg_0537.png,0,537,train,negative
/root/autodl-tmp/qkzhang/cqt_v2/dataset_images_PM_noisy_cqt/unlensed/neg_0539.png,0,539,train,negative
/root/autodl-tmp/qkzhang/cqt_v2/dataset_images_PM_noisy_cqt/unlensed/neg_0540.png,0,540,train,negative
/root/autodl-tmp/qkzhang/cqt_v2/dataset_images_PM_noisy_cqt/unlensed/neg_0541.png,0,541,train,negative
/root/autodl-tmp/qkzhang/cqt_v2/dataset_images_PM_noisy_cqt/unlensed/neg_0544.png,0,544,train,negative
/root/autodl-tmp/qkzhang/cqt_v2/dataset_images_PM_noisy_cqt/unlensed/neg_0545.png,0,545,train,negative
/root/autodl-tmp/qkzhang/cqt_v2/dataset_images_PM_noisy_cqt/unlensed/neg_0546.png,0,546,train,negative
/root/autodl-tmp/qkzhang/cqt_v2/dataset_images_PM_noisy_cqt/unlensed/neg_0547.png,0,547,train,negative
/root/autodl-tmp/qkzhang/cqt_v2/dataset_images_PM_noisy_cqt/unlensed/neg_0548.png,0,548,train,negative
/root/autodl-tmp/qkzhang/cqt_v2/dataset_images_PM_noisy_cqt/unlensed/neg_0549.png,0,549,train,negative
/root/autodl-tmp/qkzhang/cqt_v2/dataset_images_PM_noisy_cqt/unlensed/neg_0550.png,0,550,train,negative
/root/autodl-tmp/qkzhang/cqt_v2/dataset_images_PM_noisy_cqt/unlensed/neg_0551.png,0,551,train,negative
/root/autodl-tmp/qkzhang/cqt_v2/dataset_images_PM_noisy_cqt/unlensed/neg_0552.png,0,552,train,negative
/root/autodl-tmp/qkzhang/cqt_v2/dataset_images_PM_noisy_cqt/unlensed/neg_0553.png,0,553,train,negative
/root/autodl-tmp/qkzhang/cqt_v2/dataset_images_PM_noisy_cqt/unlensed/neg_0556.png,0,556,train,negative
/root/autodl-tmp/qkzhang/cqt_v2/dataset_images_PM_noisy_cqt/unlensed/neg_0557.png,0,557,train,negative
/root/autodl-tmp/qkzhang/cqt_v2/dataset_images_PM_noisy_cqt/unlensed/neg_0558.png,0,558,train,negative
/root/autodl-tmp/qkzhang/cqt_v2/dataset_images_PM_noisy_cqt/unlensed/neg_0559.png,0,559,train,negative
/root/autodl-tmp/qkzhang/cqt_v2/dataset_images_PM_noisy_cqt/unlensed/neg_0560.png,0,560,train,negative
/root/autodl-tmp/qkzhang/cqt_v2/dataset_images_PM_noisy_cqt/unlensed/neg_0561.png,0,561,train,negative
/root/autodl-tmp/qkzhang/cqt_v2/dataset_images_PM_noisy_cqt/unlensed/neg_0562.png,0,562,train,negative
/root/autodl-tmp/qkzhang/cqt_v2/dataset_images_PM_noisy_cqt/unlensed/neg_0563.png,0,563,train,negative
/root/autodl-tmp/qkzhang/cqt_v2/dataset_images_PM_noisy_cqt/unlensed/neg_0564.png,0,564,train,negative
/root/autodl-tmp/qkzhang/cqt_v2/dataset_images_PM_noisy_cqt/unlensed/neg_0565.png,0,565,train,negative
/root/autodl-tmp/qkzhang/cqt_v2/dataset_images_PM_noisy_cqt/unlensed/neg_0567.png,0,567,train,negative
/root/autodl-tmp/qkzhang/cqt_v2/dataset_images_PM_noisy_cqt/unlensed/neg_0568.png,0,568,train,negative
/root/autodl-tmp/qkzhang/cqt_v2/dataset_images_PM_noisy_cqt/unlensed/neg_0569.png,0,569,train,negative
/root/autodl-tmp/qkzhang/cqt_v2/dataset_images_PM_noisy_cqt/unlensed/neg_0570.png,0,570,train,negative
/root/autodl-tmp/qkzhang/cqt_v2/dataset_images_PM_noisy_cqt/unlensed/neg_0572.png,0,572,train,negative
/root/autodl-tmp/qkzhang/cqt_v2/dataset_images_PM_noisy_cqt/unlensed/neg_0573.png,0,573,train,negative
/root/autodl-tmp/qkzhang/cqt_v2/dataset_images_PM_noisy_cqt/unlensed/neg_0574.png,0,574,train,negative
/root/autodl-tmp/qkzhang/cqt_v2/dataset_images_PM_noisy_cqt/unlensed/neg_0575.png,0,575,train,negative
/root/autodl-tmp/qkzhang/cqt_v2/dataset_images_PM_noisy_cqt/unlensed/neg_0576.png,0,576,train,negative
/root/autodl-tmp/qkzhang/cqt_v2/dataset_images_PM_noisy_cqt/unlensed/neg_0577.png,0,577,train,negative
/root/autodl-tmp/qkzhang/cqt_v2/dataset_images_PM_noisy_cqt/unlensed/neg_0578.png,0,578,train,negative
/root/autodl-tmp/qkzhang/cqt_v2/dataset_images_PM_noisy_cqt/unlensed/neg_0579.png,0,579,train,negative
/root/autodl-tmp/qkzhang/cqt_v2/dataset_images_PM_noisy_cqt/unlensed/neg_0580.png,0,580,train,negative
/root/autodl-tmp/qkzhang/cqt_v2/dataset_images_PM_noisy_cqt/unlensed/neg_0582.png,0,582,train,negative
/root/autodl-tmp/qkzhang/cqt_v2/dataset_images_PM_noisy_cqt/unlensed/neg_0583.png,0,583,train,negative
/root/autodl-tmp/qkzhang/cqt_v2/dataset_images_PM_noisy_cqt/unlensed/neg_0585.png,0,585,train,negative
/root/autodl-tmp/qkzhang/cqt_v2/dataset_images_PM_noisy_cqt/unlensed/neg_0586.png,0,586,train,negative
/root/autodl-tmp/qkzhang/cqt_v2/dataset_images_PM_noisy_cqt/unlensed/neg_0589.png,0,589,train,negative
/root/autodl-tmp/qkzhang/cqt_v2/dataset_images_PM_noisy_cqt/unlensed/neg_0590.png,0,590,train,negative
/root/autodl-tmp/qkzhang/cqt_v2/dataset_images_PM_noisy_cqt/unlensed/neg_0591.png,0,591,train,negative
/root/autodl-tmp/qkzhang/cqt_v2/dataset_images_PM_noisy_cqt/unlensed/neg_0592.png,0,592,train,negative
/root/autodl-tmp/qkzhang/cqt_v2/dataset_images_PM_noisy_cqt/unlensed/neg_0594.png,0,594,train,negative
/root/autodl-tmp/qkzhang/cqt_v2/dataset_images_PM_noisy_cqt/unlensed/neg_0595.png,0,595,train,negative
/root/autodl-tmp/qkzhang/cqt_v2/dataset_images_PM_noisy_cqt/unlensed/neg_0596.png,0,596,train,negative
/root/autodl-tmp/qkzhang/cqt_v2/dataset_images_PM_noisy_cqt/unlensed/neg_0597.png,0,597,train,negative
/root/autodl-tmp/qkzhang/cqt_v2/dataset_images_PM_noisy_cqt/unlensed/neg_0598.png,0,598,train,negative
/root/autodl-tmp/qkzhang/cqt_v2/dataset_images_PM_noisy_cqt/unlensed/neg_0599.png,0,599,train,negative
/root/autodl-tmp/qkzhang/cqt_v2/dataset_images_PM_noisy_cqt/unlensed/neg_0601.png,0,601,train,negative
/root/autodl-tmp/qkzhang/cqt_v2/dataset_images_PM_noisy_cqt/unlensed/neg_0602.png,0,602,train,negative
/root/autodl-tmp/qkzhang/cqt_v2/dataset_images_PM_noisy_cqt/unlensed/neg_0603.png,0,603,train,negative
/root/autodl-tmp/qkzhang/cqt_v2/dataset_images_PM_noisy_cqt/unlensed/neg_0604.png,0,604,train,negative
/root/autodl-tmp/qkzhang/cqt_v2/dataset_images_PM_noisy_cqt/unlensed/neg_0605.png,0,605,train,negative
/root/autodl-tmp/qkzhang/cqt_v2/dataset_images_PM_noisy_cqt/unlensed/neg_0606.png,0,606,train,negative
/root/autodl-tmp/qkzhang/cqt_v2/dataset_images_PM_noisy_cqt/unlensed/neg_0607.png,0,607,train,negative
/root/autodl-tmp/qkzhang/cqt_v2/dataset_images_PM_noisy_cqt/unlensed/neg_0608.png,0,608,train,negative
/root/autodl-tmp/qkzhang/cqt_v2/dataset_images_PM_noisy_cqt/unlensed/neg_0609.png,0,609,train,negative
/root/autodl-tmp/qkzhang/cqt_v2/dataset_images_PM_noisy_cqt/unlensed/neg_0610.png,0,610,train,negative
/root/autodl-tmp/qkzhang/cqt_v2/dataset_images_PM_noisy_cqt/unlensed/neg_0611.png,0,611,train,negative
/root/autodl-tmp/qkzhang/cqt_v2/dataset_images_PM_noisy_cqt/unlensed/neg_0612.png,0,612,train,negative
/root/autodl-tmp/qkzhang/cqt_v2/dataset_images_PM_noisy_cqt/unlensed/neg_0614.png,0,614,train,negative
/root/autodl-tmp/qkzhang/cqt_v2/dataset_images_PM_noisy_cqt/unlensed/neg_0616.png,0,616,train,negative
/root/autodl-tmp/qkzhang/cqt_v2/dataset_images_PM_noisy_cqt/unlensed/neg_0617.png,0,617,train,negative
/root/autodl-tmp/qkzhang/cqt_v2/dataset_images_PM_noisy_cqt/unlensed/neg_0618.png,0,618,train,negative
/root/autodl-tmp/qkzhang/cqt_v2/dataset_images_PM_noisy_cqt/unlensed/neg_0619.png,0,619,train,negative
/root/autodl-tmp/qkzhang/cqt_v2/dataset_images_PM_noisy_cqt/unlensed/neg_0620.png,0,620,train,negative
/root/autodl-tmp/qkzhang/cqt_v2/dataset_images_PM_noisy_cqt/unlensed/neg_0621.png,0,621,train,negative
/root/autodl-tmp/qkzhang/cqt_v2/dataset_images_PM_noisy_cqt/unlensed/neg_0622.png,0,622,train,negative
/root/autodl-tmp/qkzhang/cqt_v2/dataset_images_PM_noisy_cqt/unlensed/neg_0624.png,0,624,train,negative
/root/autodl-tmp/qkzhang/cqt_v2/dataset_images_PM_noisy_cqt/unlensed/neg_0625.png,0,625,train,negative
/root/autodl-tmp/qkzhang/cqt_v2/dataset_images_PM_noisy_cqt/unlensed/neg_0626.png,0,626,train,negative
/root/autodl-tmp/qkzhang/cqt_v2/dataset_images_PM_noisy_cqt/unlensed/neg_0628.png,0,628,train,negative
/root/autodl-tmp/qkzhang/cqt_v2/dataset_images_PM_noisy_cqt/unlensed/neg_0629.png,0,629,train,negative
/root/autodl-tmp/qkzhang/cqt_v2/dataset_images_PM_noisy_cqt/unlensed/neg_0630.png,0,630,train,negative
/root/autodl-tmp/qkzhang/cqt_v2/dataset_images_PM_noisy_cqt/unlensed/neg_0631.png,0,631,train,negative
/root/autodl-tmp/qkzhang/cqt_v2/dataset_images_PM_noisy_cqt/unlensed/neg_0633.png,0,633,train,negative
/root/autodl-tmp/qkzhang/cqt_v2/dataset_images_PM_noisy_cqt/unlensed/neg_0634.png,0,634,train,negative
/root/autodl-tmp/qkzhang/cqt_v2/dataset_images_PM_noisy_cqt/unlensed/neg_0635.png,0,635,train,negative
/root/autodl-tmp/qkzhang/cqt_v2/dataset_images_PM_noisy_cqt/unlensed/neg_0636.png,0,636,train,negative
/root/autodl-tmp/qkzhang/cqt_v2/dataset_images_PM_noisy_cqt/unlensed/neg_0637.png,0,637,train,negative
/root/autodl-tmp/qkzhang/cqt_v2/dataset_images_PM_noisy_cqt/unlensed/neg_0638.png,0,638,train,negative
/root/autodl-tmp/qkzhang/cqt_v2/dataset_images_PM_noisy_cqt/unlensed/neg_0639.png,0,639,train,negative
/root/autodl-tmp/qkzhang/cqt_v2/dataset_images_PM_noisy_cqt/unlensed/neg_0640.png,0,640,train,negative
/root/autodl-tmp/qkzhang/cqt_v2/dataset_images_PM_noisy_cqt/unlensed/neg_0641.png,0,641,train,negative
/root/autodl-tmp/qkzhang/cqt_v2/dataset_images_PM_noisy_cqt/unlensed/neg_0642.png,0,642,train,negative
/root/autodl-tmp/qkzhang/cqt_v2/dataset_images_PM_noisy_cqt/unlensed/neg_0643.png,0,643,train,negative
/root/autodl-tmp/qkzhang/cqt_v2/dataset_images_PM_noisy_cqt/unlensed/neg_0644.png,0,644,train,negative
/root/autodl-tmp/qkzhang/cqt_v2/dataset_images_PM_noisy_cqt/unlensed/neg_0645.png,0,645,train,negative
/root/autodl-tmp/qkzhang/cqt_v2/dataset_images_PM_noisy_cqt/unlensed/neg_0646.png,0,646,train,negative
/root/autodl-tmp/qkzhang/cqt_v2/dataset_images_PM_noisy_cqt/unlensed/neg_0647.png,0,647,train,negative
/root/autodl-tmp/qkzhang/cqt_v2/dataset_images_PM_noisy_cqt/unlensed/neg_0648.png,0,648,train,negative
/root/autodl-tmp/qkzhang/cqt_v2/dataset_images_PM_noisy_cqt/unlensed/neg_0649.png,0,649,train,negative
/root/autodl-tmp/qkzhang/cqt_v2/dataset_images_PM_noisy_cqt/unlensed/neg_0650.png,0,650,train,negative
/root/autodl-tmp/qkzhang/cqt_v2/dataset_images_PM_noisy_cqt/unlensed/neg_0651.png,0,651,train,negative
/root/autodl-tmp/qkzhang/cqt_v2/dataset_images_PM_noisy_cqt/unlensed/neg_0652.png,0,652,train,negative
/root/autodl-tmp/qkzhang/cqt_v2/dataset_images_PM_noisy_cqt/unlensed/neg_0653.png,0,653,train,negative
/root/autodl-tmp/qkzhang/cqt_v2/dataset_images_PM_noisy_cqt/unlensed/neg_0654.png,0,654,train,negative
/root/autodl-tmp/qkzhang/cqt_v2/dataset_images_PM_noisy_cqt/unlensed/neg_0655.png,0,655,train,negative
/root/autodl-tmp/qkzhang/cqt_v2/dataset_images_PM_noisy_cqt/unlensed/neg_0656.png,0,656,train,negative
/root/autodl-tmp/qkzhang/cqt_v2/dataset_images_PM_noisy_cqt/unlensed/neg_0658.png,0,658,train,negative
/root/autodl-tmp/qkzhang/cqt_v2/dataset_images_PM_noisy_cqt/unlensed/neg_0659.png,0,659,train,negative
/root/autodl-tmp/qkzhang/cqt_v2/dataset_images_PM_noisy_cqt/unlensed/neg_0660.png,0,660,train,negative
/root/autodl-tmp/qkzhang/cqt_v2/dataset_images_PM_noisy_cqt/unlensed/neg_0661.png,0,661,train,negative
/root/autodl-tmp/qkzhang/cqt_v2/dataset_images_PM_noisy_cqt/unlensed/neg_0662.png,0,662,train,negative
/root/autodl-tmp/qkzhang/cqt_v2/dataset_images_PM_noisy_cqt/unlensed/neg_0663.png,0,663,train,negative
/root/autodl-tmp/qkzhang/cqt_v2/dataset_images_PM_noisy_cqt/unlensed/neg_0664.png,0,664,train,negative
/root/autodl-tmp/qkzhang/cqt_v2/dataset_images_PM_noisy_cqt/unlensed/neg_0665.png,0,665,train,negative
/root/autodl-tmp/qkzhang/cqt_v2/dataset_images_PM_noisy_cqt/unlensed/neg_0667.png,0,667,train,negative
/root/autodl-tmp/qkzhang/cqt_v2/dataset_images_PM_noisy_cqt/unlensed/neg_0668.png,0,668,train,negative
/root/autodl-tmp/qkzhang/cqt_v2/dataset_images_PM_noisy_cqt/unlensed/neg_0669.png,0,669,train,negative
/root/autodl-tmp/qkzhang/cqt_v2/dataset_images_PM_noisy_cqt/unlensed/neg_0670.png,0,670,train,negative
/root/autodl-tmp/qkzhang/cqt_v2/dataset_images_PM_noisy_cqt/unlensed/neg_0672.png,0,672,train,negative
/root/autodl-tmp/qkzhang/cqt_v2/dataset_images_PM_noisy_cqt/unlensed/neg_0673.png,0,673,train,negative
/root/autodl-tmp/qkzhang/cqt_v2/dataset_images_PM_noisy_cqt/unlensed/neg_0674.png,0,674,train,negative
/root/autodl-tmp/qkzhang/cqt_v2/dataset_images_PM_noisy_cqt/unlensed/neg_0675.png,0,675,train,negative
/root/autodl-tmp/qkzhang/cqt_v2/dataset_images_PM_noisy_cqt/unlensed/neg_0676.png,0,676,train,negative
/root/autodl-tmp/qkzhang/cqt_v2/dataset_images_PM_noisy_cqt/unlensed/neg_0677.png,0,677,train,negative
/root/autodl-tmp/qkzhang/cqt_v2/dataset_images_PM_noisy_cqt/unlensed/neg_0678.png,0,678,train,negative
/root/autodl-tmp/qkzhang/cqt_v2/dataset_images_PM_noisy_cqt/unlensed/neg_0679.png,0,679,train,negative
/root/autodl-tmp/qkzhang/cqt_v2/dataset_images_PM_noisy_cqt/unlensed/neg_0680.png,0,680,train,negative
/root/autodl-tmp/qkzhang/cqt_v2/dataset_images_PM_noisy_cqt/unlensed/neg_0681.png,0,681,train,negative
/root/autodl-tmp/qkzhang/cqt_v2/dataset_images_PM_noisy_cqt/unlensed/neg_0682.png,0,682,train,negative
/root/autodl-tmp/qkzhang/cqt_v2/dataset_images_PM_noisy_cqt/unlensed/neg_0683.png,0,683,train,negative
/root/autodl-tmp/qkzhang/cqt_v2/dataset_images_PM_noisy_cqt/unlensed/neg_0684.png,0,684,train,negative
/root/autodl-tmp/qkzhang/cqt_v2/dataset_images_PM_noisy_cqt/unlensed/neg_0685.png,0,685,train,negative
/root/autodl-tmp/qkzhang/cqt_v2/dataset_images_PM_noisy_cqt/unlensed/neg_0687.png,0,687,train,negative
/root/autodl-tmp/qkzhang/cqt_v2/dataset_images_PM_noisy_cqt/unlensed/neg_0688.png,0,688,train,negative
/root/autodl-tmp/qkzhang/cqt_v2/dataset_images_PM_noisy_cqt/unlensed/neg_0689.png,0,689,train,negative
/root/autodl-tmp/qkzhang/cqt_v2/dataset_images_PM_noisy_cqt/unlensed/neg_0690.png,0,690,train,negative
/root/autodl-tmp/qkzhang/cqt_v2/dataset_images_PM_noisy_cqt/unlensed/neg_0691.png,0,691,train,negative
/root/autodl-tmp/qkzhang/cqt_v2/dataset_images_PM_noisy_cqt/unlensed/neg_0692.png,0,692,train,negative
/root/autodl-tmp/qkzhang/cqt_v2/dataset_images_PM_noisy_cqt/unlensed/neg_0694.png,0,694,train,negative
/root/autodl-tmp/qkzhang/cqt_v2/dataset_images_PM_noisy_cqt/unlensed/neg_0695.png,0,695,train,negative
/root/autodl-tmp/qkzhang/cqt_v2/dataset_images_PM_noisy_cqt/unlensed/neg_0696.png,0,696,train,negative
/root/autodl-tmp/qkzhang/cqt_v2/dataset_images_PM_noisy_cqt/unlensed/neg_0697.png,0,697,train,negative
/root/autodl-tmp/qkzhang/cqt_v2/dataset_images_PM_noisy_cqt/unlensed/neg_0698.png,0,698,train,negative
/root/autodl-tmp/qkzhang/cqt_v2/dataset_images_PM_noisy_cqt/unlensed/neg_0700.png,0,700,train,negative
/root/autodl-tmp/qkzhang/cqt_v2/dataset_images_PM_noisy_cqt/unlensed/neg_0701.png,0,701,train,negative
/root/autodl-tmp/qkzhang/cqt_v2/dataset_images_PM_noisy_cqt/unlensed/neg_0703.png,0,703,train,negative
/root/autodl-tmp/qkzhang/cqt_v2/dataset_images_PM_noisy_cqt/unlensed/neg_0704.png,0,704,train,negative
/root/autodl-tmp/qkzhang/cqt_v2/dataset_images_PM_noisy_cqt/unlensed/neg_0705.png,0,705,train,negative
/root/autodl-tmp/qkzhang/cqt_v2/dataset_images_PM_noisy_cqt/unlensed/neg_0706.png,0,706,train,negative
/root/autodl-tmp/qkzhang/cqt_v2/dataset_images_PM_noisy_cqt/unlensed/neg_0707.png,0,707,train,negative
/root/autodl-tmp/qkzhang/cqt_v2/dataset_images_PM_noisy_cqt/unlensed/neg_0708.png,0,708,train,negative
/root/autodl-tmp/qkzhang/cqt_v2/dataset_images_PM_noisy_cqt/unlensed/neg_0709.png,0,709,train,negative
/root/autodl-tmp/qkzhang/cqt_v2/dataset_images_PM_noisy_cqt/unlensed/neg_0710.png,0,710,train,negative
/root/autodl-tmp/qkzhang/cqt_v2/dataset_images_PM_noisy_cqt/unlensed/neg_0711.png,0,711,train,negative
/root/autodl-tmp/qkzhang/cqt_v2/dataset_images_PM_noisy_cqt/unlensed/neg_0712.png,0,712,train,negative
/root/autodl-tmp/qkzhang/cqt_v2/dataset_images_PM_noisy_cqt/unlensed/neg_0713.png,0,713,train,negative
/root/autodl-tmp/qkzhang/cqt_v2/dataset_images_PM_noisy_cqt/unlensed/neg_0716.png,0,716,train,negative
/root/autodl-tmp/qkzhang/cqt_v2/dataset_images_PM_noisy_cqt/unlensed/neg_0717.png,0,717,train,negative
/root/autodl-tmp/qkzhang/cqt_v2/dataset_images_PM_noisy_cqt/unlensed/neg_0718.png,0,718,train,negative
/root/autodl-tmp/qkzhang/cqt_v2/dataset_images_PM_noisy_cqt/unlensed/neg_0719.png,0,719,train,negative
/root/autodl-tmp/qkzhang/cqt_v2/dataset_images_PM_noisy_cqt/unlensed/neg_0720.png,0,720,train,negative
/root/autodl-tmp/qkzhang/cqt_v2/dataset_images_PM_noisy_cqt/unlensed/neg_0721.png,0,721,train,negative
/root/autodl-tmp/qkzhang/cqt_v2/dataset_images_PM_noisy_cqt/unlensed/neg_0722.png,0,722,train,negative
/root/autodl-tmp/qkzhang/cqt_v2/dataset_images_PM_noisy_cqt/unlensed/neg_0723.png,0,723,train,negative
/root/autodl-tmp/qkzhang/cqt_v2/dataset_images_PM_noisy_cqt/unlensed/neg_0724.png,0,724,train,negative
/root/autodl-tmp/qkzhang/cqt_v2/dataset_images_PM_noisy_cqt/unlensed/neg_0725.png,0,725,train,negative
/root/autodl-tmp/qkzhang/cqt_v2/dataset_images_PM_noisy_cqt/unlensed/neg_0726.png,0,726,train,negative
/root/autodl-tmp/qkzhang/cqt_v2/dataset_images_PM_noisy_cqt/unlensed/neg_0727.png,0,727,train,negative
/root/autodl-tmp/qkzhang/cqt_v2/dataset_images_PM_noisy_cqt/unlensed/neg_0728.png,0,728,train,negative
/root/autodl-tmp/qkzhang/cqt_v2/dataset_images_PM_noisy_cqt/unlensed/neg_0729.png,0,729,train,negative
/root/autodl-tmp/qkzhang/cqt_v2/dataset_images_PM_noisy_cqt/unlensed/neg_0730.png,0,730,train,negative
/root/autodl-tmp/qkzhang/cqt_v2/dataset_images_PM_noisy_cqt/unlensed/neg_0731.png,0,731,train,negative
/root/autodl-tmp/qkzhang/cqt_v2/dataset_images_PM_noisy_cqt/unlensed/neg_0732.png,0,732,train,negative
/root/autodl-tmp/qkzhang/cqt_v2/dataset_images_PM_noisy_cqt/unlensed/neg_0733.png,0,733,train,negative
/root/autodl-tmp/qkzhang/cqt_v2/dataset_images_PM_noisy_cqt/unlensed/neg_0736.png,0,736,train,negative
/root/autodl-tmp/qkzhang/cqt_v2/dataset_images_PM_noisy_cqt/unlensed/neg_0738.png,0,738,train,negative
/root/autodl-tmp/qkzhang/cqt_v2/dataset_images_PM_noisy_cqt/unlensed/neg_0739.png,0,739,train,negative
/root/autodl-tmp/qkzhang/cqt_v2/dataset_images_PM_noisy_cqt/unlensed/neg_0740.png,0,740,train,negative
/root/autodl-tmp/qkzhang/cqt_v2/dataset_images_PM_noisy_cqt/unlensed/neg_0741.png,0,741,train,negative
/root/autodl-tmp/qkzhang/cqt_v2/dataset_images_PM_noisy_cqt/unlensed/neg_0742.png,0,742,train,negative
/root/autodl-tmp/qkzhang/cqt_v2/dataset_images_PM_noisy_cqt/unlensed/neg_0743.png,0,743,train,negative
/root/autodl-tmp/qkzhang/cqt_v2/dataset_images_PM_noisy_cqt/unlensed/neg_0745.png,0,745,train,negative
/root/autodl-tmp/qkzhang/cqt_v2/dataset_images_PM_noisy_cqt/unlensed/neg_0747.png,0,747,train,negative
/root/autodl-tmp/qkzhang/cqt_v2/dataset_images_PM_noisy_cqt/unlensed/neg_0748.png,0,748,train,negative
/root/autodl-tmp/qkzhang/cqt_v2/dataset_images_PM_noisy_cqt/unlensed/neg_0749.png,0,749,train,negative
/root/autodl-tmp/qkzhang/cqt_v2/dataset_images_PM_noisy_cqt/unlensed/neg_0750.png,0,750,train,negative
/root/autodl-tmp/qkzhang/cqt_v2/dataset_images_PM_noisy_cqt/unlensed/neg_0751.png,0,751,train,negative
/root/autodl-tmp/qkzhang/cqt_v2/dataset_images_PM_noisy_cqt/unlensed/neg_0752.png,0,752,train,negative
/root/autodl-tmp/qkzhang/cqt_v2/dataset_images_PM_noisy_cqt/unlensed/neg_0753.png,0,753,train,negative
/root/autodl-tmp/qkzhang/cqt_v2/dataset_images_PM_noisy_cqt/unlensed/neg_0754.png,0,754,train,negative
/root/autodl-tmp/qkzhang/cqt_v2/dataset_images_PM_noisy_cqt/unlensed/neg_0755.png,0,755,train,negative
/root/autodl-tmp/qkzhang/cqt_v2/dataset_images_PM_noisy_cqt/unlensed/neg_0756.png,0,756,train,negative
/root/autodl-tmp/qkzhang/cqt_v2/dataset_images_PM_noisy_cqt/unlensed/neg_0757.png,0,757,train,negative
/root/autodl-tmp/qkzhang/cqt_v2/dataset_images_PM_noisy_cqt/unlensed/neg_0758.png,0,758,train,negative
/root/autodl-tmp/qkzhang/cqt_v2/dataset_images_PM_noisy_cqt/unlensed/neg_0759.png,0,759,train,negative
/root/autodl-tmp/qkzhang/cqt_v2/dataset_images_PM_noisy_cqt/unlensed/neg_0761.png,0,761,train,negative
/root/autodl-tmp/qkzhang/cqt_v2/dataset_images_PM_noisy_cqt/unlensed/neg_0765.png,0,765,train,negative
/root/autodl-tmp/qkzhang/cqt_v2/dataset_images_PM_noisy_cqt/unlensed/neg_0766.png,0,766,train,negative
/root/autodl-tmp/qkzhang/cqt_v2/dataset_images_PM_noisy_cqt/unlensed/neg_0768.png,0,768,train,negative
/root/autodl-tmp/qkzhang/cqt_v2/dataset_images_PM_noisy_cqt/unlensed/neg_0769.png,0,769,train,negative
/root/autodl-tmp/qkzhang/cqt_v2/dataset_images_PM_noisy_cqt/unlensed/neg_0770.png,0,770,train,negative
/root/autodl-tmp/qkzhang/cqt_v2/dataset_images_PM_noisy_cqt/unlensed/neg_0771.png,0,771,train,negative
/root/autodl-tmp/qkzhang/cqt_v2/dataset_images_PM_noisy_cqt/unlensed/neg_0772.png,0,772,train,negative
/root/autodl-tmp/qkzhang/cqt_v2/dataset_images_PM_noisy_cqt/unlensed/neg_0773.png,0,773,train,negative
/root/autodl-tmp/qkzhang/cqt_v2/dataset_images_PM_noisy_cqt/unlensed/neg_0774.png,0,774,train,negative
/root/autodl-tmp/qkzhang/cqt_v2/dataset_images_PM_noisy_cqt/unlensed/neg_0777.png,0,777,train,negative
/root/autodl-tmp/qkzhang/cqt_v2/dataset_images_PM_noisy_cqt/unlensed/neg_0778.png,0,778,train,negative
/root/autodl-tmp/qkzhang/cqt_v2/dataset_images_PM_noisy_cqt/unlensed/neg_0779.png,0,779,train,negative
/root/autodl-tmp/qkzhang/cqt_v2/dataset_images_PM_noisy_cqt/unlensed/neg_0780.png,0,780,train,negative
/root/autodl-tmp/qkzhang/cqt_v2/dataset_images_PM_noisy_cqt/unlensed/neg_0782.png,0,782,train,negative
/root/autodl-tmp/qkzhang/cqt_v2/dataset_images_PM_noisy_cqt/unlensed/neg_0783.png,0,783,train,negative
/root/autodl-tmp/qkzhang/cqt_v2/dataset_images_PM_noisy_cqt/unlensed/neg_0785.png,0,785,train,negative
/root/autodl-tmp/qkzhang/cqt_v2/dataset_images_PM_noisy_cqt/unlensed/neg_0786.png,0,786,train,negative
/root/autodl-tmp/qkzhang/cqt_v2/dataset_images_PM_noisy_cqt/unlensed/neg_0787.png,0,787,train,negative
/root/autodl-tmp/qkzhang/cqt_v2/dataset_images_PM_noisy_cqt/unlensed/neg_0788.png,0,788,train,negative
/root/autodl-tmp/qkzhang/cqt_v2/dataset_images_PM_noisy_cqt/unlensed/neg_0790.png,0,790,train,negative
/root/autodl-tmp/qkzhang/cqt_v2/dataset_images_PM_noisy_cqt/unlensed/neg_0791.png,0,791,train,negative
/root/autodl-tmp/qkzhang/cqt_v2/dataset_images_PM_noisy_cqt/unlensed/neg_0792.png,0,792,train,negative
/root/autodl-tmp/qkzhang/cqt_v2/dataset_images_PM_noisy_cqt/unlensed/neg_0793.png,0,793,train,negative
/root/autodl-tmp/qkzhang/cqt_v2/dataset_images_PM_noisy_cqt/unlensed/neg_0794.png,0,794,train,negative
/root/autodl-tmp/qkzhang/cqt_v2/dataset_images_PM_noisy_cqt/unlensed/neg_0795.png,0,795,train,negative
/root/autodl-tmp/qkzhang/cqt_v2/dataset_images_PM_noisy_cqt/unlensed/neg_0796.png,0,796,train,negative
/root/autodl-tmp/qkzhang/cqt_v2/dataset_images_PM_noisy_cqt/unlensed/neg_0798.png,0,798,train,negative
/root/autodl-tmp/qkzhang/cqt_v2/dataset_images_PM_noisy_cqt/unlensed/neg_0799.png,0,799,train,negative
/root/autodl-tmp/qkzhang/cqt_v2/dataset_images_PM_noisy_cqt/unlensed/neg_0801.png,0,801,train,negative
/root/autodl-tmp/qkzhang/cqt_v2/dataset_images_PM_noisy_cqt/unlensed/neg_0804.png,0,804,train,negative
/root/autodl-tmp/qkzhang/cqt_v2/dataset_images_PM_noisy_cqt/unlensed/neg_0806.png,0,806,train,negative
/root/autodl-tmp/qkzhang/cqt_v2/dataset_images_PM_noisy_cqt/unlensed/neg_0807.png,0,807,train,negative
/root/autodl-tmp/qkzhang/cqt_v2/dataset_images_PM_noisy_cqt/unlensed/neg_0808.png,0,808,train,negative
/root/autodl-tmp/qkzhang/cqt_v2/dataset_images_PM_noisy_cqt/unlensed/neg_0809.png,0,809,train,negative
/root/autodl-tmp/qkzhang/cqt_v2/dataset_images_PM_noisy_cqt/unlensed/neg_0810.png,0,810,train,negative
/root/autodl-tmp/qkzhang/cqt_v2/dataset_images_PM_noisy_cqt/unlensed/neg_0811.png,0,811,train,negative
/root/autodl-tmp/qkzhang/cqt_v2/dataset_images_PM_noisy_cqt/unlensed/neg_0812.png,0,812,train,negative
/root/autodl-tmp/qkzhang/cqt_v2/dataset_images_PM_noisy_cqt/unlensed/neg_0813.png,0,813,train,negative
/root/autodl-tmp/qkzhang/cqt_v2/dataset_images_PM_noisy_cqt/unlensed/neg_0814.png,0,814,train,negative
/root/autodl-tmp/qkzhang/cqt_v2/dataset_images_PM_noisy_cqt/unlensed/neg_0815.png,0,815,train,negative
/root/autodl-tmp/qkzhang/cqt_v2/dataset_images_PM_noisy_cqt/unlensed/neg_0817.png,0,817,train,negative
/root/autodl-tmp/qkzhang/cqt_v2/dataset_images_PM_noisy_cqt/unlensed/neg_0818.png,0,818,train,negative
/root/autodl-tmp/qkzhang/cqt_v2/dataset_images_PM_noisy_cqt/unlensed/neg_0819.png,0,819,train,negative
/root/autodl-tmp/qkzhang/cqt_v2/dataset_images_PM_noisy_cqt/unlensed/neg_0820.png,0,820,train,negative
/root/autodl-tmp/qkzhang/cqt_v2/dataset_images_PM_noisy_cqt/unlensed/neg_0821.png,0,821,train,negative
/root/autodl-tmp/qkzhang/cqt_v2/dataset_images_PM_noisy_cqt/unlensed/neg_0823.png,0,823,train,negative
/root/autodl-tmp/qkzhang/cqt_v2/dataset_images_PM_noisy_cqt/unlensed/neg_0824.png,0,824,train,negative
/root/autodl-tmp/qkzhang/cqt_v2/dataset_images_PM_noisy_cqt/unlensed/neg_0825.png,0,825,train,negative
/root/autodl-tmp/qkzhang/cqt_v2/dataset_images_PM_noisy_cqt/unlensed/neg_0826.png,0,826,train,negative
/root/autodl-tmp/qkzhang/cqt_v2/dataset_images_PM_noisy_cqt/unlensed/neg_0827.png,0,827,train,negative
/root/autodl-tmp/qkzhang/cqt_v2/dataset_images_PM_noisy_cqt/unlensed/neg_0829.png,0,829,train,negative
/root/autodl-tmp/qkzhang/cqt_v2/dataset_images_PM_noisy_cqt/unlensed/neg_0830.png,0,830,train,negative
/root/autodl-tmp/qkzhang/cqt_v2/dataset_images_PM_noisy_cqt/unlensed/neg_0831.png,0,831,train,negative
/root/autodl-tmp/qkzhang/cqt_v2/dataset_images_PM_noisy_cqt/unlensed/neg_0832.png,0,832,train,negative
/root/autodl-tmp/qkzhang/cqt_v2/dataset_images_PM_noisy_cqt/unlensed/neg_0833.png,0,833,train,negative
/root/autodl-tmp/qkzhang/cqt_v2/dataset_images_PM_noisy_cqt/unlensed/neg_0835.png,0,835,train,negative
/root/autodl-tmp/qkzhang/cqt_v2/dataset_images_PM_noisy_cqt/unlensed/neg_0836.png,0,836,train,negative
/root/autodl-tmp/qkzhang/cqt_v2/dataset_images_PM_noisy_cqt/unlensed/neg_0837.png,0,837,train,negative
/root/autodl-tmp/qkzhang/cqt_v2/dataset_images_PM_noisy_cqt/unlensed/neg_0838.png,0,838,train,negative
/root/autodl-tmp/qkzhang/cqt_v2/dataset_images_PM_noisy_cqt/unlensed/neg_0839.png,0,839,train,negative
/root/autodl-tmp/qkzhang/cqt_v2/dataset_images_PM_noisy_cqt/unlensed/neg_0840.png,0,840,train,negative
/root/autodl-tmp/qkzhang/cqt_v2/dataset_images_PM_noisy_cqt/unlensed/neg_0841.png,0,841,train,negative
/root/autodl-tmp/qkzhang/cqt_v2/dataset_images_PM_noisy_cqt/unlensed/neg_0843.png,0,843,train,negative
/root/autodl-tmp/qkzhang/cqt_v2/dataset_images_PM_noisy_cqt/unlensed/neg_0845.png,0,845,train,negative
/root/autodl-tmp/qkzhang/cqt_v2/dataset_images_PM_noisy_cqt/unlensed/neg_0846.png,0,846,train,negative
/root/autodl-tmp/qkzhang/cqt_v2/dataset_images_PM_noisy_cqt/unlensed/neg_0847.png,0,847,train,negative
/root/autodl-tmp/qkzhang/cqt_v2/dataset_images_PM_noisy_cqt/unlensed/neg_0848.png,0,848,train,negative
/root/autodl-tmp/qkzhang/cqt_v2/dataset_images_PM_noisy_cqt/unlensed/neg_0849.png,0,849,train,negative
/root/autodl-tmp/qkzhang/cqt_v2/dataset_images_PM_noisy_cqt/unlensed/neg_0850.png,0,850,train,negative
/root/autodl-tmp/qkzhang/cqt_v2/dataset_images_PM_noisy_cqt/unlensed/neg_0851.png,0,851,train,negative
/root/autodl-tmp/qkzhang/cqt_v2/dataset_images_PM_noisy_cqt/unlensed/neg_0853.png,0,853,train,negative
/root/autodl-tmp/qkzhang/cqt_v2/dataset_images_PM_noisy_cqt/unlensed/neg_0854.png,0,854,train,negative
/root/autodl-tmp/qkzhang/cqt_v2/dataset_images_PM_noisy_cqt/unlensed/neg_0855.png,0,855,train,negative
/root/autodl-tmp/qkzhang/cqt_v2/dataset_images_PM_noisy_cqt/unlensed/neg_0857.png,0,857,train,negative
/root/autodl-tmp/qkzhang/cqt_v2/dataset_images_PM_noisy_cqt/unlensed/neg_0858.png,0,858,train,negative
/root/autodl-tmp/qkzhang/cqt_v2/dataset_images_PM_noisy_cqt/unlensed/neg_0860.png,0,860,train,negative
/root/autodl-tmp/qkzhang/cqt_v2/dataset_images_PM_noisy_cqt/unlensed/neg_0861.png,0,861,train,negative
/root/autodl-tmp/qkzhang/cqt_v2/dataset_images_PM_noisy_cqt/unlensed/neg_0863.png,0,863,train,negative
/root/autodl-tmp/qkzhang/cqt_v2/dataset_images_PM_noisy_cqt/unlensed/neg_0866.png,0,866,train,negative
/root/autodl-tmp/qkzhang/cqt_v2/dataset_images_PM_noisy_cqt/unlensed/neg_0867.png,0,867,train,negative
/root/autodl-tmp/qkzhang/cqt_v2/dataset_images_PM_noisy_cqt/unlensed/neg_0868.png,0,868,train,negative
/root/autodl-tmp/qkzhang/cqt_v2/dataset_images_PM_noisy_cqt/unlensed/neg_0869.png,0,869,train,negative
/root/autodl-tmp/qkzhang/cqt_v2/dataset_images_PM_noisy_cqt/unlensed/neg_0870.png,0,870,train,negative
/root/autodl-tmp/qkzhang/cqt_v2/dataset_images_PM_noisy_cqt/unlensed/neg_0871.png,0,871,train,negative
/root/autodl-tmp/qkzhang/cqt_v2/dataset_images_PM_noisy_cqt/unlensed/neg_0872.png,0,872,train,negative
/root/autodl-tmp/qkzhang/cqt_v2/dataset_images_PM_noisy_cqt/unlensed/neg_0873.png,0,873,train,negative
/root/autodl-tmp/qkzhang/cqt_v2/dataset_images_PM_noisy_cqt/unlensed/neg_0876.png,0,876,train,negative
/root/autodl-tmp/qkzhang/cqt_v2/dataset_images_PM_noisy_cqt/unlensed/neg_0877.png,0,877,train,negative
/root/autodl-tmp/qkzhang/cqt_v2/dataset_images_PM_noisy_cqt/unlensed/neg_0878.png,0,878,train,negative
/root/autodl-tmp/qkzhang/cqt_v2/dataset_images_PM_noisy_cqt/unlensed/neg_0879.png,0,879,train,negative
/root/autodl-tmp/qkzhang/cqt_v2/dataset_images_PM_noisy_cqt/unlensed/neg_0880.png,0,880,train,negative
/root/autodl-tmp/qkzhang/cqt_v2/dataset_images_PM_noisy_cqt/unlensed/neg_0881.png,0,881,train,negative
/root/autodl-tmp/qkzhang/cqt_v2/dataset_images_PM_noisy_cqt/unlensed/neg_0883.png,0,883,train,negative
/root/autodl-tmp/qkzhang/cqt_v2/dataset_images_PM_noisy_cqt/unlensed/neg_0885.png,0,885,train,negative
/root/autodl-tmp/qkzhang/cqt_v2/dataset_images_PM_noisy_cqt/unlensed/neg_0886.png,0,886,train,negative
/root/autodl-tmp/qkzhang/cqt_v2/dataset_images_PM_noisy_cqt/unlensed/neg_0887.png,0,887,train,negative
/root/autodl-tmp/qkzhang/cqt_v2/dataset_images_PM_noisy_cqt/unlensed/neg_0888.png,0,888,train,negative
/root/autodl-tmp/qkzhang/cqt_v2/dataset_images_PM_noisy_cqt/unlensed/neg_0889.png,0,889,train,negative
/root/autodl-tmp/qkzhang/cqt_v2/dataset_images_PM_noisy_cqt/unlensed/neg_0890.png,0,890,train,negative
/root/autodl-tmp/qkzhang/cqt_v2/dataset_images_PM_noisy_cqt/unlensed/neg_0891.png,0,891,train,negative
/root/autodl-tmp/qkzhang/cqt_v2/dataset_images_PM_noisy_cqt/unlensed/neg_0892.png,0,892,train,negative
/root/autodl-tmp/qkzhang/cqt_v2/dataset_images_PM_noisy_cqt/unlensed/neg_0893.png,0,893,train,negative
/root/autodl-tmp/qkzhang/cqt_v2/dataset_images_PM_noisy_cqt/unlensed/neg_0894.png,0,894,train,negative
/root/autodl-tmp/qkzhang/cqt_v2/dataset_images_PM_noisy_cqt/unlensed/neg_0895.png,0,895,train,negative
/root/autodl-tmp/qkzhang/cqt_v2/dataset_images_PM_noisy_cqt/unlensed/neg_0896.png,0,896,train,negative
/root/autodl-tmp/qkzhang/cqt_v2/dataset_images_PM_noisy_cqt/unlensed/neg_0898.png,0,898,train,negative
/root/autodl-tmp/qkzhang/cqt_v2/dataset_images_PM_noisy_cqt/unlensed/neg_0899.png,0,899,train,negative
/root/autodl-tmp/qkzhang/cqt_v2/dataset_images_PM_noisy_cqt/unlensed/neg_0901.png,0,901,train,negative
/root/autodl-tmp/qkzhang/cqt_v2/dataset_images_PM_noisy_cqt/unlensed/neg_0903.png,0,903,train,negative
/root/autodl-tmp/qkzhang/cqt_v2/dataset_images_PM_noisy_cqt/unlensed/neg_0904.png,0,904,train,negative
/root/autodl-tmp/qkzhang/cqt_v2/dataset_images_PM_noisy_cqt/unlensed/neg_0906.png,0,906,train,negative
/root/autodl-tmp/qkzhang/cqt_v2/dataset_images_PM_noisy_cqt/unlensed/neg_0907.png,0,907,train,negative
/root/autodl-tmp/qkzhang/cqt_v2/dataset_images_PM_noisy_cqt/unlensed/neg_0909.png,0,909,train,negative
/root/autodl-tmp/qkzhang/cqt_v2/dataset_images_PM_noisy_cqt/unlensed/neg_0910.png,0,910,train,negative
/root/autodl-tmp/qkzhang/cqt_v2/dataset_images_PM_noisy_cqt/unlensed/neg_0911.png,0,911,train,negative
/root/autodl-tmp/qkzhang/cqt_v2/dataset_images_PM_noisy_cqt/unlensed/neg_0912.png,0,912,train,negative
/root/autodl-tmp/qkzhang/cqt_v2/dataset_images_PM_noisy_cqt/unlensed/neg_0913.png,0,913,train,negative
/root/autodl-tmp/qkzhang/cqt_v2/dataset_images_PM_noisy_cqt/unlensed/neg_0914.png,0,914,train,negative
/root/autodl-tmp/qkzhang/cqt_v2/dataset_images_PM_noisy_cqt/unlensed/neg_0915.png,0,915,train,negative
/root/autodl-tmp/qkzhang/cqt_v2/dataset_images_PM_noisy_cqt/unlensed/neg_0916.png,0,916,train,negative
/root/autodl-tmp/qkzhang/cqt_v2/dataset_images_PM_noisy_cqt/unlensed/neg_0918.png,0,918,train,negative
/root/autodl-tmp/qkzhang/cqt_v2/dataset_images_PM_noisy_cqt/unlensed/neg_0919.png,0,919,train,negative
/root/autodl-tmp/qkzhang/cqt_v2/dataset_images_PM_noisy_cqt/unlensed/neg_0921.png,0,921,train,negative
/root/autodl-tmp/qkzhang/cqt_v2/dataset_images_PM_noisy_cqt/unlensed/neg_0922.png,0,922,train,negative
/root/autodl-tmp/qkzhang/cqt_v2/dataset_images_PM_noisy_cqt/unlensed/neg_0923.png,0,923,train,negative
/root/autodl-tmp/qkzhang/cqt_v2/dataset_images_PM_noisy_cqt/unlensed/neg_0924.png,0,924,train,negative
/root/autodl-tmp/qkzhang/cqt_v2/dataset_images_PM_noisy_cqt/unlensed/neg_0926.png,0,926,train,negative
/root/autodl-tmp/qkzhang/cqt_v2/dataset_images_PM_noisy_cqt/unlensed/neg_0928.png,0,928,train,negative
/root/autodl-tmp/qkzhang/cqt_v2/dataset_images_PM_noisy_cqt/unlensed/neg_0929.png,0,929,train,negative
/root/autodl-tmp/qkzhang/cqt_v2/dataset_images_PM_noisy_cqt/unlensed/neg_0931.png,0,931,train,negative
/root/autodl-tmp/qkzhang/cqt_v2/dataset_images_PM_noisy_cqt/unlensed/neg_0933.png,0,933,train,negative
/root/autodl-tmp/qkzhang/cqt_v2/dataset_images_PM_noisy_cqt/unlensed/neg_0934.png,0,934,train,negative
/root/autodl-tmp/qkzhang/cqt_v2/dataset_images_PM_noisy_cqt/unlensed/neg_0935.png,0,935,train,negative
/root/autodl-tmp/qkzhang/cqt_v2/dataset_images_PM_noisy_cqt/unlensed/neg_0936.png,0,936,train,negative
/root/autodl-tmp/qkzhang/cqt_v2/dataset_images_PM_noisy_cqt/unlensed/neg_0937.png,0,937,train,negative
/root/autodl-tmp/qkzhang/cqt_v2/dataset_images_PM_noisy_cqt/unlensed/neg_0938.png,0,938,train,negative
/root/autodl-tmp/qkzhang/cqt_v2/dataset_images_PM_noisy_cqt/unlensed/neg_0939.png,0,939,train,negative
/root/autodl-tmp/qkzhang/cqt_v2/dataset_images_PM_noisy_cqt/unlensed/neg_0942.png,0,942,train,negative
/root/autodl-tmp/qkzhang/cqt_v2/dataset_images_PM_noisy_cqt/unlensed/neg_0943.png,0,943,train,negative
/root/autodl-tmp/qkzhang/cqt_v2/dataset_images_PM_noisy_cqt/unlensed/neg_0944.png,0,944,train,negative
/root/autodl-tmp/qkzhang/cqt_v2/dataset_images_PM_noisy_cqt/unlensed/neg_0946.png,0,946,train,negative
/root/autodl-tmp/qkzhang/cqt_v2/dataset_images_PM_noisy_cqt/unlensed/neg_0948.png,0,948,train,negative
/root/autodl-tmp/qkzhang/cqt_v2/dataset_images_PM_noisy_cqt/unlensed/neg_0949.png,0,949,train,negative
/root/autodl-tmp/qkzhang/cqt_v2/dataset_images_PM_noisy_cqt/unlensed/neg_0950.png,0,950,train,negative
/root/autodl-tmp/qkzhang/cqt_v2/dataset_images_PM_noisy_cqt/unlensed/neg_0951.png,0,951,train,negative
/root/autodl-tmp/qkzhang/cqt_v2/dataset_images_PM_noisy_cqt/unlensed/neg_0952.png,0,952,train,negative
/root/autodl-tmp/qkzhang/cqt_v2/dataset_images_PM_noisy_cqt/unlensed/neg_0953.png,0,953,train,negative
/root/autodl-tmp/qkzhang/cqt_v2/dataset_images_PM_noisy_cqt/unlensed/neg_0954.png,0,954,train,negative
/root/autodl-tmp/qkzhang/cqt_v2/dataset_images_PM_noisy_cqt/unlensed/neg_0955.png,0,955,train,negative
/root/autodl-tmp/qkzhang/cqt_v2/dataset_images_PM_noisy_cqt/unlensed/neg_0956.png,0,956,train,negative
/root/autodl-tmp/qkzhang/cqt_v2/dataset_images_PM_noisy_cqt/unlensed/neg_0957.png,0,957,train,negative
/root/autodl-tmp/qkzhang/cqt_v2/dataset_images_PM_noisy_cqt/unlensed/neg_0958.png,0,958,train,negative
/root/autodl-tmp/qkzhang/cqt_v2/dataset_images_PM_noisy_cqt/unlensed/neg_0959.png,0,959,train,negative
/root/autodl-tmp/qkzhang/cqt_v2/dataset_images_PM_noisy_cqt/unlensed/neg_0960.png,0,960,train,negative
/root/autodl-tmp/qkzhang/cqt_v2/dataset_images_PM_noisy_cqt/unlensed/neg_0962.png,0,962,train,negative
/root/autodl-tmp/qkzhang/cqt_v2/dataset_images_PM_noisy_cqt/unlensed/neg_0964.png,0,964,train,negative
/root/autodl-tmp/qkzhang/cqt_v2/dataset_images_PM_noisy_cqt/unlensed/neg_0965.png,0,965,train,negative
/root/autodl-tmp/qkzhang/cqt_v2/dataset_images_PM_noisy_cqt/unlensed/neg_0966.png,0,966,train,negative
/root/autodl-tmp/qkzhang/cqt_v2/dataset_images_PM_noisy_cqt/unlensed/neg_0967.png,0,967,train,negative
/root/autodl-tmp/qkzhang/cqt_v2/dataset_images_PM_noisy_cqt/unlensed/neg_0968.png,0,968,train,negative
/root/autodl-tmp/qkzhang/cqt_v2/dataset_images_PM_noisy_cqt/unlensed/neg_0969.png,0,969,train,negative
/root/autodl-tmp/qkzhang/cqt_v2/dataset_images_PM_noisy_cqt/unlensed/neg_0971.png,0,971,train,negative
/root/autodl-tmp/qkzhang/cqt_v2/dataset_images_PM_noisy_cqt/unlensed/neg_0972.png,0,972,train,negative
/root/autodl-tmp/qkzhang/cqt_v2/dataset_images_PM_noisy_cqt/unlensed/neg_0973.png,0,973,train,negative
/root/autodl-tmp/qkzhang/cqt_v2/dataset_images_PM_noisy_cqt/unlensed/neg_0974.png,0,974,train,negative
/root/autodl-tmp/qkzhang/cqt_v2/dataset_images_PM_noisy_cqt/unlensed/neg_0975.png,0,975,train,negative
/root/autodl-tmp/qkzhang/cqt_v2/dataset_images_PM_noisy_cqt/unlensed/neg_0976.png,0,976,train,negative
/root/autodl-tmp/qkzhang/cqt_v2/dataset_images_PM_noisy_cqt/unlensed/neg_0978.png,0,978,train,negative
/root/autodl-tmp/qkzhang/cqt_v2/dataset_images_PM_noisy_cqt/unlensed/neg_0979.png,0,979,train,negative
/root/autodl-tmp/qkzhang/cqt_v2/dataset_images_PM_noisy_cqt/unlensed/neg_0980.png,0,980,train,negative
/root/autodl-tmp/qkzhang/cqt_v2/dataset_images_PM_noisy_cqt/unlensed/neg_0981.png,0,981,train,negative
/root/autodl-tmp/qkzhang/cqt_v2/dataset_images_PM_noisy_cqt/unlensed/neg_0982.png,0,982,train,negative
/root/autodl-tmp/qkzhang/cqt_v2/dataset_images_PM_noisy_cqt/unlensed/neg_0983.png,0,983,train,negative
/root/autodl-tmp/qkzhang/cqt_v2/dataset_images_PM_noisy_cqt/unlensed/neg_0984.png,0,984,train,negative
/root/autodl-tmp/qkzhang/cqt_v2/dataset_images_PM_noisy_cqt/unlensed/neg_0985.png,0,985,train,negative
/root/autodl-tmp/qkzhang/cqt_v2/dataset_images_PM_noisy_cqt/unlensed/neg_0986.png,0,986,train,negative
/root/autodl-tmp/qkzhang/cqt_v2/dataset_images_PM_noisy_cqt/unlensed/neg_0987.png,0,987,train,negative
/root/autodl-tmp/qkzhang/cqt_v2/dataset_images_PM_noisy_cqt/unlensed/neg_0988.png,0,988,train,negative
/root/autodl-tmp/qkzhang/cqt_v2/dataset_images_PM_noisy_cqt/unlensed/neg_0989.png,0,989,train,negative
/root/autodl-tmp/qkzhang/cqt_v2/dataset_images_PM_noisy_cqt/unlensed/neg_0990.png,0,990,train,negative
/root/autodl-tmp/qkzhang/cqt_v2/dataset_images_PM_noisy_cqt/unlensed/neg_0991.png,0,991,train,negative
/root/autodl-tmp/qkzhang/cqt_v2/dataset_images_PM_noisy_cqt/unlensed/neg_0992.png,0,992,train,negative
/root/autodl-tmp/qkzhang/cqt_v2/dataset_images_PM_noisy_cqt/unlensed/neg_0993.png,0,993,train,negative
/root/autodl-tmp/qkzhang/cqt_v2/dataset_images_PM_noisy_cqt/unlensed/neg_0996.png,0,996,train,negative
/root/autodl-tmp/qkzhang/cqt_v2/dataset_images_PM_noisy_cqt/unlensed/neg_0997.png,0,997,train,negative
/root/autodl-tmp/qkzhang/cqt_v2/dataset_images_PM_noisy_cqt/unlensed/neg_0999.png,0,999,train,negative
/root/autodl-tmp/qkzhang/cqt_v2/dataset_images_PM_noisy_cqt/unlensed/neg_1000.png,0,1000,train,negative
/root/autodl-tmp/qkzhang/cqt_v2/dataset_images_PM_noisy_cqt/unlensed/neg_1002.png,0,1002,train,negative
/root/autodl-tmp/qkzhang/cqt_v2/dataset_images_PM_noisy_cqt/unlensed/neg_1003.png,0,1003,train,negative
/root/autodl-tmp/qkzhang/cqt_v2/dataset_images_PM_noisy_cqt/unlensed/neg_1004.png,0,1004,train,negative
/root/autodl-tmp/qkzhang/cqt_v2/dataset_images_PM_noisy_cqt/unlensed/neg_1005.png,0,1005,train,negative
/root/autodl-tmp/qkzhang/cqt_v2/dataset_images_PM_noisy_cqt/unlensed/neg_1006.png,0,1006,train,negative
/root/autodl-tmp/qkzhang/cqt_v2/dataset_images_PM_noisy_cqt/unlensed/neg_1008.png,0,1008,train,negative
/root/autodl-tmp/qkzhang/cqt_v2/dataset_images_PM_noisy_cqt/unlensed/neg_1009.png,0,1009,train,negative
/root/autodl-tmp/qkzhang/cqt_v2/dataset_images_PM_noisy_cqt/unlensed/neg_1010.png,0,1010,train,negative
/root/autodl-tmp/qkzhang/cqt_v2/dataset_images_PM_noisy_cqt/unlensed/neg_1011.png,0,1011,train,negative
/root/autodl-tmp/qkzhang/cqt_v2/dataset_images_PM_noisy_cqt/unlensed/neg_1012.png,0,1012,train,negative
/root/autodl-tmp/qkzhang/cqt_v2/dataset_images_PM_noisy_cqt/unlensed/neg_1013.png,0,1013,train,negative
/root/autodl-tmp/qkzhang/cqt_v2/dataset_images_PM_noisy_cqt/unlensed/neg_1014.png,0,1014,train,negative
/root/autodl-tmp/qkzhang/cqt_v2/dataset_images_PM_noisy_cqt/unlensed/neg_1015.png,0,1015,train,negative
/root/autodl-tmp/qkzhang/cqt_v2/dataset_images_PM_noisy_cqt/unlensed/neg_1016.png,0,1016,train,negative
/root/autodl-tmp/qkzhang/cqt_v2/dataset_images_PM_noisy_cqt/unlensed/neg_1017.png,0,1017,train,negative
/root/autodl-tmp/qkzhang/cqt_v2/dataset_images_PM_noisy_cqt/unlensed/neg_1019.png,0,1019,train,negative
/root/autodl-tmp/qkzhang/cqt_v2/dataset_images_PM_noisy_cqt/unlensed/neg_1020.png,0,1020,train,negative
/root/autodl-tmp/qkzhang/cqt_v2/dataset_images_PM_noisy_cqt/unlensed/neg_1021.png,0,1021,train,negative
/root/autodl-tmp/qkzhang/cqt_v2/dataset_images_PM_noisy_cqt/unlensed/neg_1022.png,0,1022,train,negative
/root/autodl-tmp/qkzhang/cqt_v2/dataset_images_PM_noisy_cqt/unlensed/neg_1023.png,0,1023,train,negative
/root/autodl-tmp/qkzhang/cqt_v2/dataset_images_PM_noisy_cqt/unlensed/neg_1024.png,0,1024,train,negative
/root/autodl-tmp/qkzhang/cqt_v2/dataset_images_PM_noisy_cqt/unlensed/neg_1025.png,0,1025,train,negative
/root/autodl-tmp/qkzhang/cqt_v2/dataset_images_PM_noisy_cqt/unlensed/neg_1026.png,0,1026,train,negative
/root/autodl-tmp/qkzhang/cqt_v2/dataset_images_PM_noisy_cqt/unlensed/neg_1027.png,0,1027,train,negative
/root/autodl-tmp/qkzhang/cqt_v2/dataset_images_PM_noisy_cqt/unlensed/neg_1028.png,0,1028,train,negative
/root/autodl-tmp/qkzhang/cqt_v2/dataset_images_PM_noisy_cqt/unlensed/neg_1030.png,0,1030,train,negative
/root/autodl-tmp/qkzhang/cqt_v2/dataset_images_PM_noisy_cqt/unlensed/neg_1031.png,0,1031,train,negative
/root/autodl-tmp/qkzhang/cqt_v2/dataset_images_PM_noisy_cqt/unlensed/neg_1032.png,0,1032,train,negative
/root/autodl-tmp/qkzhang/cqt_v2/dataset_images_PM_noisy_cqt/unlensed/neg_1033.png,0,1033,train,negative
/root/autodl-tmp/qkzhang/cqt_v2/dataset_images_PM_noisy_cqt/unlensed/neg_1034.png,0,1034,train,negative
/root/autodl-tmp/qkzhang/cqt_v2/dataset_images_PM_noisy_cqt/unlensed/neg_1035.png,0,1035,train,negative
/root/autodl-tmp/qkzhang/cqt_v2/dataset_images_PM_noisy_cqt/unlensed/neg_1036.png,0,1036,train,negative
/root/autodl-tmp/qkzhang/cqt_v2/dataset_images_PM_noisy_cqt/unlensed/neg_1037.png,0,1037,train,negative
/root/autodl-tmp/qkzhang/cqt_v2/dataset_images_PM_noisy_cqt/unlensed/neg_1038.png,0,1038,train,negative
/root/autodl-tmp/qkzhang/cqt_v2/dataset_images_PM_noisy_cqt/unlensed/neg_1039.png,0,1039,train,negative
/root/autodl-tmp/qkzhang/cqt_v2/dataset_images_PM_noisy_cqt/unlensed/neg_1040.png,0,1040,train,negative
/root/autodl-tmp/qkzhang/cqt_v2/dataset_images_PM_noisy_cqt/unlensed/neg_1041.png,0,1041,train,negative
/root/autodl-tmp/qkzhang/cqt_v2/dataset_images_PM_noisy_cqt/unlensed/neg_1043.png,0,1043,train,negative
/root/autodl-tmp/qkzhang/cqt_v2/dataset_images_PM_noisy_cqt/unlensed/neg_1045.png,0,1045,train,negative
/root/autodl-tmp/qkzhang/cqt_v2/dataset_images_PM_noisy_cqt/unlensed/neg_1046.png,0,1046,train,negative
/root/autodl-tmp/qkzhang/cqt_v2/dataset_images_PM_noisy_cqt/unlensed/neg_1047.png,0,1047,train,negative
/root/autodl-tmp/qkzhang/cqt_v2/dataset_images_PM_noisy_cqt/unlensed/neg_1048.png,0,1048,train,negative
/root/autodl-tmp/qkzhang/cqt_v2/dataset_images_PM_noisy_cqt/unlensed/neg_1049.png,0,1049,train,negative
/root/autodl-tmp/qkzhang/cqt_v2/dataset_images_PM_noisy_cqt/unlensed/neg_1050.png,0,1050,train,negative
/root/autodl-tmp/qkzhang/cqt_v2/dataset_images_PM_noisy_cqt/unlensed/neg_1051.png,0,1051,train,negative
/root/autodl-tmp/qkzhang/cqt_v2/dataset_images_PM_noisy_cqt/unlensed/neg_1053.png,0,1053,train,negative
/root/autodl-tmp/qkzhang/cqt_v2/dataset_images_PM_noisy_cqt/unlensed/neg_1054.png,0,1054,train,negative
/root/autodl-tmp/qkzhang/cqt_v2/dataset_images_PM_noisy_cqt/unlensed/neg_1055.png,0,1055,train,negative
/root/autodl-tmp/qkzhang/cqt_v2/dataset_images_PM_noisy_cqt/unlensed/neg_1057.png,0,1057,train,negative
/root/autodl-tmp/qkzhang/cqt_v2/dataset_images_PM_noisy_cqt/unlensed/neg_1059.png,0,1059,train,negative
/root/autodl-tmp/qkzhang/cqt_v2/dataset_images_PM_noisy_cqt/unlensed/neg_1060.png,0,1060,train,negative
/root/autodl-tmp/qkzhang/cqt_v2/dataset_images_PM_noisy_cqt/unlensed/neg_1062.png,0,1062,train,negative
/root/autodl-tmp/qkzhang/cqt_v2/dataset_images_PM_noisy_cqt/unlensed/neg_1063.png,0,1063,train,negative
/root/autodl-tmp/qkzhang/cqt_v2/dataset_images_PM_noisy_cqt/unlensed/neg_1064.png,0,1064,train,negative
/root/autodl-tmp/qkzhang/cqt_v2/dataset_images_PM_noisy_cqt/unlensed/neg_1066.png,0,1066,train,negative
/root/autodl-tmp/qkzhang/cqt_v2/dataset_images_PM_noisy_cqt/unlensed/neg_1067.png,0,1067,train,negative
/root/autodl-tmp/qkzhang/cqt_v2/dataset_images_PM_noisy_cqt/unlensed/neg_1068.png,0,1068,train,negative
/root/autodl-tmp/qkzhang/cqt_v2/dataset_images_PM_noisy_cqt/unlensed/neg_1069.png,0,1069,train,negative
/root/autodl-tmp/qkzhang/cqt_v2/dataset_images_PM_noisy_cqt/unlensed/neg_1070.png,0,1070,train,negative
/root/autodl-tmp/qkzhang/cqt_v2/dataset_images_PM_noisy_cqt/unlensed/neg_1071.png,0,1071,train,negative
/root/autodl-tmp/qkzhang/cqt_v2/dataset_images_PM_noisy_cqt/unlensed/neg_1072.png,0,1072,train,negative
/root/autodl-tmp/qkzhang/cqt_v2/dataset_images_PM_noisy_cqt/unlensed/neg_1074.png,0,1074,train,negative
/root/autodl-tmp/qkzhang/cqt_v2/dataset_images_PM_noisy_cqt/unlensed/neg_1075.png,0,1075,train,negative
/root/autodl-tmp/qkzhang/cqt_v2/dataset_images_PM_noisy_cqt/unlensed/neg_1076.png,0,1076,train,negative
/root/autodl-tmp/qkzhang/cqt_v2/dataset_images_PM_noisy_cqt/unlensed/neg_1078.png,0,1078,train,negative
/root/autodl-tmp/qkzhang/cqt_v2/dataset_images_PM_noisy_cqt/unlensed/neg_1080.png,0,1080,train,negative
/root/autodl-tmp/qkzhang/cqt_v2/dataset_images_PM_noisy_cqt/unlensed/neg_1081.png,0,1081,train,negative
/root/autodl-tmp/qkzhang/cqt_v2/dataset_images_PM_noisy_cqt/unlensed/neg_1083.png,0,1083,train,negative
/root/autodl-tmp/qkzhang/cqt_v2/dataset_images_PM_noisy_cqt/unlensed/neg_1084.png,0,1084,train,negative
/root/autodl-tmp/qkzhang/cqt_v2/dataset_images_PM_noisy_cqt/unlensed/neg_1085.png,0,1085,train,negative
/root/autodl-tmp/qkzhang/cqt_v2/dataset_images_PM_noisy_cqt/unlensed/neg_1087.png,0,1087,train,negative
/root/autodl-tmp/qkzhang/cqt_v2/dataset_images_PM_noisy_cqt/unlensed/neg_1088.png,0,1088,train,negative
/root/autodl-tmp/qkzhang/cqt_v2/dataset_images_PM_noisy_cqt/unlensed/neg_1089.png,0,1089,train,negative
/root/autodl-tmp/qkzhang/cqt_v2/dataset_images_PM_noisy_cqt/unlensed/neg_1090.png,0,1090,train,negative
/root/autodl-tmp/qkzhang/cqt_v2/dataset_images_PM_noisy_cqt/unlensed/neg_1091.png,0,1091,train,negative
/root/autodl-tmp/qkzhang/cqt_v2/dataset_images_PM_noisy_cqt/unlensed/neg_1092.png,0,1092,train,negative
/root/autodl-tmp/qkzhang/cqt_v2/dataset_images_PM_noisy_cqt/unlensed/neg_1093.png,0,1093,train,negative
/root/autodl-tmp/qkzhang/cqt_v2/dataset_images_PM_noisy_cqt/unlensed/neg_1095.png,0,1095,train,negative
/root/autodl-tmp/qkzhang/cqt_v2/dataset_images_PM_noisy_cqt/unlensed/neg_1096.png,0,1096,train,negative
/root/autodl-tmp/qkzhang/cqt_v2/dataset_images_PM_noisy_cqt/unlensed/neg_1097.png,0,1097,train,negative
/root/autodl-tmp/qkzhang/cqt_v2/dataset_images_PM_noisy_cqt/unlensed/neg_1098.png,0,1098,train,negative
/root/autodl-tmp/qkzhang/cqt_v2/dataset_images_PM_noisy_cqt/unlensed/neg_1100.png,0,1100,train,negative
/root/autodl-tmp/qkzhang/cqt_v2/dataset_images_PM_noisy_cqt/unlensed/neg_1101.png,0,1101,train,negative
/root/autodl-tmp/qkzhang/cqt_v2/dataset_images_PM_noisy_cqt/unlensed/neg_1102.png,0,1102,train,negative
/root/autodl-tmp/qkzhang/cqt_v2/dataset_images_PM_noisy_cqt/unlensed/neg_1104.png,0,1104,train,negative
/root/autodl-tmp/qkzhang/cqt_v2/dataset_images_PM_noisy_cqt/unlensed/neg_1105.png,0,1105,train,negative
/root/autodl-tmp/qkzhang/cqt_v2/dataset_images_PM_noisy_cqt/unlensed/neg_1106.png,0,1106,train,negative
/root/autodl-tmp/qkzhang/cqt_v2/dataset_images_PM_noisy_cqt/unlensed/neg_1107.png,0,1107,train,negative
/root/autodl-tmp/qkzhang/cqt_v2/dataset_images_PM_noisy_cqt/unlensed/neg_1109.png,0,1109,train,negative
/root/autodl-tmp/qkzhang/cqt_v2/dataset_images_PM_noisy_cqt/unlensed/neg_1110.png,0,1110,train,negative
/root/autodl-tmp/qkzhang/cqt_v2/dataset_images_PM_noisy_cqt/unlensed/neg_1111.png,0,1111,train,negative
/root/autodl-tmp/qkzhang/cqt_v2/dataset_images_PM_noisy_cqt/unlensed/neg_1112.png,0,1112,train,negative
/root/autodl-tmp/qkzhang/cqt_v2/dataset_images_PM_noisy_cqt/unlensed/neg_1113.png,0,1113,train,negative
/root/autodl-tmp/qkzhang/cqt_v2/dataset_images_PM_noisy_cqt/unlensed/neg_1115.png,0,1115,train,negative
/root/autodl-tmp/qkzhang/cqt_v2/dataset_images_PM_noisy_cqt/unlensed/neg_1117.png,0,1117,train,negative
/root/autodl-tmp/qkzhang/cqt_v2/dataset_images_PM_noisy_cqt/unlensed/neg_1119.png,0,1119,train,negative
/root/autodl-tmp/qkzhang/cqt_v2/dataset_images_PM_noisy_cqt/unlensed/neg_1120.png,0,1120,train,negative
/root/autodl-tmp/qkzhang/cqt_v2/dataset_images_PM_noisy_cqt/unlensed/neg_1121.png,0,1121,train,negative
/root/autodl-tmp/qkzhang/cqt_v2/dataset_images_PM_noisy_cqt/unlensed/neg_1122.png,0,1122,train,negative
/root/autodl-tmp/qkzhang/cqt_v2/dataset_images_PM_noisy_cqt/unlensed/neg_1123.png,0,1123,train,negative
/root/autodl-tmp/qkzhang/cqt_v2/dataset_images_PM_noisy_cqt/unlensed/neg_1124.png,0,1124,train,negative
/root/autodl-tmp/qkzhang/cqt_v2/dataset_images_PM_noisy_cqt/unlensed/neg_1125.png,0,1125,train,negative
/root/autodl-tmp/qkzhang/cqt_v2/dataset_images_PM_noisy_cqt/unlensed/neg_1127.png,0,1127,train,negative
/root/autodl-tmp/qkzhang/cqt_v2/dataset_images_PM_noisy_cqt/unlensed/neg_1128.png,0,1128,train,negative
/root/autodl-tmp/qkzhang/cqt_v2/dataset_images_PM_noisy_cqt/unlensed/neg_1129.png,0,1129,train,negative
/root/autodl-tmp/qkzhang/cqt_v2/dataset_images_PM_noisy_cqt/unlensed/neg_1130.png,0,1130,train,negative
/root/autodl-tmp/qkzhang/cqt_v2/dataset_images_PM_noisy_cqt/unlensed/neg_1132.png,0,1132,train,negative
/root/autodl-tmp/qkzhang/cqt_v2/dataset_images_PM_noisy_cqt/unlensed/neg_1134.png,0,1134,train,negative
/root/autodl-tmp/qkzhang/cqt_v2/dataset_images_PM_noisy_cqt/unlensed/neg_1135.png,0,1135,train,negative
/root/autodl-tmp/qkzhang/cqt_v2/dataset_images_PM_noisy_cqt/unlensed/neg_1136.png,0,1136,train,negative
/root/autodl-tmp/qkzhang/cqt_v2/dataset_images_PM_noisy_cqt/unlensed/neg_1137.png,0,1137,train,negative
/root/autodl-tmp/qkzhang/cqt_v2/dataset_images_PM_noisy_cqt/unlensed/neg_1138.png,0,1138,train,negative
/root/autodl-tmp/qkzhang/cqt_v2/dataset_images_PM_noisy_cqt/unlensed/neg_1139.png,0,1139,train,negative
/root/autodl-tmp/qkzhang/cqt_v2/dataset_images_PM_noisy_cqt/unlensed/neg_1140.png,0,1140,train,negative
/root/autodl-tmp/qkzhang/cqt_v2/dataset_images_PM_noisy_cqt/unlensed/neg_1142.png,0,1142,train,negative
/root/autodl-tmp/qkzhang/cqt_v2/dataset_images_PM_noisy_cqt/unlensed/neg_1143.png,0,1143,train,negative
/root/autodl-tmp/qkzhang/cqt_v2/dataset_images_PM_noisy_cqt/unlensed/neg_1144.png,0,1144,train,negative
/root/autodl-tmp/qkzhang/cqt_v2/dataset_images_PM_noisy_cqt/unlensed/neg_1146.png,0,1146,train,negative
/root/autodl-tmp/qkzhang/cqt_v2/dataset_images_PM_noisy_cqt/unlensed/neg_1147.png,0,1147,train,negative
/root/autodl-tmp/qkzhang/cqt_v2/dataset_images_PM_noisy_cqt/unlensed/neg_1148.png,0,1148,train,negative
/root/autodl-tmp/qkzhang/cqt_v2/dataset_images_PM_noisy_cqt/unlensed/neg_1149.png,0,1149,train,negative
/root/autodl-tmp/qkzhang/cqt_v2/dataset_images_PM_noisy_cqt/unlensed/neg_1150.png,0,1150,train,negative
/root/autodl-tmp/qkzhang/cqt_v2/dataset_images_PM_noisy_cqt/unlensed/neg_1153.png,0,1153,train,negative
/root/autodl-tmp/qkzhang/cqt_v2/dataset_images_PM_noisy_cqt/unlensed/neg_1154.png,0,1154,train,negative
/root/autodl-tmp/qkzhang/cqt_v2/dataset_images_PM_noisy_cqt/unlensed/neg_1155.png,0,1155,train,negative
/root/autodl-tmp/qkzhang/cqt_v2/dataset_images_PM_noisy_cqt/unlensed/neg_1156.png,0,1156,train,negative
/root/autodl-tmp/qkzhang/cqt_v2/dataset_images_PM_noisy_cqt/unlensed/neg_1157.png,0,1157,train,negative
/root/autodl-tmp/qkzhang/cqt_v2/dataset_images_PM_noisy_cqt/unlensed/neg_1159.png,0,1159,train,negative
/root/autodl-tmp/qkzhang/cqt_v2/dataset_images_PM_noisy_cqt/unlensed/neg_1160.png,0,1160,train,negative
/root/autodl-tmp/qkzhang/cqt_v2/dataset_images_PM_noisy_cqt/unlensed/neg_1161.png,0,1161,train,negative
/root/autodl-tmp/qkzhang/cqt_v2/dataset_images_PM_noisy_cqt/unlensed/neg_1162.png,0,1162,train,negative
/root/autodl-tmp/qkzhang/cqt_v2/dataset_images_PM_noisy_cqt/unlensed/neg_1163.png,0,1163,train,negative
/root/autodl-tmp/qkzhang/cqt_v2/dataset_images_PM_noisy_cqt/unlensed/neg_1164.png,0,1164,train,negative
/root/autodl-tmp/qkzhang/cqt_v2/dataset_images_PM_noisy_cqt/unlensed/neg_1165.png,0,1165,train,negative
/root/autodl-tmp/qkzhang/cqt_v2/dataset_images_PM_noisy_cqt/unlensed/neg_1167.png,0,1167,train,negative
/root/autodl-tmp/qkzhang/cqt_v2/dataset_images_PM_noisy_cqt/unlensed/neg_1168.png,0,1168,train,negative
/root/autodl-tmp/qkzhang/cqt_v2/dataset_images_PM_noisy_cqt/unlensed/neg_1169.png,0,1169,train,negative
/root/autodl-tmp/qkzhang/cqt_v2/dataset_images_PM_noisy_cqt/unlensed/neg_1170.png,0,1170,train,negative
/root/autodl-tmp/qkzhang/cqt_v2/dataset_images_PM_noisy_cqt/unlensed/neg_1172.png,0,1172,train,negative
/root/autodl-tmp/qkzhang/cqt_v2/dataset_images_PM_noisy_cqt/unlensed/neg_1173.png,0,1173,train,negative
/root/autodl-tmp/qkzhang/cqt_v2/dataset_images_PM_noisy_cqt/unlensed/neg_1174.png,0,1174,train,negative
/root/autodl-tmp/qkzhang/cqt_v2/dataset_images_PM_noisy_cqt/unlensed/neg_1177.png,0,1177,train,negative
/root/autodl-tmp/qkzhang/cqt_v2/dataset_images_PM_noisy_cqt/unlensed/neg_1178.png,0,1178,train,negative
/root/autodl-tmp/qkzhang/cqt_v2/dataset_images_PM_noisy_cqt/unlensed/neg_1179.png,0,1179,train,negative
/root/autodl-tmp/qkzhang/cqt_v2/dataset_images_PM_noisy_cqt/unlensed/neg_1181.png,0,1181,train,negative
/root/autodl-tmp/qkzhang/cqt_v2/dataset_images_PM_noisy_cqt/unlensed/neg_1182.png,0,1182,train,negative
/root/autodl-tmp/qkzhang/cqt_v2/dataset_images_PM_noisy_cqt/unlensed/neg_1183.png,0,1183,train,negative
/root/autodl-tmp/qkzhang/cqt_v2/dataset_images_PM_noisy_cqt/unlensed/neg_1185.png,0,1185,train,negative
/root/autodl-tmp/qkzhang/cqt_v2/dataset_images_PM_noisy_cqt/unlensed/neg_1187.png,0,1187,train,negative
/root/autodl-tmp/qkzhang/cqt_v2/dataset_images_PM_noisy_cqt/unlensed/neg_1188.png,0,1188,train,negative
/root/autodl-tmp/qkzhang/cqt_v2/dataset_images_PM_noisy_cqt/unlensed/neg_1189.png,0,1189,train,negative
/root/autodl-tmp/qkzhang/cqt_v2/dataset_images_PM_noisy_cqt/unlensed/neg_1190.png,0,1190,train,negative
/root/autodl-tmp/qkzhang/cqt_v2/dataset_images_PM_noisy_cqt/unlensed/neg_1191.png,0,1191,train,negative
/root/autodl-tmp/qkzhang/cqt_v2/dataset_images_PM_noisy_cqt/unlensed/neg_1192.png,0,1192,train,negative
/root/autodl-tmp/qkzhang/cqt_v2/dataset_images_PM_noisy_cqt/unlensed/neg_1193.png,0,1193,train,negative
/root/autodl-tmp/qkzhang/cqt_v2/dataset_images_PM_noisy_cqt/unlensed/neg_1195.png,0,1195,train,negative
/root/autodl-tmp/qkzhang/cqt_v2/dataset_images_PM_noisy_cqt/unlensed/neg_1196.png,0,1196,train,negative
/root/autodl-tmp/qkzhang/cqt_v2/dataset_images_PM_noisy_cqt/unlensed/neg_1197.png,0,1197,train,negative
/root/autodl-tmp/qkzhang/cqt_v2/dataset_images_PM_noisy_cqt/unlensed/neg_1198.png,0,1198,train,negative
/root/autodl-tmp/qkzhang/cqt_v2/dataset_images_PM_noisy_cqt/unlensed/neg_1199.png,0,1199,train,negative
/root/autodl-tmp/qkzhang/cqt_v2/dataset_images_PM_noisy_cqt/unlensed/neg_1201.png,0,1201,train,negative
/root/autodl-tmp/qkzhang/cqt_v2/dataset_images_PM_noisy_cqt/unlensed/neg_1203.png,0,1203,train,negative
/root/autodl-tmp/qkzhang/cqt_v2/dataset_images_PM_noisy_cqt/unlensed/neg_1204.png,0,1204,train,negative
/root/autodl-tmp/qkzhang/cqt_v2/dataset_images_PM_noisy_cqt/unlensed/neg_1205.png,0,1205,train,negative
/root/autodl-tmp/qkzhang/cqt_v2/dataset_images_PM_noisy_cqt/unlensed/neg_1206.png,0,1206,train,negative
/root/autodl-tmp/qkzhang/cqt_v2/dataset_images_PM_noisy_cqt/unlensed/neg_1207.png,0,1207,train,negative
/root/autodl-tmp/qkzhang/cqt_v2/dataset_images_PM_noisy_cqt/unlensed/neg_1208.png,0,1208,train,negative
/root/autodl-tmp/qkzhang/cqt_v2/dataset_images_PM_noisy_cqt/unlensed/neg_1209.png,0,1209,train,negative
/root/autodl-tmp/qkzhang/cqt_v2/dataset_images_PM_noisy_cqt/unlensed/neg_1210.png,0,1210,train,negative
/root/autodl-tmp/qkzhang/cqt_v2/dataset_images_PM_noisy_cqt/unlensed/neg_1212.png,0,1212,train,negative
/root/autodl-tmp/qkzhang/cqt_v2/dataset_images_PM_noisy_cqt/unlensed/neg_1213.png,0,1213,train,negative
/root/autodl-tmp/qkzhang/cqt_v2/dataset_images_PM_noisy_cqt/unlensed/neg_1214.png,0,1214,train,negative
/root/autodl-tmp/qkzhang/cqt_v2/dataset_images_PM_noisy_cqt/unlensed/neg_1215.png,0,1215,train,negative
/root/autodl-tmp/qkzhang/cqt_v2/dataset_images_PM_noisy_cqt/unlensed/neg_1216.png,0,1216,train,negative
/root/autodl-tmp/qkzhang/cqt_v2/dataset_images_PM_noisy_cqt/unlensed/neg_1217.png,0,1217,train,negative
/root/autodl-tmp/qkzhang/cqt_v2/dataset_images_PM_noisy_cqt/unlensed/neg_1218.png,0,1218,train,negative
/root/autodl-tmp/qkzhang/cqt_v2/dataset_images_PM_noisy_cqt/unlensed/neg_1219.png,0,1219,train,negative
/root/autodl-tmp/qkzhang/cqt_v2/dataset_images_PM_noisy_cqt/unlensed/neg_1220.png,0,1220,train,negative
/root/autodl-tmp/qkzhang/cqt_v2/dataset_images_PM_noisy_cqt/unlensed/neg_1221.png,0,1221,train,negative
/root/autodl-tmp/qkzhang/cqt_v2/dataset_images_PM_noisy_cqt/unlensed/neg_1223.png,0,1223,train,negative
/root/autodl-tmp/qkzhang/cqt_v2/dataset_images_PM_noisy_cqt/unlensed/neg_1224.png,0,1224,train,negative
/root/autodl-tmp/qkzhang/cqt_v2/dataset_images_PM_noisy_cqt/unlensed/neg_1225.png,0,1225,train,negative
/root/autodl-tmp/qkzhang/cqt_v2/dataset_images_PM_noisy_cqt/unlensed/neg_1228.png,0,1228,train,negative
/root/autodl-tmp/qkzhang/cqt_v2/dataset_images_PM_noisy_cqt/unlensed/neg_1229.png,0,1229,train,negative
/root/autodl-tmp/qkzhang/cqt_v2/dataset_images_PM_noisy_cqt/unlensed/neg_1230.png,0,1230,train,negative
/root/autodl-tmp/qkzhang/cqt_v2/dataset_images_PM_noisy_cqt/unlensed/neg_1231.png,0,1231,train,negative
/root/autodl-tmp/qkzhang/cqt_v2/dataset_images_PM_noisy_cqt/unlensed/neg_1233.png,0,1233,train,negative
/root/autodl-tmp/qkzhang/cqt_v2/dataset_images_PM_noisy_cqt/unlensed/neg_1234.png,0,1234,train,negative
/root/autodl-tmp/qkzhang/cqt_v2/dataset_images_PM_noisy_cqt/unlensed/neg_1235.png,0,1235,train,negative
/root/autodl-tmp/qkzhang/cqt_v2/dataset_images_PM_noisy_cqt/unlensed/neg_1236.png,0,1236,train,negative
/root/autodl-tmp/qkzhang/cqt_v2/dataset_images_PM_noisy_cqt/unlensed/neg_1237.png,0,1237,train,negative
/root/autodl-tmp/qkzhang/cqt_v2/dataset_images_PM_noisy_cqt/unlensed/neg_1238.png,0,1238,train,negative
/root/autodl-tmp/qkzhang/cqt_v2/dataset_images_PM_noisy_cqt/unlensed/neg_1239.png,0,1239,train,negative
/root/autodl-tmp/qkzhang/cqt_v2/dataset_images_PM_noisy_cqt/unlensed/neg_1240.png,0,1240,train,negative
/root/autodl-tmp/qkzhang/cqt_v2/dataset_images_PM_noisy_cqt/unlensed/neg_1241.png,0,1241,train,negative
/root/autodl-tmp/qkzhang/cqt_v2/dataset_images_PM_noisy_cqt/unlensed/neg_1242.png,0,1242,train,negative
/root/autodl-tmp/qkzhang/cqt_v2/dataset_images_PM_noisy_cqt/unlensed/neg_1243.png,0,1243,train,negative
/root/autodl-tmp/qkzhang/cqt_v2/dataset_images_PM_noisy_cqt/unlensed/neg_1244.png,0,1244,train,negative
/root/autodl-tmp/qkzhang/cqt_v2/dataset_images_PM_noisy_cqt/unlensed/neg_1245.png,0,1245,train,negative
/root/autodl-tmp/qkzhang/cqt_v2/dataset_images_PM_noisy_cqt/unlensed/neg_1246.png,0,1246,train,negative
/root/autodl-tmp/qkzhang/cqt_v2/dataset_images_PM_noisy_cqt/unlensed/neg_1247.png,0,1247,train,negative
/root/autodl-tmp/qkzhang/cqt_v2/dataset_images_PM_noisy_cqt/unlensed/neg_1248.png,0,1248,train,negative
/root/autodl-tmp/qkzhang/cqt_v2/dataset_images_PM_noisy_cqt/unlensed/neg_1249.png,0,1249,train,negative
/root/autodl-tmp/qkzhang/cqt_v2/dataset_images_PM_noisy_cqt/unlensed/neg_1250.png,0,1250,train,negative
/root/autodl-tmp/qkzhang/cqt_v2/dataset_images_PM_noisy_cqt/unlensed/neg_1252.png,0,1252,train,negative
/root/autodl-tmp/qkzhang/cqt_v2/dataset_images_PM_noisy_cqt/unlensed/neg_1253.png,0,1253,train,negative
/root/autodl-tmp/qkzhang/cqt_v2/dataset_images_PM_noisy_cqt/unlensed/neg_1255.png,0,1255,train,negative
/root/autodl-tmp/qkzhang/cqt_v2/dataset_images_PM_noisy_cqt/unlensed/neg_1258.png,0,1258,train,negative
/root/autodl-tmp/qkzhang/cqt_v2/dataset_images_PM_noisy_cqt/unlensed/neg_1259.png,0,1259,train,negative
/root/autodl-tmp/qkzhang/cqt_v2/dataset_images_PM_noisy_cqt/unlensed/neg_1260.png,0,1260,train,negative
/root/autodl-tmp/qkzhang/cqt_v2/dataset_images_PM_noisy_cqt/unlensed/neg_1262.png,0,1262,train,negative
/root/autodl-tmp/qkzhang/cqt_v2/dataset_images_PM_noisy_cqt/unlensed/neg_1264.png,0,1264,train,negative
/root/autodl-tmp/qkzhang/cqt_v2/dataset_images_PM_noisy_cqt/unlensed/neg_1265.png,0,1265,train,negative
/root/autodl-tmp/qkzhang/cqt_v2/dataset_images_PM_noisy_cqt/unlensed/neg_1266.png,0,1266,train,negative
/root/autodl-tmp/qkzhang/cqt_v2/dataset_images_PM_noisy_cqt/unlensed/neg_1268.png,0,1268,train,negative
/root/autodl-tmp/qkzhang/cqt_v2/dataset_images_PM_noisy_cqt/unlensed/neg_1269.png,0,1269,train,negative
/root/autodl-tmp/qkzhang/cqt_v2/dataset_images_PM_noisy_cqt/unlensed/neg_1270.png,0,1270,train,negative
/root/autodl-tmp/qkzhang/cqt_v2/dataset_images_PM_noisy_cqt/unlensed/neg_1271.png,0,1271,train,negative
/root/autodl-tmp/qkzhang/cqt_v2/dataset_images_PM_noisy_cqt/unlensed/neg_1272.png,0,1272,train,negative
/root/autodl-tmp/qkzhang/cqt_v2/dataset_images_PM_noisy_cqt/unlensed/neg_1273.png,0,1273,train,negative
/root/autodl-tmp/qkzhang/cqt_v2/dataset_images_PM_noisy_cqt/unlensed/neg_1274.png,0,1274,train,negative
/root/autodl-tmp/qkzhang/cqt_v2/dataset_images_PM_noisy_cqt/unlensed/neg_1275.png,0,1275,train,negative
/root/autodl-tmp/qkzhang/cqt_v2/dataset_images_PM_noisy_cqt/unlensed/neg_1276.png,0,1276,train,negative
/root/autodl-tmp/qkzhang/cqt_v2/dataset_images_PM_noisy_cqt/unlensed/neg_1277.png,0,1277,train,negative
/root/autodl-tmp/qkzhang/cqt_v2/dataset_images_PM_noisy_cqt/unlensed/neg_1278.png,0,1278,train,negative
/root/autodl-tmp/qkzhang/cqt_v2/dataset_images_PM_noisy_cqt/unlensed/neg_1279.png,0,1279,train,negative
/root/autodl-tmp/qkzhang/cqt_v2/dataset_images_PM_noisy_cqt/unlensed/neg_1280.png,0,1280,train,negative
/root/autodl-tmp/qkzhang/cqt_v2/dataset_images_PM_noisy_cqt/unlensed/neg_1281.png,0,1281,train,negative
/root/autodl-tmp/qkzhang/cqt_v2/dataset_images_PM_noisy_cqt/unlensed/neg_1282.png,0,1282,train,negative
/root/autodl-tmp/qkzhang/cqt_v2/dataset_images_PM_noisy_cqt/unlensed/neg_1284.png,0,1284,train,negative
/root/autodl-tmp/qkzhang/cqt_v2/dataset_images_PM_noisy_cqt/unlensed/neg_1285.png,0,1285,train,negative
/root/autodl-tmp/qkzhang/cqt_v2/dataset_images_PM_noisy_cqt/unlensed/neg_1286.png,0,1286,train,negative
/root/autodl-tmp/qkzhang/cqt_v2/dataset_images_PM_noisy_cqt/unlensed/neg_1288.png,0,1288,train,negative
/root/autodl-tmp/qkzhang/cqt_v2/dataset_images_PM_noisy_cqt/unlensed/neg_1289.png,0,1289,train,negative
/root/autodl-tmp/qkzhang/cqt_v2/dataset_images_PM_noisy_cqt/unlensed/neg_1290.png,0,1290,train,negative
/root/autodl-tmp/qkzhang/cqt_v2/dataset_images_PM_noisy_cqt/unlensed/neg_1291.png,0,1291,train,negative
/root/autodl-tmp/qkzhang/cqt_v2/dataset_images_PM_noisy_cqt/unlensed/neg_1292.png,0,1292,train,negative
/root/autodl-tmp/qkzhang/cqt_v2/dataset_images_PM_noisy_cqt/unlensed/neg_1293.png,0,1293,train,negative
/root/autodl-tmp/qkzhang/cqt_v2/dataset_images_PM_noisy_cqt/unlensed/neg_1294.png,0,1294,train,negative
/root/autodl-tmp/qkzhang/cqt_v2/dataset_images_PM_noisy_cqt/unlensed/neg_1295.png,0,1295,train,negative
/root/autodl-tmp/qkzhang/cqt_v2/dataset_images_PM_noisy_cqt/unlensed/neg_1296.png,0,1296,train,negative
/root/autodl-tmp/qkzhang/cqt_v2/dataset_images_PM_noisy_cqt/unlensed/neg_1298.png,0,1298,train,negative
/root/autodl-tmp/qkzhang/cqt_v2/dataset_images_PM_noisy_cqt/unlensed/neg_1300.png,0,1300,train,negative
/root/autodl-tmp/qkzhang/cqt_v2/dataset_images_PM_noisy_cqt/unlensed/neg_1301.png,0,1301,train,negative
/root/autodl-tmp/qkzhang/cqt_v2/dataset_images_PM_noisy_cqt/unlensed/neg_1302.png,0,1302,train,negative
/root/autodl-tmp/qkzhang/cqt_v2/dataset_images_PM_noisy_cqt/unlensed/neg_1304.png,0,1304,train,negative
/root/autodl-tmp/qkzhang/cqt_v2/dataset_images_PM_noisy_cqt/unlensed/neg_1305.png,0,1305,train,negative
/root/autodl-tmp/qkzhang/cqt_v2/dataset_images_PM_noisy_cqt/unlensed/neg_1306.png,0,1306,train,negative
/root/autodl-tmp/qkzhang/cqt_v2/dataset_images_PM_noisy_cqt/unlensed/neg_1307.png,0,1307,train,negative
/root/autodl-tmp/qkzhang/cqt_v2/dataset_images_PM_noisy_cqt/unlensed/neg_1308.png,0,1308,train,negative
/root/autodl-tmp/qkzhang/cqt_v2/dataset_images_PM_noisy_cqt/unlensed/neg_1309.png,0,1309,train,negative
/root/autodl-tmp/qkzhang/cqt_v2/dataset_images_PM_noisy_cqt/unlensed/neg_1310.png,0,1310,train,negative
/root/autodl-tmp/qkzhang/cqt_v2/dataset_images_PM_noisy_cqt/unlensed/neg_1312.png,0,1312,train,negative
/root/autodl-tmp/qkzhang/cqt_v2/dataset_images_PM_noisy_cqt/unlensed/neg_1313.png,0,1313,train,negative
/root/autodl-tmp/qkzhang/cqt_v2/dataset_images_PM_noisy_cqt/unlensed/neg_1314.png,0,1314,train,negative
/root/autodl-tmp/qkzhang/cqt_v2/dataset_images_PM_noisy_cqt/unlensed/neg_1315.png,0,1315,train,negative
/root/autodl-tmp/qkzhang/cqt_v2/dataset_images_PM_noisy_cqt/unlensed/neg_1316.png,0,1316,train,negative
/root/autodl-tmp/qkzhang/cqt_v2/dataset_images_PM_noisy_cqt/unlensed/neg_1318.png,0,1318,train,negative
/root/autodl-tmp/qkzhang/cqt_v2/dataset_images_PM_noisy_cqt/unlensed/neg_1319.png,0,1319,train,negative
/root/autodl-tmp/qkzhang/cqt_v2/dataset_images_PM_noisy_cqt/unlensed/neg_1321.png,0,1321,train,negative
/root/autodl-tmp/qkzhang/cqt_v2/dataset_images_PM_noisy_cqt/unlensed/neg_1322.png,0,1322,train,negative
/root/autodl-tmp/qkzhang/cqt_v2/dataset_images_PM_noisy_cqt/unlensed/neg_1323.png,0,1323,train,negative
/root/autodl-tmp/qkzhang/cqt_v2/dataset_images_PM_noisy_cqt/unlensed/neg_1324.png,0,1324,train,negative
/root/autodl-tmp/qkzhang/cqt_v2/dataset_images_PM_noisy_cqt/unlensed/neg_1325.png,0,1325,train,negative
/root/autodl-tmp/qkzhang/cqt_v2/dataset_images_PM_noisy_cqt/unlensed/neg_1326.png,0,1326,train,negative
/root/autodl-tmp/qkzhang/cqt_v2/dataset_images_PM_noisy_cqt/unlensed/neg_1327.png,0,1327,train,negative
/root/autodl-tmp/qkzhang/cqt_v2/dataset_images_PM_noisy_cqt/unlensed/neg_1328.png,0,1328,train,negative
/root/autodl-tmp/qkzhang/cqt_v2/dataset_images_PM_noisy_cqt/unlensed/neg_1329.png,0,1329,train,negative
/root/autodl-tmp/qkzhang/cqt_v2/dataset_images_PM_noisy_cqt/unlensed/neg_1330.png,0,1330,train,negative
/root/autodl-tmp/qkzhang/cqt_v2/dataset_images_PM_noisy_cqt/unlensed/neg_1331.png,0,1331,train,negative
/root/autodl-tmp/qkzhang/cqt_v2/dataset_images_PM_noisy_cqt/unlensed/neg_1333.png,0,1333,train,negative
/root/autodl-tmp/qkzhang/cqt_v2/dataset_images_PM_noisy_cqt/unlensed/neg_1336.png,0,1336,train,negative
/root/autodl-tmp/qkzhang/cqt_v2/dataset_images_PM_noisy_cqt/unlensed/neg_1337.png,0,1337,train,negative
/root/autodl-tmp/qkzhang/cqt_v2/dataset_images_PM_noisy_cqt/unlensed/neg_1338.png,0,1338,train,negative
/root/autodl-tmp/qkzhang/cqt_v2/dataset_images_PM_noisy_cqt/unlensed/neg_1339.png,0,1339,train,negative
/root/autodl-tmp/qkzhang/cqt_v2/dataset_images_PM_noisy_cqt/unlensed/neg_1341.png,0,1341,train,negative
/root/autodl-tmp/qkzhang/cqt_v2/dataset_images_PM_noisy_cqt/unlensed/neg_1342.png,0,1342,train,negative
/root/autodl-tmp/qkzhang/cqt_v2/dataset_images_PM_noisy_cqt/unlensed/neg_1343.png,0,1343,train,negative
/root/autodl-tmp/qkzhang/cqt_v2/dataset_images_PM_noisy_cqt/unlensed/neg_1344.png,0,1344,train,negative
/root/autodl-tmp/qkzhang/cqt_v2/dataset_images_PM_noisy_cqt/unlensed/neg_1346.png,0,1346,train,negative
/root/autodl-tmp/qkzhang/cqt_v2/dataset_images_PM_noisy_cqt/unlensed/neg_1347.png,0,1347,train,negative
/root/autodl-tmp/qkzhang/cqt_v2/dataset_images_PM_noisy_cqt/unlensed/neg_1348.png,0,1348,train,negative
/root/autodl-tmp/qkzhang/cqt_v2/dataset_images_PM_noisy_cqt/unlensed/neg_1349.png,0,1349,train,negative
/root/autodl-tmp/qkzhang/cqt_v2/dataset_images_PM_noisy_cqt/unlensed/neg_1350.png,0,1350,train,negative
/root/autodl-tmp/qkzhang/cqt_v2/dataset_images_PM_noisy_cqt/unlensed/neg_1351.png,0,1351,train,negative
/root/autodl-tmp/qkzhang/cqt_v2/dataset_images_PM_noisy_cqt/unlensed/neg_1352.png,0,1352,train,negative
/root/autodl-tmp/qkzhang/cqt_v2/dataset_images_PM_noisy_cqt/unlensed/neg_1354.png,0,1354,train,negative
/root/autodl-tmp/qkzhang/cqt_v2/dataset_images_PM_noisy_cqt/unlensed/neg_1355.png,0,1355,train,negative
/root/autodl-tmp/qkzhang/cqt_v2/dataset_images_PM_noisy_cqt/unlensed/neg_1356.png,0,1356,train,negative
/root/autodl-tmp/qkzhang/cqt_v2/dataset_images_PM_noisy_cqt/unlensed/neg_1357.png,0,1357,train,negative
/root/autodl-tmp/qkzhang/cqt_v2/dataset_images_PM_noisy_cqt/unlensed/neg_1358.png,0,1358,train,negative
/root/autodl-tmp/qkzhang/cqt_v2/dataset_images_PM_noisy_cqt/unlensed/neg_1359.png,0,1359,train,negative
/root/autodl-tmp/qkzhang/cqt_v2/dataset_images_PM_noisy_cqt/unlensed/neg_1360.png,0,1360,train,negative
/root/autodl-tmp/qkzhang/cqt_v2/dataset_images_PM_noisy_cqt/unlensed/neg_1361.png,0,1361,train,negative
/root/autodl-tmp/qkzhang/cqt_v2/dataset_images_PM_noisy_cqt/unlensed/neg_1364.png,0,1364,train,negative
/root/autodl-tmp/qkzhang/cqt_v2/dataset_images_PM_noisy_cqt/unlensed/neg_1365.png,0,1365,train,negative
/root/autodl-tmp/qkzhang/cqt_v2/dataset_images_PM_noisy_cqt/unlensed/neg_1366.png,0,1366,train,negative
/root/autodl-tmp/qkzhang/cqt_v2/dataset_images_PM_noisy_cqt/unlensed/neg_1367.png,0,1367,train,negative
/root/autodl-tmp/qkzhang/cqt_v2/dataset_images_PM_noisy_cqt/unlensed/neg_1368.png,0,1368,train,negative
/root/autodl-tmp/qkzhang/cqt_v2/dataset_images_PM_noisy_cqt/unlensed/neg_1369.png,0,1369,train,negative
/root/autodl-tmp/qkzhang/cqt_v2/dataset_images_PM_noisy_cqt/unlensed/neg_1370.png,0,1370,train,negative
/root/autodl-tmp/qkzhang/cqt_v2/dataset_images_PM_noisy_cqt/unlensed/neg_1371.png,0,1371,train,negative
/root/autodl-tmp/qkzhang/cqt_v2/dataset_images_PM_noisy_cqt/unlensed/neg_1372.png,0,1372,train,negative
/root/autodl-tmp/qkzhang/cqt_v2/dataset_images_PM_noisy_cqt/unlensed/neg_1373.png,0,1373,train,negative
/root/autodl-tmp/qkzhang/cqt_v2/dataset_images_PM_noisy_cqt/unlensed/neg_1374.png,0,1374,train,negative
/root/autodl-tmp/qkzhang/cqt_v2/dataset_images_PM_noisy_cqt/unlensed/neg_1375.png,0,1375,train,negative
/root/autodl-tmp/qkzhang/cqt_v2/dataset_images_PM_noisy_cqt/unlensed/neg_1376.png,0,1376,train,negative
/root/autodl-tmp/qkzhang/cqt_v2/dataset_images_PM_noisy_cqt/unlensed/neg_1377.png,0,1377,train,negative
/root/autodl-tmp/qkzhang/cqt_v2/dataset_images_PM_noisy_cqt/unlensed/neg_1379.png,0,1379,train,negative
/root/autodl-tmp/qkzhang/cqt_v2/dataset_images_PM_noisy_cqt/unlensed/neg_1382.png,0,1382,train,negative
/root/autodl-tmp/qkzhang/cqt_v2/dataset_images_PM_noisy_cqt/unlensed/neg_1383.png,0,1383,train,negative
/root/autodl-tmp/qkzhang/cqt_v2/dataset_images_PM_noisy_cqt/unlensed/neg_1385.png,0,1385,train,negative
/root/autodl-tmp/qkzhang/cqt_v2/dataset_images_PM_noisy_cqt/unlensed/neg_1387.png,0,1387,train,negative
/root/autodl-tmp/qkzhang/cqt_v2/dataset_images_PM_noisy_cqt/unlensed/neg_1389.png,0,1389,train,negative
/root/autodl-tmp/qkzhang/cqt_v2/dataset_images_PM_noisy_cqt/unlensed/neg_1390.png,0,1390,train,negative
/root/autodl-tmp/qkzhang/cqt_v2/dataset_images_PM_noisy_cqt/unlensed/neg_1391.png,0,1391,train,negative
/root/autodl-tmp/qkzhang/cqt_v2/dataset_images_PM_noisy_cqt/unlensed/neg_1392.png,0,1392,train,negative
/root/autodl-tmp/qkzhang/cqt_v2/dataset_images_PM_noisy_cqt/unlensed/neg_1393.png,0,1393,train,negative
/root/autodl-tmp/qkzhang/cqt_v2/dataset_images_PM_noisy_cqt/unlensed/neg_1394.png,0,1394,train,negative
/root/autodl-tmp/qkzhang/cqt_v2/dataset_images_PM_noisy_cqt/unlensed/neg_1395.png,0,1395,train,negative
/root/autodl-tmp/qkzhang/cqt_v2/dataset_images_PM_noisy_cqt/unlensed/neg_1396.png,0,1396,train,negative
/root/autodl-tmp/qkzhang/cqt_v2/dataset_images_PM_noisy_cqt/unlensed/neg_1398.png,0,1398,train,negative
/root/autodl-tmp/qkzhang/cqt_v2/dataset_images_PM_noisy_cqt/unlensed/neg_1400.png,0,1400,train,negative
/root/autodl-tmp/qkzhang/cqt_v2/dataset_images_PM_noisy_cqt/unlensed/neg_1403.png,0,1403,train,negative
/root/autodl-tmp/qkzhang/cqt_v2/dataset_images_PM_noisy_cqt/unlensed/neg_1405.png,0,1405,train,negative
/root/autodl-tmp/qkzhang/cqt_v2/dataset_images_PM_noisy_cqt/unlensed/neg_1406.png,0,1406,train,negative
/root/autodl-tmp/qkzhang/cqt_v2/dataset_images_PM_noisy_cqt/unlensed/neg_1408.png,0,1408,train,negative
/root/autodl-tmp/qkzhang/cqt_v2/dataset_images_PM_noisy_cqt/unlensed/neg_1409.png,0,1409,train,negative
/root/autodl-tmp/qkzhang/cqt_v2/dataset_images_PM_noisy_cqt/unlensed/neg_1412.png,0,1412,train,negative
/root/autodl-tmp/qkzhang/cqt_v2/dataset_images_PM_noisy_cqt/unlensed/neg_1413.png,0,1413,train,negative
/root/autodl-tmp/qkzhang/cqt_v2/dataset_images_PM_noisy_cqt/unlensed/neg_1417.png,0,1417,train,negative
/root/autodl-tmp/qkzhang/cqt_v2/dataset_images_PM_noisy_cqt/unlensed/neg_1419.png,0,1419,train,negative
/root/autodl-tmp/qkzhang/cqt_v2/dataset_images_PM_noisy_cqt/unlensed/neg_1420.png,0,1420,train,negative
/root/autodl-tmp/qkzhang/cqt_v2/dataset_images_PM_noisy_cqt/unlensed/neg_1421.png,0,1421,train,negative
/root/autodl-tmp/qkzhang/cqt_v2/dataset_images_PM_noisy_cqt/unlensed/neg_1422.png,0,1422,train,negative
/root/autodl-tmp/qkzhang/cqt_v2/dataset_images_PM_noisy_cqt/unlensed/neg_1423.png,0,1423,train,negative
/root/autodl-tmp/qkzhang/cqt_v2/dataset_images_PM_noisy_cqt/unlensed/neg_1425.png,0,1425,train,negative
/root/autodl-tmp/qkzhang/cqt_v2/dataset_images_PM_noisy_cqt/unlensed/neg_1426.png,0,1426,train,negative
/root/autodl-tmp/qkzhang/cqt_v2/dataset_images_PM_noisy_cqt/unlensed/neg_1427.png,0,1427,train,negative
/root/autodl-tmp/qkzhang/cqt_v2/dataset_images_PM_noisy_cqt/unlensed/neg_1428.png,0,1428,train,negative
/root/autodl-tmp/qkzhang/cqt_v2/dataset_images_PM_noisy_cqt/unlensed/neg_1429.png,0,1429,train,negative
/root/autodl-tmp/qkzhang/cqt_v2/dataset_images_PM_noisy_cqt/unlensed/neg_1430.png,0,1430,train,negative
/root/autodl-tmp/qkzhang/cqt_v2/dataset_images_PM_noisy_cqt/unlensed/neg_1431.png,0,1431,train,negative
/root/autodl-tmp/qkzhang/cqt_v2/dataset_images_PM_noisy_cqt/unlensed/neg_1433.png,0,1433,train,negative
/root/autodl-tmp/qkzhang/cqt_v2/dataset_images_PM_noisy_cqt/unlensed/neg_1435.png,0,1435,train,negative
/root/autodl-tmp/qkzhang/cqt_v2/dataset_images_PM_noisy_cqt/unlensed/neg_1436.png,0,1436,train,negative
/root/autodl-tmp/qkzhang/cqt_v2/dataset_images_PM_noisy_cqt/unlensed/neg_1437.png,0,1437,train,negative
/root/autodl-tmp/qkzhang/cqt_v2/dataset_images_PM_noisy_cqt/unlensed/neg_1438.png,0,1438,train,negative
/root/autodl-tmp/qkzhang/cqt_v2/dataset_images_PM_noisy_cqt/unlensed/neg_1440.png,0,1440,train,negative
/root/autodl-tmp/qkzhang/cqt_v2/dataset_images_PM_noisy_cqt/unlensed/neg_1441.png,0,1441,train,negative
/root/autodl-tmp/qkzhang/cqt_v2/dataset_images_PM_noisy_cqt/unlensed/neg_1443.png,0,1443,train,negative
/root/autodl-tmp/qkzhang/cqt_v2/dataset_images_PM_noisy_cqt/unlensed/neg_1444.png,0,1444,train,negative
/root/autodl-tmp/qkzhang/cqt_v2/dataset_images_PM_noisy_cqt/unlensed/neg_1445.png,0,1445,train,negative
/root/autodl-tmp/qkzhang/cqt_v2/dataset_images_PM_noisy_cqt/unlensed/neg_1446.png,0,1446,train,negative
/root/autodl-tmp/qkzhang/cqt_v2/dataset_images_PM_noisy_cqt/unlensed/neg_1447.png,0,1447,train,negative
/root/autodl-tmp/qkzhang/cqt_v2/dataset_images_PM_noisy_cqt/unlensed/neg_1448.png,0,1448,train,negative
/root/autodl-tmp/qkzhang/cqt_v2/dataset_images_PM_noisy_cqt/unlensed/neg_1449.png,0,1449,train,negative
/root/autodl-tmp/qkzhang/cqt_v2/dataset_images_PM_noisy_cqt/unlensed/neg_1450.png,0,1450,train,negative
/root/autodl-tmp/qkzhang/cqt_v2/dataset_images_PM_noisy_cqt/unlensed/neg_1452.png,0,1452,train,negative
/root/autodl-tmp/qkzhang/cqt_v2/dataset_images_PM_noisy_cqt/unlensed/neg_1454.png,0,1454,train,negative
/root/autodl-tmp/qkzhang/cqt_v2/dataset_images_PM_noisy_cqt/unlensed/neg_1455.png,0,1455,train,negative
/root/autodl-tmp/qkzhang/cqt_v2/dataset_images_PM_noisy_cqt/unlensed/neg_1456.png,0,1456,train,negative
/root/autodl-tmp/qkzhang/cqt_v2/dataset_images_PM_noisy_cqt/unlensed/neg_1458.png,0,1458,train,negative
/root/autodl-tmp/qkzhang/cqt_v2/dataset_images_PM_noisy_cqt/unlensed/neg_1459.png,0,1459,train,negative
/root/autodl-tmp/qkzhang/cqt_v2/dataset_images_PM_noisy_cqt/unlensed/neg_1460.png,0,1460,train,negative
/root/autodl-tmp/qkzhang/cqt_v2/dataset_images_PM_noisy_cqt/unlensed/neg_1464.png,0,1464,train,negative
/root/autodl-tmp/qkzhang/cqt_v2/dataset_images_PM_noisy_cqt/unlensed/neg_1465.png,0,1465,train,negative
/root/autodl-tmp/qkzhang/cqt_v2/dataset_images_PM_noisy_cqt/unlensed/neg_1467.png,0,1467,train,negative
/root/autodl-tmp/qkzhang/cqt_v2/dataset_images_PM_noisy_cqt/unlensed/neg_1468.png,0,1468,train,negative
/root/autodl-tmp/qkzhang/cqt_v2/dataset_images_PM_noisy_cqt/unlensed/neg_1469.png,0,1469,train,negative
/root/autodl-tmp/qkzhang/cqt_v2/dataset_images_PM_noisy_cqt/unlensed/neg_1471.png,0,1471,train,negative
/root/autodl-tmp/qkzhang/cqt_v2/dataset_images_PM_noisy_cqt/unlensed/neg_1472.png,0,1472,train,negative
/root/autodl-tmp/qkzhang/cqt_v2/dataset_images_PM_noisy_cqt/unlensed/neg_1474.png,0,1474,train,negative
/root/autodl-tmp/qkzhang/cqt_v2/dataset_images_PM_noisy_cqt/unlensed/neg_1475.png,0,1475,train,negative
/root/autodl-tmp/qkzhang/cqt_v2/dataset_images_PM_noisy_cqt/unlensed/neg_1476.png,0,1476,train,negative
/root/autodl-tmp/qkzhang/cqt_v2/dataset_images_PM_noisy_cqt/unlensed/neg_1478.png,0,1478,train,negative
/root/autodl-tmp/qkzhang/cqt_v2/dataset_images_PM_noisy_cqt/unlensed/neg_1479.png,0,1479,train,negative
/root/autodl-tmp/qkzhang/cqt_v2/dataset_images_PM_noisy_cqt/unlensed/neg_1480.png,0,1480,train,negative
/root/autodl-tmp/qkzhang/cqt_v2/dataset_images_PM_noisy_cqt/unlensed/neg_1481.png,0,1481,train,negative
/root/autodl-tmp/qkzhang/cqt_v2/dataset_images_PM_noisy_cqt/unlensed/neg_1482.png,0,1482,train,negative
/root/autodl-tmp/qkzhang/cqt_v2/dataset_images_PM_noisy_cqt/unlensed/neg_1483.png,0,1483,train,negative
/root/autodl-tmp/qkzhang/cqt_v2/dataset_images_PM_noisy_cqt/unlensed/neg_1484.png,0,1484,train,negative
/root/autodl-tmp/qkzhang/cqt_v2/dataset_images_PM_noisy_cqt/unlensed/neg_1485.png,0,1485,train,negative
/root/autodl-tmp/qkzhang/cqt_v2/dataset_images_PM_noisy_cqt/unlensed/neg_1486.png,0,1486,train,negative
/root/autodl-tmp/qkzhang/cqt_v2/dataset_images_PM_noisy_cqt/unlensed/neg_1487.png,0,1487,train,negative
/root/autodl-tmp/qkzhang/cqt_v2/dataset_images_PM_noisy_cqt/unlensed/neg_1488.png,0,1488,train,negative
/root/autodl-tmp/qkzhang/cqt_v2/dataset_images_PM_noisy_cqt/unlensed/neg_1489.png,0,1489,train,negative
/root/autodl-tmp/qkzhang/cqt_v2/dataset_images_PM_noisy_cqt/unlensed/neg_1491.png,0,1491,train,negative
/root/autodl-tmp/qkzhang/cqt_v2/dataset_images_PM_noisy_cqt/unlensed/neg_1492.png,0,1492,train,negative
/root/autodl-tmp/qkzhang/cqt_v2/dataset_images_PM_noisy_cqt/unlensed/neg_1493.png,0,1493,train,negative
/root/autodl-tmp/qkzhang/cqt_v2/dataset_images_PM_noisy_cqt/unlensed/neg_1494.png,0,1494,train,negative
/root/autodl-tmp/qkzhang/cqt_v2/dataset_images_PM_noisy_cqt/unlensed/neg_1495.png,0,1495,train,negative
/root/autodl-tmp/qkzhang/cqt_v2/dataset_images_PM_noisy_cqt/unlensed/neg_1496.png,0,1496,train,negative
/root/autodl-tmp/qkzhang/cqt_v2/dataset_images_PM_noisy_cqt/unlensed/neg_1497.png,0,1497,train,negative
/root/autodl-tmp/qkzhang/cqt_v2/dataset_images_PM_noisy_cqt/unlensed/neg_1498.png,0,1498,train,negative
/root/autodl-tmp/qkzhang/cqt_v2/dataset_images_PM_noisy_cqt/unlensed/neg_1499.png,0,1499,train,negative
/root/autodl-tmp/qkzhang/cqt_v2/dataset_images_PM_noisy_cqt/unlensed/neg_1501.png,0,1501,train,negative
/root/autodl-tmp/qkzhang/cqt_v2/dataset_images_PM_noisy_cqt/unlensed/neg_1502.png,0,1502,train,negative
/root/autodl-tmp/qkzhang/cqt_v2/dataset_images_PM_noisy_cqt/unlensed/neg_1503.png,0,1503,train,negative
/root/autodl-tmp/qkzhang/cqt_v2/dataset_images_PM_noisy_cqt/unlensed/neg_1504.png,0,1504,train,negative
/root/autodl-tmp/qkzhang/cqt_v2/dataset_images_PM_noisy_cqt/unlensed/neg_1506.png,0,1506,train,negative
/root/autodl-tmp/qkzhang/cqt_v2/dataset_images_PM_noisy_cqt/unlensed/neg_1507.png,0,1507,train,negative
/root/autodl-tmp/qkzhang/cqt_v2/dataset_images_PM_noisy_cqt/unlensed/neg_1508.png,0,1508,train,negative
/root/autodl-tmp/qkzhang/cqt_v2/dataset_images_PM_noisy_cqt/unlensed/neg_1509.png,0,1509,train,negative
/root/autodl-tmp/qkzhang/cqt_v2/dataset_images_PM_noisy_cqt/unlensed/neg_1510.png,0,1510,train,negative
/root/autodl-tmp/qkzhang/cqt_v2/dataset_images_PM_noisy_cqt/unlensed/neg_1512.png,0,1512,train,negative
/root/autodl-tmp/qkzhang/cqt_v2/dataset_images_PM_noisy_cqt/unlensed/neg_1513.png,0,1513,train,negative
/root/autodl-tmp/qkzhang/cqt_v2/dataset_images_PM_noisy_cqt/unlensed/neg_1514.png,0,1514,train,negative
/root/autodl-tmp/qkzhang/cqt_v2/dataset_images_PM_noisy_cqt/unlensed/neg_1515.png,0,1515,train,negative
/root/autodl-tmp/qkzhang/cqt_v2/dataset_images_PM_noisy_cqt/unlensed/neg_1516.png,0,1516,train,negative
/root/autodl-tmp/qkzhang/cqt_v2/dataset_images_PM_noisy_cqt/unlensed/neg_1517.png,0,1517,train,negative
/root/autodl-tmp/qkzhang/cqt_v2/dataset_images_PM_noisy_cqt/unlensed/neg_1518.png,0,1518,train,negative
/root/autodl-tmp/qkzhang/cqt_v2/dataset_images_PM_noisy_cqt/unlensed/neg_1519.png,0,1519,train,negative
/root/autodl-tmp/qkzhang/cqt_v2/dataset_images_PM_noisy_cqt/unlensed/neg_1520.png,0,1520,train,negative
/root/autodl-tmp/qkzhang/cqt_v2/dataset_images_PM_noisy_cqt/unlensed/neg_1522.png,0,1522,train,negative
/root/autodl-tmp/qkzhang/cqt_v2/dataset_images_PM_noisy_cqt/unlensed/neg_1524.png,0,1524,train,negative
/root/autodl-tmp/qkzhang/cqt_v2/dataset_images_PM_noisy_cqt/unlensed/neg_1525.png,0,1525,train,negative
/root/autodl-tmp/qkzhang/cqt_v2/dataset_images_PM_noisy_cqt/unlensed/neg_1526.png,0,1526,train,negative
/root/autodl-tmp/qkzhang/cqt_v2/dataset_images_PM_noisy_cqt/unlensed/neg_1530.png,0,1530,train,negative
/root/autodl-tmp/qkzhang/cqt_v2/dataset_images_PM_noisy_cqt/unlensed/neg_1531.png,0,1531,train,negative
/root/autodl-tmp/qkzhang/cqt_v2/dataset_images_PM_noisy_cqt/unlensed/neg_1532.png,0,1532,train,negative
/root/autodl-tmp/qkzhang/cqt_v2/dataset_images_PM_noisy_cqt/unlensed/neg_1534.png,0,1534,train,negative
/root/autodl-tmp/qkzhang/cqt_v2/dataset_images_PM_noisy_cqt/unlensed/neg_1535.png,0,1535,train,negative
/root/autodl-tmp/qkzhang/cqt_v2/dataset_images_PM_noisy_cqt/unlensed/neg_1537.png,0,1537,train,negative
/root/autodl-tmp/qkzhang/cqt_v2/dataset_images_PM_noisy_cqt/unlensed/neg_1538.png,0,1538,train,negative
/root/autodl-tmp/qkzhang/cqt_v2/dataset_images_PM_noisy_cqt/unlensed/neg_1539.png,0,1539,train,negative
/root/autodl-tmp/qkzhang/cqt_v2/dataset_images_PM_noisy_cqt/unlensed/neg_1541.png,0,1541,train,negative
/root/autodl-tmp/qkzhang/cqt_v2/dataset_images_PM_noisy_cqt/unlensed/neg_1542.png,0,1542,train,negative
/root/autodl-tmp/qkzhang/cqt_v2/dataset_images_PM_noisy_cqt/unlensed/neg_1543.png,0,1543,train,negative
/root/autodl-tmp/qkzhang/cqt_v2/dataset_images_PM_noisy_cqt/unlensed/neg_1544.png,0,1544,train,negative
/root/autodl-tmp/qkzhang/cqt_v2/dataset_images_PM_noisy_cqt/unlensed/neg_1545.png,0,1545,train,negative
/root/autodl-tmp/qkzhang/cqt_v2/dataset_images_PM_noisy_cqt/unlensed/neg_1546.png,0,1546,train,negative
/root/autodl-tmp/qkzhang/cqt_v2/dataset_images_PM_noisy_cqt/unlensed/neg_1547.png,0,1547,train,negative
/root/autodl-tmp/qkzhang/cqt_v2/dataset_images_PM_noisy_cqt/unlensed/neg_1548.png,0,1548,train,negative
/root/autodl-tmp/qkzhang/cqt_v2/dataset_images_PM_noisy_cqt/unlensed/neg_1549.png,0,1549,train,negative
/root/autodl-tmp/qkzhang/cqt_v2/dataset_images_PM_noisy_cqt/unlensed/neg_1552.png,0,1552,train,negative
/root/autodl-tmp/qkzhang/cqt_v2/dataset_images_PM_noisy_cqt/unlensed/neg_1555.png,0,1555,train,negative
/root/autodl-tmp/qkzhang/cqt_v2/dataset_images_PM_noisy_cqt/unlensed/neg_1556.png,0,1556,train,negative
/root/autodl-tmp/qkzhang/cqt_v2/dataset_images_PM_noisy_cqt/unlensed/neg_1557.png,0,1557,train,negative
/root/autodl-tmp/qkzhang/cqt_v2/dataset_images_PM_noisy_cqt/unlensed/neg_1559.png,0,1559,train,negative
/root/autodl-tmp/qkzhang/cqt_v2/dataset_images_PM_noisy_cqt/unlensed/neg_1560.png,0,1560,train,negative
/root/autodl-tmp/qkzhang/cqt_v2/dataset_images_PM_noisy_cqt/unlensed/neg_1561.png,0,1561,train,negative
/root/autodl-tmp/qkzhang/cqt_v2/dataset_images_PM_noisy_cqt/unlensed/neg_1562.png,0,1562,train,negative
/root/autodl-tmp/qkzhang/cqt_v2/dataset_images_PM_noisy_cqt/unlensed/neg_1563.png,0,1563,train,negative
/root/autodl-tmp/qkzhang/cqt_v2/dataset_images_PM_noisy_cqt/unlensed/neg_1565.png,0,1565,train,negative
/root/autodl-tmp/qkzhang/cqt_v2/dataset_images_PM_noisy_cqt/unlensed/neg_1566.png,0,1566,train,negative
/root/autodl-tmp/qkzhang/cqt_v2/dataset_images_PM_noisy_cqt/unlensed/neg_1569.png,0,1569,train,negative
/root/autodl-tmp/qkzhang/cqt_v2/dataset_images_PM_noisy_cqt/unlensed/neg_1570.png,0,1570,train,negative
/root/autodl-tmp/qkzhang/cqt_v2/dataset_images_PM_noisy_cqt/unlensed/neg_1572.png,0,1572,train,negative
/root/autodl-tmp/qkzhang/cqt_v2/dataset_images_PM_noisy_cqt/unlensed/neg_1574.png,0,1574,train,negative
/root/autodl-tmp/qkzhang/cqt_v2/dataset_images_PM_noisy_cqt/unlensed/neg_1576.png,0,1576,train,negative
/root/autodl-tmp/qkzhang/cqt_v2/dataset_images_PM_noisy_cqt/unlensed/neg_1578.png,0,1578,train,negative
/root/autodl-tmp/qkzhang/cqt_v2/dataset_images_PM_noisy_cqt/unlensed/neg_1579.png,0,1579,train,negative
/root/autodl-tmp/qkzhang/cqt_v2/dataset_images_PM_noisy_cqt/unlensed/neg_1580.png,0,1580,train,negative
/root/autodl-tmp/qkzhang/cqt_v2/dataset_images_PM_noisy_cqt/unlensed/neg_1582.png,0,1582,train,negative
/root/autodl-tmp/qkzhang/cqt_v2/dataset_images_PM_noisy_cqt/unlensed/neg_1583.png,0,1583,train,negative
/root/autodl-tmp/qkzhang/cqt_v2/dataset_images_PM_noisy_cqt/unlensed/neg_1584.png,0,1584,train,negative
/root/autodl-tmp/qkzhang/cqt_v2/dataset_images_PM_noisy_cqt/unlensed/neg_1585.png,0,1585,train,negative
/root/autodl-tmp/qkzhang/cqt_v2/dataset_images_PM_noisy_cqt/unlensed/neg_1586.png,0,1586,train,negative
/root/autodl-tmp/qkzhang/cqt_v2/dataset_images_PM_noisy_cqt/unlensed/neg_1587.png,0,1587,train,negative
/root/autodl-tmp/qkzhang/cqt_v2/dataset_images_PM_noisy_cqt/unlensed/neg_1588.png,0,1588,train,negative
/root/autodl-tmp/qkzhang/cqt_v2/dataset_images_PM_noisy_cqt/unlensed/neg_1589.png,0,1589,train,negative
/root/autodl-tmp/qkzhang/cqt_v2/dataset_images_PM_noisy_cqt/unlensed/neg_1590.png,0,1590,train,negative
/root/autodl-tmp/qkzhang/cqt_v2/dataset_images_PM_noisy_cqt/unlensed/neg_1591.png,0,1591,train,negative
/root/autodl-tmp/qkzhang/cqt_v2/dataset_images_PM_noisy_cqt/unlensed/neg_1592.png,0,1592,train,negative
/root/autodl-tmp/qkzhang/cqt_v2/dataset_images_PM_noisy_cqt/unlensed/neg_1593.png,0,1593,train,negative
/root/autodl-tmp/qkzhang/cqt_v2/dataset_images_PM_noisy_cqt/unlensed/neg_1595.png,0,1595,train,negative
/root/autodl-tmp/qkzhang/cqt_v2/dataset_images_PM_noisy_cqt/unlensed/neg_1597.png,0,1597,train,negative
/root/autodl-tmp/qkzhang/cqt_v2/dataset_images_PM_noisy_cqt/unlensed/neg_1598.png,0,1598,train,negative
/root/autodl-tmp/qkzhang/cqt_v2/dataset_images_PM_noisy_cqt/unlensed/neg_1599.png,0,1599,train,negative
/root/autodl-tmp/qkzhang/cqt_v2/dataset_images_PM_noisy_cqt/unlensed/neg_1600.png,0,1600,train,negative
/root/autodl-tmp/qkzhang/cqt_v2/dataset_images_PM_noisy_cqt/unlensed/neg_1601.png,0,1601,train,negative
/root/autodl-tmp/qkzhang/cqt_v2/dataset_images_PM_noisy_cqt/unlensed/neg_1603.png,0,1603,train,negative
/root/autodl-tmp/qkzhang/cqt_v2/dataset_images_PM_noisy_cqt/unlensed/neg_1605.png,0,1605,train,negative
/root/autodl-tmp/qkzhang/cqt_v2/dataset_images_PM_noisy_cqt/unlensed/neg_1607.png,0,1607,train,negative
/root/autodl-tmp/qkzhang/cqt_v2/dataset_images_PM_noisy_cqt/unlensed/neg_1608.png,0,1608,train,negative
/root/autodl-tmp/qkzhang/cqt_v2/dataset_images_PM_noisy_cqt/unlensed/neg_1610.png,0,1610,train,negative
/root/autodl-tmp/qkzhang/cqt_v2/dataset_images_PM_noisy_cqt/unlensed/neg_1611.png,0,1611,train,negative
/root/autodl-tmp/qkzhang/cqt_v2/dataset_images_PM_noisy_cqt/unlensed/neg_1612.png,0,1612,train,negative
/root/autodl-tmp/qkzhang/cqt_v2/dataset_images_PM_noisy_cqt/unlensed/neg_1613.png,0,1613,train,negative
/root/autodl-tmp/qkzhang/cqt_v2/dataset_images_PM_noisy_cqt/unlensed/neg_1614.png,0,1614,train,negative
/root/autodl-tmp/qkzhang/cqt_v2/dataset_images_PM_noisy_cqt/unlensed/neg_1615.png,0,1615,train,negative
/root/autodl-tmp/qkzhang/cqt_v2/dataset_images_PM_noisy_cqt/unlensed/neg_1616.png,0,1616,train,negative
/root/autodl-tmp/qkzhang/cqt_v2/dataset_images_PM_noisy_cqt/unlensed/neg_1617.png,0,1617,train,negative
/root/autodl-tmp/qkzhang/cqt_v2/dataset_images_PM_noisy_cqt/unlensed/neg_1618.png,0,1618,train,negative
/root/autodl-tmp/qkzhang/cqt_v2/dataset_images_PM_noisy_cqt/unlensed/neg_1619.png,0,1619,train,negative
/root/autodl-tmp/qkzhang/cqt_v2/dataset_images_PM_noisy_cqt/unlensed/neg_1620.png,0,1620,train,negative
/root/autodl-tmp/qkzhang/cqt_v2/dataset_images_PM_noisy_cqt/unlensed/neg_1621.png,0,1621,train,negative
/root/autodl-tmp/qkzhang/cqt_v2/dataset_images_PM_noisy_cqt/unlensed/neg_1623.png,0,1623,train,negative
/root/autodl-tmp/qkzhang/cqt_v2/dataset_images_PM_noisy_cqt/unlensed/neg_1624.png,0,1624,train,negative
/root/autodl-tmp/qkzhang/cqt_v2/dataset_images_PM_noisy_cqt/unlensed/neg_1625.png,0,1625,train,negative
/root/autodl-tmp/qkzhang/cqt_v2/dataset_images_PM_noisy_cqt/unlensed/neg_1626.png,0,1626,train,negative
/root/autodl-tmp/qkzhang/cqt_v2/dataset_images_PM_noisy_cqt/unlensed/neg_1627.png,0,1627,train,negative
/root/autodl-tmp/qkzhang/cqt_v2/dataset_images_PM_noisy_cqt/unlensed/neg_1628.png,0,1628,train,negative
/root/autodl-tmp/qkzhang/cqt_v2/dataset_images_PM_noisy_cqt/unlensed/neg_1631.png,0,1631,train,negative
/root/autodl-tmp/qkzhang/cqt_v2/dataset_images_PM_noisy_cqt/unlensed/neg_1632.png,0,1632,train,negative
/root/autodl-tmp/qkzhang/cqt_v2/dataset_images_PM_noisy_cqt/unlensed/neg_1633.png,0,1633,train,negative
/root/autodl-tmp/qkzhang/cqt_v2/dataset_images_PM_noisy_cqt/unlensed/neg_1634.png,0,1634,train,negative
/root/autodl-tmp/qkzhang/cqt_v2/dataset_images_PM_noisy_cqt/unlensed/neg_1636.png,0,1636,train,negative
/root/autodl-tmp/qkzhang/cqt_v2/dataset_images_PM_noisy_cqt/unlensed/neg_1637.png,0,1637,train,negative
/root/autodl-tmp/qkzhang/cqt_v2/dataset_images_PM_noisy_cqt/unlensed/neg_1638.png,0,1638,train,negative
/root/autodl-tmp/qkzhang/cqt_v2/dataset_images_PM_noisy_cqt/unlensed/neg_1639.png,0,1639,train,negative
/root/autodl-tmp/qkzhang/cqt_v2/dataset_images_PM_noisy_cqt/unlensed/neg_1640.png,0,1640,train,negative
/root/autodl-tmp/qkzhang/cqt_v2/dataset_images_PM_noisy_cqt/unlensed/neg_1641.png,0,1641,train,negative
/root/autodl-tmp/qkzhang/cqt_v2/dataset_images_PM_noisy_cqt/unlensed/neg_1642.png,0,1642,train,negative
/root/autodl-tmp/qkzhang/cqt_v2/dataset_images_PM_noisy_cqt/unlensed/neg_1643.png,0,1643,train,negative
/root/autodl-tmp/qkzhang/cqt_v2/dataset_images_PM_noisy_cqt/unlensed/neg_1644.png,0,1644,train,negative
/root/autodl-tmp/qkzhang/cqt_v2/dataset_images_PM_noisy_cqt/unlensed/neg_1645.png,0,1645,train,negative
/root/autodl-tmp/qkzhang/cqt_v2/dataset_images_PM_noisy_cqt/unlensed/neg_1646.png,0,1646,train,negative
/root/autodl-tmp/qkzhang/cqt_v2/dataset_images_PM_noisy_cqt/unlensed/neg_1647.png,0,1647,train,negative
/root/autodl-tmp/qkzhang/cqt_v2/dataset_images_PM_noisy_cqt/unlensed/neg_1649.png,0,1649,train,negative
/root/autodl-tmp/qkzhang/cqt_v2/dataset_images_PM_noisy_cqt/unlensed/neg_1650.png,0,1650,train,negative
/root/autodl-tmp/qkzhang/cqt_v2/dataset_images_PM_noisy_cqt/unlensed/neg_1651.png,0,1651,train,negative
/root/autodl-tmp/qkzhang/cqt_v2/dataset_images_PM_noisy_cqt/unlensed/neg_1653.png,0,1653,train,negative
/root/autodl-tmp/qkzhang/cqt_v2/dataset_images_PM_noisy_cqt/unlensed/neg_1654.png,0,1654,train,negative
/root/autodl-tmp/qkzhang/cqt_v2/dataset_images_PM_noisy_cqt/unlensed/neg_1655.png,0,1655,train,negative
/root/autodl-tmp/qkzhang/cqt_v2/dataset_images_PM_noisy_cqt/unlensed/neg_1656.png,0,1656,train,negative
/root/autodl-tmp/qkzhang/cqt_v2/dataset_images_PM_noisy_cqt/unlensed/neg_1657.png,0,1657,train,negative
/root/autodl-tmp/qkzhang/cqt_v2/dataset_images_PM_noisy_cqt/unlensed/neg_1658.png,0,1658,train,negative
/root/autodl-tmp/qkzhang/cqt_v2/dataset_images_PM_noisy_cqt/unlensed/neg_1659.png,0,1659,train,negative
/root/autodl-tmp/qkzhang/cqt_v2/dataset_images_PM_noisy_cqt/unlensed/neg_1660.png,0,1660,train,negative
/root/autodl-tmp/qkzhang/cqt_v2/dataset_images_PM_noisy_cqt/unlensed/neg_1661.png,0,1661,train,negative
/root/autodl-tmp/qkzhang/cqt_v2/dataset_images_PM_noisy_cqt/unlensed/neg_1662.png,0,1662,train,negative
/root/autodl-tmp/qkzhang/cqt_v2/dataset_images_PM_noisy_cqt/unlensed/neg_1663.png,0,1663,train,negative
/root/autodl-tmp/qkzhang/cqt_v2/dataset_images_PM_noisy_cqt/unlensed/neg_1664.png,0,1664,train,negative
/root/autodl-tmp/qkzhang/cqt_v2/dataset_images_PM_noisy_cqt/unlensed/neg_1666.png,0,1666,train,negative
/root/autodl-tmp/qkzhang/cqt_v2/dataset_images_PM_noisy_cqt/unlensed/neg_1668.png,0,1668,train,negative
/root/autodl-tmp/qkzhang/cqt_v2/dataset_images_PM_noisy_cqt/unlensed/neg_1669.png,0,1669,train,negative
/root/autodl-tmp/qkzhang/cqt_v2/dataset_images_PM_noisy_cqt/unlensed/neg_1670.png,0,1670,train,negative
/root/autodl-tmp/qkzhang/cqt_v2/dataset_images_PM_noisy_cqt/unlensed/neg_1672.png,0,1672,train,negative
/root/autodl-tmp/qkzhang/cqt_v2/dataset_images_PM_noisy_cqt/unlensed/neg_1674.png,0,1674,train,negative
/root/autodl-tmp/qkzhang/cqt_v2/dataset_images_PM_noisy_cqt/unlensed/neg_1675.png,0,1675,train,negative
/root/autodl-tmp/qkzhang/cqt_v2/dataset_images_PM_noisy_cqt/unlensed/neg_1676.png,0,1676,train,negative
/root/autodl-tmp/qkzhang/cqt_v2/dataset_images_PM_noisy_cqt/unlensed/neg_1677.png,0,1677,train,negative
/root/autodl-tmp/qkzhang/cqt_v2/dataset_images_PM_noisy_cqt/unlensed/neg_1678.png,0,1678,train,negative
/root/autodl-tmp/qkzhang/cqt_v2/dataset_images_PM_noisy_cqt/unlensed/neg_1679.png,0,1679,train,negative
/root/autodl-tmp/qkzhang/cqt_v2/dataset_images_PM_noisy_cqt/unlensed/neg_1680.png,0,1680,train,negative
/root/autodl-tmp/qkzhang/cqt_v2/dataset_images_PM_noisy_cqt/unlensed/neg_1681.png,0,1681,train,negative
/root/autodl-tmp/qkzhang/cqt_v2/dataset_images_PM_noisy_cqt/unlensed/neg_1682.png,0,1682,train,negative
/root/autodl-tmp/qkzhang/cqt_v2/dataset_images_PM_noisy_cqt/unlensed/neg_1685.png,0,1685,train,negative
/root/autodl-tmp/qkzhang/cqt_v2/dataset_images_PM_noisy_cqt/unlensed/neg_1687.png,0,1687,train,negative
/root/autodl-tmp/qkzhang/cqt_v2/dataset_images_PM_noisy_cqt/unlensed/neg_1689.png,0,1689,train,negative
/root/autodl-tmp/qkzhang/cqt_v2/dataset_images_PM_noisy_cqt/unlensed/neg_1690.png,0,1690,train,negative
/root/autodl-tmp/qkzhang/cqt_v2/dataset_images_PM_noisy_cqt/unlensed/neg_1691.png,0,1691,train,negative
/root/autodl-tmp/qkzhang/cqt_v2/dataset_images_PM_noisy_cqt/unlensed/neg_1692.png,0,1692,train,negative
/root/autodl-tmp/qkzhang/cqt_v2/dataset_images_PM_noisy_cqt/unlensed/neg_1693.png,0,1693,train,negative
/root/autodl-tmp/qkzhang/cqt_v2/dataset_images_PM_noisy_cqt/unlensed/neg_1694.png,0,1694,train,negative
/root/autodl-tmp/qkzhang/cqt_v2/dataset_images_PM_noisy_cqt/unlensed/neg_1695.png,0,1695,train,negative
/root/autodl-tmp/qkzhang/cqt_v2/dataset_images_PM_noisy_cqt/unlensed/neg_1696.png,0,1696,train,negative
/root/autodl-tmp/qkzhang/cqt_v2/dataset_images_PM_noisy_cqt/unlensed/neg_1697.png,0,1697,train,negative
/root/autodl-tmp/qkzhang/cqt_v2/dataset_images_PM_noisy_cqt/unlensed/neg_1698.png,0,1698,train,negative
/root/autodl-tmp/qkzhang/cqt_v2/dataset_images_PM_noisy_cqt/unlensed/neg_1699.png,0,1699,train,negative
/root/autodl-tmp/qkzhang/cqt_v2/dataset_images_PM_noisy_cqt/unlensed/neg_1700.png,0,1700,train,negative
/root/autodl-tmp/qkzhang/cqt_v2/dataset_images_PM_noisy_cqt/unlensed/neg_1701.png,0,1701,train,negative
/root/autodl-tmp/qkzhang/cqt_v2/dataset_images_PM_noisy_cqt/unlensed/neg_1702.png,0,1702,train,negative
/root/autodl-tmp/qkzhang/cqt_v2/dataset_images_PM_noisy_cqt/unlensed/neg_1703.png,0,1703,train,negative
/root/autodl-tmp/qkzhang/cqt_v2/dataset_images_PM_noisy_cqt/unlensed/neg_1704.png,0,1704,train,negative
/root/autodl-tmp/qkzhang/cqt_v2/dataset_images_PM_noisy_cqt/unlensed/neg_1705.png,0,1705,train,negative
/root/autodl-tmp/qkzhang/cqt_v2/dataset_images_PM_noisy_cqt/unlensed/neg_1706.png,0,1706,train,negative
/root/autodl-tmp/qkzhang/cqt_v2/dataset_images_PM_noisy_cqt/unlensed/neg_1707.png,0,1707,train,negative
/root/autodl-tmp/qkzhang/cqt_v2/dataset_images_PM_noisy_cqt/unlensed/neg_1708.png,0,1708,train,negative
/root/autodl-tmp/qkzhang/cqt_v2/dataset_images_PM_noisy_cqt/unlensed/neg_1710.png,0,1710,train,negative
/root/autodl-tmp/qkzhang/cqt_v2/dataset_images_PM_noisy_cqt/unlensed/neg_1711.png,0,1711,train,negative
/root/autodl-tmp/qkzhang/cqt_v2/dataset_images_PM_noisy_cqt/unlensed/neg_1712.png,0,1712,train,negative
/root/autodl-tmp/qkzhang/cqt_v2/dataset_images_PM_noisy_cqt/unlensed/neg_1713.png,0,1713,train,negative
/root/autodl-tmp/qkzhang/cqt_v2/dataset_images_PM_noisy_cqt/unlensed/neg_1716.png,0,1716,train,negative
/root/autodl-tmp/qkzhang/cqt_v2/dataset_images_PM_noisy_cqt/unlensed/neg_1719.png,0,1719,train,negative
/root/autodl-tmp/qkzhang/cqt_v2/dataset_images_PM_noisy_cqt/unlensed/neg_1720.png,0,1720,train,negative
/root/autodl-tmp/qkzhang/cqt_v2/dataset_images_PM_noisy_cqt/unlensed/neg_1723.png,0,1723,train,negative
/root/autodl-tmp/qkzhang/cqt_v2/dataset_images_PM_noisy_cqt/unlensed/neg_1724.png,0,1724,train,negative
/root/autodl-tmp/qkzhang/cqt_v2/dataset_images_PM_noisy_cqt/unlensed/neg_1725.png,0,1725,train,negative
/root/autodl-tmp/qkzhang/cqt_v2/dataset_images_PM_noisy_cqt/unlensed/neg_1726.png,0,1726,train,negative
/root/autodl-tmp/qkzhang/cqt_v2/dataset_images_PM_noisy_cqt/unlensed/neg_1727.png,0,1727,train,negative
/root/autodl-tmp/qkzhang/cqt_v2/dataset_images_PM_noisy_cqt/unlensed/neg_1728.png,0,1728,train,negative
/root/autodl-tmp/qkzhang/cqt_v2/dataset_images_PM_noisy_cqt/unlensed/neg_1730.png,0,1730,train,negative
/root/autodl-tmp/qkzhang/cqt_v2/dataset_images_PM_noisy_cqt/unlensed/neg_1731.png,0,1731,train,negative
/root/autodl-tmp/qkzhang/cqt_v2/dataset_images_PM_noisy_cqt/unlensed/neg_1732.png,0,1732,train,negative
/root/autodl-tmp/qkzhang/cqt_v2/dataset_images_PM_noisy_cqt/unlensed/neg_1733.png,0,1733,train,negative
/root/autodl-tmp/qkzhang/cqt_v2/dataset_images_PM_noisy_cqt/unlensed/neg_1734.png,0,1734,train,negative
/root/autodl-tmp/qkzhang/cqt_v2/dataset_images_PM_noisy_cqt/unlensed/neg_1735.png,0,1735,train,negative
/root/autodl-tmp/qkzhang/cqt_v2/dataset_images_PM_noisy_cqt/unlensed/neg_1736.png,0,1736,train,negative
/root/autodl-tmp/qkzhang/cqt_v2/dataset_images_PM_noisy_cqt/unlensed/neg_1737.png,0,1737,train,negative
/root/autodl-tmp/qkzhang/cqt_v2/dataset_images_PM_noisy_cqt/unlensed/neg_1738.png,0,1738,train,negative
/root/autodl-tmp/qkzhang/cqt_v2/dataset_images_PM_noisy_cqt/unlensed/neg_1739.png,0,1739,train,negative
/root/autodl-tmp/qkzhang/cqt_v2/dataset_images_PM_noisy_cqt/unlensed/neg_1740.png,0,1740,train,negative
/root/autodl-tmp/qkzhang/cqt_v2/dataset_images_PM_noisy_cqt/unlensed/neg_1741.png,0,1741,train,negative
/root/autodl-tmp/qkzhang/cqt_v2/dataset_images_PM_noisy_cqt/unlensed/neg_1742.png,0,1742,train,negative
/root/autodl-tmp/qkzhang/cqt_v2/dataset_images_PM_noisy_cqt/unlensed/neg_1743.png,0,1743,train,negative
/root/autodl-tmp/qkzhang/cqt_v2/dataset_images_PM_noisy_cqt/unlensed/neg_1745.png,0,1745,train,negative
/root/autodl-tmp/qkzhang/cqt_v2/dataset_images_PM_noisy_cqt/unlensed/neg_1746.png,0,1746,train,negative
/root/autodl-tmp/qkzhang/cqt_v2/dataset_images_PM_noisy_cqt/unlensed/neg_1747.png,0,1747,train,negative
/root/autodl-tmp/qkzhang/cqt_v2/dataset_images_PM_noisy_cqt/unlensed/neg_1748.png,0,1748,train,negative
/root/autodl-tmp/qkzhang/cqt_v2/dataset_images_PM_noisy_cqt/unlensed/neg_1749.png,0,1749,train,negative
/root/autodl-tmp/qkzhang/cqt_v2/dataset_images_PM_noisy_cqt/unlensed/neg_1751.png,0,1751,train,negative
/root/autodl-tmp/qkzhang/cqt_v2/dataset_images_PM_noisy_cqt/unlensed/neg_1752.png,0,1752,train,negative
/root/autodl-tmp/qkzhang/cqt_v2/dataset_images_PM_noisy_cqt/unlensed/neg_1754.png,0,1754,train,negative
/root/autodl-tmp/qkzhang/cqt_v2/dataset_images_PM_noisy_cqt/unlensed/neg_1755.png,0,1755,train,negative
/root/autodl-tmp/qkzhang/cqt_v2/dataset_images_PM_noisy_cqt/unlensed/neg_1756.png,0,1756,train,negative
/root/autodl-tmp/qkzhang/cqt_v2/dataset_images_PM_noisy_cqt/unlensed/neg_1757.png,0,1757,train,negative
/root/autodl-tmp/qkzhang/cqt_v2/dataset_images_PM_noisy_cqt/unlensed/neg_1758.png,0,1758,train,negative
/root/autodl-tmp/qkzhang/cqt_v2/dataset_images_PM_noisy_cqt/unlensed/neg_1759.png,0,1759,train,negative
/root/autodl-tmp/qkzhang/cqt_v2/dataset_images_PM_noisy_cqt/unlensed/neg_1760.png,0,1760,train,negative
/root/autodl-tmp/qkzhang/cqt_v2/dataset_images_PM_noisy_cqt/unlensed/neg_1761.png,0,1761,train,negative
/root/autodl-tmp/qkzhang/cqt_v2/dataset_images_PM_noisy_cqt/unlensed/neg_1762.png,0,1762,train,negative
/root/autodl-tmp/qkzhang/cqt_v2/dataset_images_PM_noisy_cqt/unlensed/neg_1764.png,0,1764,train,negative
/root/autodl-tmp/qkzhang/cqt_v2/dataset_images_PM_noisy_cqt/unlensed/neg_1765.png,0,1765,train,negative
/root/autodl-tmp/qkzhang/cqt_v2/dataset_images_PM_noisy_cqt/unlensed/neg_1766.png,0,1766,train,negative
/root/autodl-tmp/qkzhang/cqt_v2/dataset_images_PM_noisy_cqt/unlensed/neg_1767.png,0,1767,train,negative
/root/autodl-tmp/qkzhang/cqt_v2/dataset_images_PM_noisy_cqt/unlensed/neg_1768.png,0,1768,train,negative
/root/autodl-tmp/qkzhang/cqt_v2/dataset_images_PM_noisy_cqt/unlensed/neg_1769.png,0,1769,train,negative
/root/autodl-tmp/qkzhang/cqt_v2/dataset_images_PM_noisy_cqt/unlensed/neg_1770.png,0,1770,train,negative
/root/autodl-tmp/qkzhang/cqt_v2/dataset_images_PM_noisy_cqt/unlensed/neg_1772.png,0,1772,train,negative
/root/autodl-tmp/qkzhang/cqt_v2/dataset_images_PM_noisy_cqt/unlensed/neg_1773.png,0,1773,train,negative
/root/autodl-tmp/qkzhang/cqt_v2/dataset_images_PM_noisy_cqt/unlensed/neg_1774.png,0,1774,train,negative
/root/autodl-tmp/qkzhang/cqt_v2/dataset_images_PM_noisy_cqt/unlensed/neg_1775.png,0,1775,train,negative
/root/autodl-tmp/qkzhang/cqt_v2/dataset_images_PM_noisy_cqt/unlensed/neg_1776.png,0,1776,train,negative
/root/autodl-tmp/qkzhang/cqt_v2/dataset_images_PM_noisy_cqt/unlensed/neg_1777.png,0,1777,train,negative
/root/autodl-tmp/qkzhang/cqt_v2/dataset_images_PM_noisy_cqt/unlensed/neg_1778.png,0,1778,train,negative
/root/autodl-tmp/qkzhang/cqt_v2/dataset_images_PM_noisy_cqt/unlensed/neg_1779.png,0,1779,train,negative
/root/autodl-tmp/qkzhang/cqt_v2/dataset_images_PM_noisy_cqt/unlensed/neg_1780.png,0,1780,train,negative
/root/autodl-tmp/qkzhang/cqt_v2/dataset_images_PM_noisy_cqt/unlensed/neg_1781.png,0,1781,train,negative
/root/autodl-tmp/qkzhang/cqt_v2/dataset_images_PM_noisy_cqt/unlensed/neg_1782.png,0,1782,train,negative
/root/autodl-tmp/qkzhang/cqt_v2/dataset_images_PM_noisy_cqt/unlensed/neg_1783.png,0,1783,train,negative
/root/autodl-tmp/qkzhang/cqt_v2/dataset_images_PM_noisy_cqt/unlensed/neg_1784.png,0,1784,train,negative
/root/autodl-tmp/qkzhang/cqt_v2/dataset_images_PM_noisy_cqt/unlensed/neg_1786.png,0,1786,train,negative
/root/autodl-tmp/qkzhang/cqt_v2/dataset_images_PM_noisy_cqt/unlensed/neg_1787.png,0,1787,train,negative
/root/autodl-tmp/qkzhang/cqt_v2/dataset_images_PM_noisy_cqt/unlensed/neg_1788.png,0,1788,train,negative
/root/autodl-tmp/qkzhang/cqt_v2/dataset_images_PM_noisy_cqt/unlensed/neg_1789.png,0,1789,train,negative
/root/autodl-tmp/qkzhang/cqt_v2/dataset_images_PM_noisy_cqt/unlensed/neg_1790.png,0,1790,train,negative
/root/autodl-tmp/qkzhang/cqt_v2/dataset_images_PM_noisy_cqt/unlensed/neg_1791.png,0,1791,train,negative
/root/autodl-tmp/qkzhang/cqt_v2/dataset_images_PM_noisy_cqt/unlensed/neg_1793.png,0,1793,train,negative
/root/autodl-tmp/qkzhang/cqt_v2/dataset_images_PM_noisy_cqt/unlensed/neg_1794.png,0,1794,train,negative
/root/autodl-tmp/qkzhang/cqt_v2/dataset_images_PM_noisy_cqt/unlensed/neg_1795.png,0,1795,train,negative
/root/autodl-tmp/qkzhang/cqt_v2/dataset_images_PM_noisy_cqt/unlensed/neg_1796.png,0,1796,train,negative
/root/autodl-tmp/qkzhang/cqt_v2/dataset_images_PM_noisy_cqt/unlensed/neg_1798.png,0,1798,train,negative
/root/autodl-tmp/qkzhang/cqt_v2/dataset_images_PM_noisy_cqt/unlensed/neg_1799.png,0,1799,train,negative
/root/autodl-tmp/qkzhang/cqt_v2/dataset_images_PM_noisy_cqt/unlensed/neg_1800.png,0,1800,train,negative
/root/autodl-tmp/qkzhang/cqt_v2/dataset_images_PM_noisy_cqt/unlensed/neg_1801.png,0,1801,train,negative
/root/autodl-tmp/qkzhang/cqt_v2/dataset_images_PM_noisy_cqt/unlensed/neg_1802.png,0,1802,train,negative
/root/autodl-tmp/qkzhang/cqt_v2/dataset_images_PM_noisy_cqt/unlensed/neg_1803.png,0,1803,train,negative
/root/autodl-tmp/qkzhang/cqt_v2/dataset_images_PM_noisy_cqt/unlensed/neg_1804.png,0,1804,train,negative
/root/autodl-tmp/qkzhang/cqt_v2/dataset_images_PM_noisy_cqt/unlensed/neg_1805.png,0,1805,train,negative
/root/autodl-tmp/qkzhang/cqt_v2/dataset_images_PM_noisy_cqt/unlensed/neg_1806.png,0,1806,train,negative
/root/autodl-tmp/qkzhang/cqt_v2/dataset_images_PM_noisy_cqt/unlensed/neg_1808.png,0,1808,train,negative
/root/autodl-tmp/qkzhang/cqt_v2/dataset_images_PM_noisy_cqt/unlensed/neg_1813.png,0,1813,train,negative
/root/autodl-tmp/qkzhang/cqt_v2/dataset_images_PM_noisy_cqt/unlensed/neg_1814.png,0,1814,train,negative
/root/autodl-tmp/qkzhang/cqt_v2/dataset_images_PM_noisy_cqt/unlensed/neg_1815.png,0,1815,train,negative
/root/autodl-tmp/qkzhang/cqt_v2/dataset_images_PM_noisy_cqt/unlensed/neg_1817.png,0,1817,train,negative
/root/autodl-tmp/qkzhang/cqt_v2/dataset_images_PM_noisy_cqt/unlensed/neg_1818.png,0,1818,train,negative
/root/autodl-tmp/qkzhang/cqt_v2/dataset_images_PM_noisy_cqt/unlensed/neg_1821.png,0,1821,train,negative
/root/autodl-tmp/qkzhang/cqt_v2/dataset_images_PM_noisy_cqt/unlensed/neg_1823.png,0,1823,train,negative
/root/autodl-tmp/qkzhang/cqt_v2/dataset_images_PM_noisy_cqt/unlensed/neg_1825.png,0,1825,train,negative
/root/autodl-tmp/qkzhang/cqt_v2/dataset_images_PM_noisy_cqt/unlensed/neg_1826.png,0,1826,train,negative
/root/autodl-tmp/qkzhang/cqt_v2/dataset_images_PM_noisy_cqt/unlensed/neg_1827.png,0,1827,train,negative
/root/autodl-tmp/qkzhang/cqt_v2/dataset_images_PM_noisy_cqt/unlensed/neg_1828.png,0,1828,train,negative
/root/autodl-tmp/qkzhang/cqt_v2/dataset_images_PM_noisy_cqt/unlensed/neg_1829.png,0,1829,train,negative
/root/autodl-tmp/qkzhang/cqt_v2/dataset_images_PM_noisy_cqt/unlensed/neg_1830.png,0,1830,train,negative
/root/autodl-tmp/qkzhang/cqt_v2/dataset_images_PM_noisy_cqt/unlensed/neg_1831.png,0,1831,train,negative
/root/autodl-tmp/qkzhang/cqt_v2/dataset_images_PM_noisy_cqt/unlensed/neg_1833.png,0,1833,train,negative
/root/autodl-tmp/qkzhang/cqt_v2/dataset_images_PM_noisy_cqt/unlensed/neg_1834.png,0,1834,train,negative
/root/autodl-tmp/qkzhang/cqt_v2/dataset_images_PM_noisy_cqt/unlensed/neg_1835.png,0,1835,train,negative
/root/autodl-tmp/qkzhang/cqt_v2/dataset_images_PM_noisy_cqt/unlensed/neg_1836.png,0,1836,train,negative
/root/autodl-tmp/qkzhang/cqt_v2/dataset_images_PM_noisy_cqt/unlensed/neg_1837.png,0,1837,train,negative
/root/autodl-tmp/qkzhang/cqt_v2/dataset_images_PM_noisy_cqt/unlensed/neg_1838.png,0,1838,train,negative
/root/autodl-tmp/qkzhang/cqt_v2/dataset_images_PM_noisy_cqt/unlensed/neg_1840.png,0,1840,train,negative
/root/autodl-tmp/qkzhang/cqt_v2/dataset_images_PM_noisy_cqt/unlensed/neg_1841.png,0,1841,train,negative
/root/autodl-tmp/qkzhang/cqt_v2/dataset_images_PM_noisy_cqt/unlensed/neg_1843.png,0,1843,train,negative
/root/autodl-tmp/qkzhang/cqt_v2/dataset_images_PM_noisy_cqt/unlensed/neg_1844.png,0,1844,train,negative
/root/autodl-tmp/qkzhang/cqt_v2/dataset_images_PM_noisy_cqt/unlensed/neg_1845.png,0,1845,train,negative
/root/autodl-tmp/qkzhang/cqt_v2/dataset_images_PM_noisy_cqt/unlensed/neg_1847.png,0,1847,train,negative
/root/autodl-tmp/qkzhang/cqt_v2/dataset_images_PM_noisy_cqt/unlensed/neg_1848.png,0,1848,train,negative
/root/autodl-tmp/qkzhang/cqt_v2/dataset_images_PM_noisy_cqt/unlensed/neg_1849.png,0,1849,train,negative
/root/autodl-tmp/qkzhang/cqt_v2/dataset_images_PM_noisy_cqt/unlensed/neg_1850.png,0,1850,train,negative
/root/autodl-tmp/qkzhang/cqt_v2/dataset_images_PM_noisy_cqt/unlensed/neg_1851.png,0,1851,train,negative
/root/autodl-tmp/qkzhang/cqt_v2/dataset_images_PM_noisy_cqt/unlensed/neg_1853.png,0,1853,train,negative
/root/autodl-tmp/qkzhang/cqt_v2/dataset_images_PM_noisy_cqt/unlensed/neg_1854.png,0,1854,train,negative
/root/autodl-tmp/qkzhang/cqt_v2/dataset_images_PM_noisy_cqt/unlensed/neg_1856.png,0,1856,train,negative
/root/autodl-tmp/qkzhang/cqt_v2/dataset_images_PM_noisy_cqt/unlensed/neg_1857.png,0,1857,train,negative
/root/autodl-tmp/qkzhang/cqt_v2/dataset_images_PM_noisy_cqt/unlensed/neg_1859.png,0,1859,train,negative
/root/autodl-tmp/qkzhang/cqt_v2/dataset_images_PM_noisy_cqt/unlensed/neg_1862.png,0,1862,train,negative
/root/autodl-tmp/qkzhang/cqt_v2/dataset_images_PM_noisy_cqt/unlensed/neg_1863.png,0,1863,train,negative
/root/autodl-tmp/qkzhang/cqt_v2/dataset_images_PM_noisy_cqt/unlensed/neg_1865.png,0,1865,train,negative
/root/autodl-tmp/qkzhang/cqt_v2/dataset_images_PM_noisy_cqt/unlensed/neg_1866.png,0,1866,train,negative
/root/autodl-tmp/qkzhang/cqt_v2/dataset_images_PM_noisy_cqt/unlensed/neg_1867.png,0,1867,train,negative
/root/autodl-tmp/qkzhang/cqt_v2/dataset_images_PM_noisy_cqt/unlensed/neg_1868.png,0,1868,train,negative
/root/autodl-tmp/qkzhang/cqt_v2/dataset_images_PM_noisy_cqt/unlensed/neg_1869.png,0,1869,train,negative
/root/autodl-tmp/qkzhang/cqt_v2/dataset_images_PM_noisy_cqt/unlensed/neg_1870.png,0,1870,train,negative
/root/autodl-tmp/qkzhang/cqt_v2/dataset_images_PM_noisy_cqt/unlensed/neg_1871.png,0,1871,train,negative
/root/autodl-tmp/qkzhang/cqt_v2/dataset_images_PM_noisy_cqt/unlensed/neg_1873.png,0,1873,train,negative
/root/autodl-tmp/qkzhang/cqt_v2/dataset_images_PM_noisy_cqt/unlensed/neg_1874.png,0,1874,train,negative
/root/autodl-tmp/qkzhang/cqt_v2/dataset_images_PM_noisy_cqt/unlensed/neg_1875.png,0,1875,train,negative
/root/autodl-tmp/qkzhang/cqt_v2/dataset_images_PM_noisy_cqt/unlensed/neg_1877.png,0,1877,train,negative
/root/autodl-tmp/qkzhang/cqt_v2/dataset_images_PM_noisy_cqt/unlensed/neg_1878.png,0,1878,train,negative
/root/autodl-tmp/qkzhang/cqt_v2/dataset_images_PM_noisy_cqt/unlensed/neg_1880.png,0,1880,train,negative
/root/autodl-tmp/qkzhang/cqt_v2/dataset_images_PM_noisy_cqt/unlensed/neg_1881.png,0,1881,train,negative
/root/autodl-tmp/qkzhang/cqt_v2/dataset_images_PM_noisy_cqt/unlensed/neg_1883.png,0,1883,train,negative
/root/autodl-tmp/qkzhang/cqt_v2/dataset_images_PM_noisy_cqt/unlensed/neg_1884.png,0,1884,train,negative
/root/autodl-tmp/qkzhang/cqt_v2/dataset_images_PM_noisy_cqt/unlensed/neg_1885.png,0,1885,train,negative
/root/autodl-tmp/qkzhang/cqt_v2/dataset_images_PM_noisy_cqt/unlensed/neg_1886.png,0,1886,train,negative
/root/autodl-tmp/qkzhang/cqt_v2/dataset_images_PM_noisy_cqt/unlensed/neg_1887.png,0,1887,train,negative
/root/autodl-tmp/qkzhang/cqt_v2/dataset_images_PM_noisy_cqt/unlensed/neg_1888.png,0,1888,train,negative
/root/autodl-tmp/qkzhang/cqt_v2/dataset_images_PM_noisy_cqt/unlensed/neg_1889.png,0,1889,train,negative
/root/autodl-tmp/qkzhang/cqt_v2/dataset_images_PM_noisy_cqt/unlensed/neg_1891.png,0,1891,train,negative
/root/autodl-tmp/qkzhang/cqt_v2/dataset_images_PM_noisy_cqt/unlensed/neg_1892.png,0,1892,train,negative
/root/autodl-tmp/qkzhang/cqt_v2/dataset_images_PM_noisy_cqt/unlensed/neg_1893.png,0,1893,train,negative
/root/autodl-tmp/qkzhang/cqt_v2/dataset_images_PM_noisy_cqt/unlensed/neg_1894.png,0,1894,train,negative
/root/autodl-tmp/qkzhang/cqt_v2/dataset_images_PM_noisy_cqt/unlensed/neg_1895.png,0,1895,train,negative
/root/autodl-tmp/qkzhang/cqt_v2/dataset_images_PM_noisy_cqt/unlensed/neg_1896.png,0,1896,train,negative
/root/autodl-tmp/qkzhang/cqt_v2/dataset_images_PM_noisy_cqt/unlensed/neg_1898.png,0,1898,train,negative
/root/autodl-tmp/qkzhang/cqt_v2/dataset_images_PM_noisy_cqt/unlensed/neg_1899.png,0,1899,train,negative
/root/autodl-tmp/qkzhang/cqt_v2/dataset_images_PM_noisy_cqt/unlensed/neg_1900.png,0,1900,train,negative
/root/autodl-tmp/qkzhang/cqt_v2/dataset_images_PM_noisy_cqt/unlensed/neg_1901.png,0,1901,train,negative
/root/autodl-tmp/qkzhang/cqt_v2/dataset_images_PM_noisy_cqt/unlensed/neg_1902.png,0,1902,train,negative
/root/autodl-tmp/qkzhang/cqt_v2/dataset_images_PM_noisy_cqt/unlensed/neg_1903.png,0,1903,train,negative
/root/autodl-tmp/qkzhang/cqt_v2/dataset_images_PM_noisy_cqt/unlensed/neg_1904.png,0,1904,train,negative
/root/autodl-tmp/qkzhang/cqt_v2/dataset_images_PM_noisy_cqt/unlensed/neg_1905.png,0,1905,train,negative
/root/autodl-tmp/qkzhang/cqt_v2/dataset_images_PM_noisy_cqt/unlensed/neg_1907.png,0,1907,train,negative
/root/autodl-tmp/qkzhang/cqt_v2/dataset_images_PM_noisy_cqt/unlensed/neg_1908.png,0,1908,train,negative
/root/autodl-tmp/qkzhang/cqt_v2/dataset_images_PM_noisy_cqt/unlensed/neg_1909.png,0,1909,train,negative
/root/autodl-tmp/qkzhang/cqt_v2/dataset_images_PM_noisy_cqt/unlensed/neg_1910.png,0,1910,train,negative
/root/autodl-tmp/qkzhang/cqt_v2/dataset_images_PM_noisy_cqt/unlensed/neg_1911.png,0,1911,train,negative
/root/autodl-tmp/qkzhang/cqt_v2/dataset_images_PM_noisy_cqt/unlensed/neg_1912.png,0,1912,train,negative
/root/autodl-tmp/qkzhang/cqt_v2/dataset_images_PM_noisy_cqt/unlensed/neg_1913.png,0,1913,train,negative
/root/autodl-tmp/qkzhang/cqt_v2/dataset_images_PM_noisy_cqt/unlensed/neg_1918.png,0,1918,train,negative
/root/autodl-tmp/qkzhang/cqt_v2/dataset_images_PM_noisy_cqt/unlensed/neg_1921.png,0,1921,train,negative
/root/autodl-tmp/qkzhang/cqt_v2/dataset_images_PM_noisy_cqt/unlensed/neg_1923.png,0,1923,train,negative
/root/autodl-tmp/qkzhang/cqt_v2/dataset_images_PM_noisy_cqt/unlensed/neg_1924.png,0,1924,train,negative
/root/autodl-tmp/qkzhang/cqt_v2/dataset_images_PM_noisy_cqt/unlensed/neg_1925.png,0,1925,train,negative
/root/autodl-tmp/qkzhang/cqt_v2/dataset_images_PM_noisy_cqt/unlensed/neg_1926.png,0,1926,train,negative
/root/autodl-tmp/qkzhang/cqt_v2/dataset_images_PM_noisy_cqt/unlensed/neg_1927.png,0,1927,train,negative
/root/autodl-tmp/qkzhang/cqt_v2/dataset_images_PM_noisy_cqt/unlensed/neg_1928.png,0,1928,train,negative
/root/autodl-tmp/qkzhang/cqt_v2/dataset_images_PM_noisy_cqt/unlensed/neg_1929.png,0,1929,train,negative
/root/autodl-tmp/qkzhang/cqt_v2/dataset_images_PM_noisy_cqt/unlensed/neg_1930.png,0,1930,train,negative
/root/autodl-tmp/qkzhang/cqt_v2/dataset_images_PM_noisy_cqt/unlensed/neg_1932.png,0,1932,train,negative
/root/autodl-tmp/qkzhang/cqt_v2/dataset_images_PM_noisy_cqt/unlensed/neg_1935.png,0,1935,train,negative
/root/autodl-tmp/qkzhang/cqt_v2/dataset_images_PM_noisy_cqt/unlensed/neg_1936.png,0,1936,train,negative
/root/autodl-tmp/qkzhang/cqt_v2/dataset_images_PM_noisy_cqt/unlensed/neg_1938.png,0,1938,train,negative
/root/autodl-tmp/qkzhang/cqt_v2/dataset_images_PM_noisy_cqt/unlensed/neg_1939.png,0,1939,train,negative
/root/autodl-tmp/qkzhang/cqt_v2/dataset_images_PM_noisy_cqt/unlensed/neg_1941.png,0,1941,train,negative
/root/autodl-tmp/qkzhang/cqt_v2/dataset_images_PM_noisy_cqt/unlensed/neg_1943.png,0,1943,train,negative
/root/autodl-tmp/qkzhang/cqt_v2/dataset_images_PM_noisy_cqt/unlensed/neg_1944.png,0,1944,train,negative
/root/autodl-tmp/qkzhang/cqt_v2/dataset_images_PM_noisy_cqt/unlensed/neg_1945.png,0,1945,train,negative
/root/autodl-tmp/qkzhang/cqt_v2/dataset_images_PM_noisy_cqt/unlensed/neg_1948.png,0,1948,train,negative
/root/autodl-tmp/qkzhang/cqt_v2/dataset_images_PM_noisy_cqt/unlensed/neg_1949.png,0,1949,train,negative
/root/autodl-tmp/qkzhang/cqt_v2/dataset_images_PM_noisy_cqt/unlensed/neg_1950.png,0,1950,train,negative
/root/autodl-tmp/qkzhang/cqt_v2/dataset_images_PM_noisy_cqt/unlensed/neg_1951.png,0,1951,train,negative
/root/autodl-tmp/qkzhang/cqt_v2/dataset_images_PM_noisy_cqt/unlensed/neg_1952.png,0,1952,train,negative
/root/autodl-tmp/qkzhang/cqt_v2/dataset_images_PM_noisy_cqt/unlensed/neg_1953.png,0,1953,train,negative
/root/autodl-tmp/qkzhang/cqt_v2/dataset_images_PM_noisy_cqt/unlensed/neg_1954.png,0,1954,train,negative
/root/autodl-tmp/qkzhang/cqt_v2/dataset_images_PM_noisy_cqt/unlensed/neg_1955.png,0,1955,train,negative
/root/autodl-tmp/qkzhang/cqt_v2/dataset_images_PM_noisy_cqt/unlensed/neg_1956.png,0,1956,train,negative
/root/autodl-tmp/qkzhang/cqt_v2/dataset_images_PM_noisy_cqt/unlensed/neg_1957.png,0,1957,train,negative
/root/autodl-tmp/qkzhang/cqt_v2/dataset_images_PM_noisy_cqt/unlensed/neg_1958.png,0,1958,train,negative
/root/autodl-tmp/qkzhang/cqt_v2/dataset_images_PM_noisy_cqt/unlensed/neg_1960.png,0,1960,train,negative
/root/autodl-tmp/qkzhang/cqt_v2/dataset_images_PM_noisy_cqt/unlensed/neg_1961.png,0,1961,train,negative
/root/autodl-tmp/qkzhang/cqt_v2/dataset_images_PM_noisy_cqt/unlensed/neg_1962.png,0,1962,train,negative
/root/autodl-tmp/qkzhang/cqt_v2/dataset_images_PM_noisy_cqt/unlensed/neg_1963.png,0,1963,train,negative
/root/autodl-tmp/qkzhang/cqt_v2/dataset_images_PM_noisy_cqt/unlensed/neg_1964.png,0,1964,train,negative
/root/autodl-tmp/qkzhang/cqt_v2/dataset_images_PM_noisy_cqt/unlensed/neg_1967.png,0,1967,train,negative
/root/autodl-tmp/qkzhang/cqt_v2/dataset_images_PM_noisy_cqt/unlensed/neg_1968.png,0,1968,train,negative
/root/autodl-tmp/qkzhang/cqt_v2/dataset_images_PM_noisy_cqt/unlensed/neg_1969.png,0,1969,train,negative
/root/autodl-tmp/qkzhang/cqt_v2/dataset_images_PM_noisy_cqt/unlensed/neg_1970.png,0,1970,train,negative
/root/autodl-tmp/qkzhang/cqt_v2/dataset_images_PM_noisy_cqt/unlensed/neg_1974.png,0,1974,train,negative
/root/autodl-tmp/qkzhang/cqt_v2/dataset_images_PM_noisy_cqt/unlensed/neg_1975.png,0,1975,train,negative
/root/autodl-tmp/qkzhang/cqt_v2/dataset_images_PM_noisy_cqt/unlensed/neg_1977.png,0,1977,train,negative
/root/autodl-tmp/qkzhang/cqt_v2/dataset_images_PM_noisy_cqt/unlensed/neg_1978.png,0,1978,train,negative
/root/autodl-tmp/qkzhang/cqt_v2/dataset_images_PM_noisy_cqt/unlensed/neg_1980.png,0,1980,train,negative
/root/autodl-tmp/qkzhang/cqt_v2/dataset_images_PM_noisy_cqt/unlensed/neg_1981.png,0,1981,train,negative
/root/autodl-tmp/qkzhang/cqt_v2/dataset_images_PM_noisy_cqt/unlensed/neg_1982.png,0,1982,train,negative
/root/autodl-tmp/qkzhang/cqt_v2/dataset_images_PM_noisy_cqt/unlensed/neg_1983.png,0,1983,train,negative
/root/autodl-tmp/qkzhang/cqt_v2/dataset_images_PM_noisy_cqt/unlensed/neg_1984.png,0,1984,train,negative
/root/autodl-tmp/qkzhang/cqt_v2/dataset_images_PM_noisy_cqt/unlensed/neg_1986.png,0,1986,train,negative
/root/autodl-tmp/qkzhang/cqt_v2/dataset_images_PM_noisy_cqt/unlensed/neg_1987.png,0,1987,train,negative
/root/autodl-tmp/qkzhang/cqt_v2/dataset_images_PM_noisy_cqt/unlensed/neg_1988.png,0,1988,train,negative
/root/autodl-tmp/qkzhang/cqt_v2/dataset_images_PM_noisy_cqt/unlensed/neg_1989.png,0,1989,train,negative
/root/autodl-tmp/qkzhang/cqt_v2/dataset_images_PM_noisy_cqt/unlensed/neg_1991.png,0,1991,train,negative
/root/autodl-tmp/qkzhang/cqt_v2/dataset_images_PM_noisy_cqt/unlensed/neg_1992.png,0,1992,train,negative
/root/autodl-tmp/qkzhang/cqt_v2/dataset_images_PM_noisy_cqt/unlensed/neg_1993.png,0,1993,train,negative
/root/autodl-tmp/qkzhang/cqt_v2/dataset_images_PM_noisy_cqt/unlensed/neg_1994.png,0,1994,train,negative
/root/autodl-tmp/qkzhang/cqt_v2/dataset_images_PM_noisy_cqt/unlensed/neg_1995.png,0,1995,train,negative
/root/autodl-tmp/qkzhang/cqt_v2/dataset_images_PM_noisy_cqt/unlensed/neg_1997.png,0,1997,train,negative
/root/autodl-tmp/qkzhang/cqt_v2/dataset_images_PM_noisy_cqt/unlensed/neg_1998.png,0,1998,train,negative
/root/autodl-tmp/qkzhang/cqt_v2/dataset_images_PM_noisy_cqt/unlensed/neg_2002.png,0,2002,train,negative
/root/autodl-tmp/qkzhang/cqt_v2/dataset_images_PM_noisy_cqt/unlensed/neg_2003.png,0,2003,train,negative
/root/autodl-tmp/qkzhang/cqt_v2/dataset_images_PM_noisy_cqt/unlensed/neg_2007.png,0,2007,train,negative
/root/autodl-tmp/qkzhang/cqt_v2/dataset_images_PM_noisy_cqt/unlensed/neg_2008.png,0,2008,train,negative
/root/autodl-tmp/qkzhang/cqt_v2/dataset_images_PM_noisy_cqt/unlensed/neg_2010.png,0,2010,train,negative
/root/autodl-tmp/qkzhang/cqt_v2/dataset_images_PM_noisy_cqt/unlensed/neg_2011.png,0,2011,train,negative
/root/autodl-tmp/qkzhang/cqt_v2/dataset_images_PM_noisy_cqt/unlensed/neg_2012.png,0,2012,train,negative
/root/autodl-tmp/qkzhang/cqt_v2/dataset_images_PM_noisy_cqt/unlensed/neg_2013.png,0,2013,train,negative
/root/autodl-tmp/qkzhang/cqt_v2/dataset_images_PM_noisy_cqt/unlensed/neg_2014.png,0,2014,train,negative
/root/autodl-tmp/qkzhang/cqt_v2/dataset_images_PM_noisy_cqt/unlensed/neg_2015.png,0,2015,train,negative
/root/autodl-tmp/qkzhang/cqt_v2/dataset_images_PM_noisy_cqt/unlensed/neg_2018.png,0,2018,train,negative
/root/autodl-tmp/qkzhang/cqt_v2/dataset_images_PM_noisy_cqt/unlensed/neg_2019.png,0,2019,train,negative
/root/autodl-tmp/qkzhang/cqt_v2/dataset_images_PM_noisy_cqt/unlensed/neg_2020.png,0,2020,train,negative
/root/autodl-tmp/qkzhang/cqt_v2/dataset_images_PM_noisy_cqt/unlensed/neg_2021.png,0,2021,train,negative
/root/autodl-tmp/qkzhang/cqt_v2/dataset_images_PM_noisy_cqt/unlensed/neg_2022.png,0,2022,train,negative
/root/autodl-tmp/qkzhang/cqt_v2/dataset_images_PM_noisy_cqt/unlensed/neg_2024.png,0,2024,train,negative
/root/autodl-tmp/qkzhang/cqt_v2/dataset_images_PM_noisy_cqt/unlensed/neg_2025.png,0,2025,train,negative
/root/autodl-tmp/qkzhang/cqt_v2/dataset_images_PM_noisy_cqt/unlensed/neg_2026.png,0,2026,train,negative
/root/autodl-tmp/qkzhang/cqt_v2/dataset_images_PM_noisy_cqt/unlensed/neg_2027.png,0,2027,train,negative
/root/autodl-tmp/qkzhang/cqt_v2/dataset_images_PM_noisy_cqt/unlensed/neg_2028.png,0,2028,train,negative
/root/autodl-tmp/qkzhang/cqt_v2/dataset_images_PM_noisy_cqt/unlensed/neg_2029.png,0,2029,train,negative
/root/autodl-tmp/qkzhang/cqt_v2/dataset_images_PM_noisy_cqt/unlensed/neg_2030.png,0,2030,train,negative
/root/autodl-tmp/qkzhang/cqt_v2/dataset_images_PM_noisy_cqt/unlensed/neg_2032.png,0,2032,train,negative
/root/autodl-tmp/qkzhang/cqt_v2/dataset_images_PM_noisy_cqt/unlensed/neg_2033.png,0,2033,train,negative
/root/autodl-tmp/qkzhang/cqt_v2/dataset_images_PM_noisy_cqt/unlensed/neg_2034.png,0,2034,train,negative
/root/autodl-tmp/qkzhang/cqt_v2/dataset_images_PM_noisy_cqt/unlensed/neg_2035.png,0,2035,train,negative
/root/autodl-tmp/qkzhang/cqt_v2/dataset_images_PM_noisy_cqt/unlensed/neg_2036.png,0,2036,train,negative
/root/autodl-tmp/qkzhang/cqt_v2/dataset_images_PM_noisy_cqt/unlensed/neg_2037.png,0,2037,train,negative
/root/autodl-tmp/qkzhang/cqt_v2/dataset_images_PM_noisy_cqt/unlensed/neg_2038.png,0,2038,train,negative
/root/autodl-tmp/qkzhang/cqt_v2/dataset_images_PM_noisy_cqt/unlensed/neg_2039.png,0,2039,train,negative
/root/autodl-tmp/qkzhang/cqt_v2/dataset_images_PM_noisy_cqt/unlensed/neg_2040.png,0,2040,train,negative
/root/autodl-tmp/qkzhang/cqt_v2/dataset_images_PM_noisy_cqt/unlensed/neg_2042.png,0,2042,train,negative
/root/autodl-tmp/qkzhang/cqt_v2/dataset_images_PM_noisy_cqt/unlensed/neg_2044.png,0,2044,train,negative
/root/autodl-tmp/qkzhang/cqt_v2/dataset_images_PM_noisy_cqt/unlensed/neg_2046.png,0,2046,train,negative
/root/autodl-tmp/qkzhang/cqt_v2/dataset_images_PM_noisy_cqt/unlensed/neg_2047.png,0,2047,train,negative
/root/autodl-tmp/qkzhang/cqt_v2/dataset_images_PM_noisy_cqt/unlensed/neg_2050.png,0,2050,train,negative
/root/autodl-tmp/qkzhang/cqt_v2/dataset_images_PM_noisy_cqt/unlensed/neg_2051.png,0,2051,train,negative
/root/autodl-tmp/qkzhang/cqt_v2/dataset_images_PM_noisy_cqt/unlensed/neg_2052.png,0,2052,train,negative
/root/autodl-tmp/qkzhang/cqt_v2/dataset_images_PM_noisy_cqt/unlensed/neg_2053.png,0,2053,train,negative
/root/autodl-tmp/qkzhang/cqt_v2/dataset_images_PM_noisy_cqt/unlensed/neg_2054.png,0,2054,train,negative
/root/autodl-tmp/qkzhang/cqt_v2/dataset_images_PM_noisy_cqt/unlensed/neg_2055.png,0,2055,train,negative
/root/autodl-tmp/qkzhang/cqt_v2/dataset_images_PM_noisy_cqt/unlensed/neg_2056.png,0,2056,train,negative
/root/autodl-tmp/qkzhang/cqt_v2/dataset_images_PM_noisy_cqt/unlensed/neg_2057.png,0,2057,train,negative
/root/autodl-tmp/qkzhang/cqt_v2/dataset_images_PM_noisy_cqt/unlensed/neg_2058.png,0,2058,train,negative
/root/autodl-tmp/qkzhang/cqt_v2/dataset_images_PM_noisy_cqt/unlensed/neg_2059.png,0,2059,train,negative
/root/autodl-tmp/qkzhang/cqt_v2/dataset_images_PM_noisy_cqt/unlensed/neg_2060.png,0,2060,train,negative
/root/autodl-tmp/qkzhang/cqt_v2/dataset_images_PM_noisy_cqt/unlensed/neg_2061.png,0,2061,train,negative
/root/autodl-tmp/qkzhang/cqt_v2/dataset_images_PM_noisy_cqt/unlensed/neg_2062.png,0,2062,train,negative
/root/autodl-tmp/qkzhang/cqt_v2/dataset_images_PM_noisy_cqt/unlensed/neg_2064.png,0,2064,train,negative
/root/autodl-tmp/qkzhang/cqt_v2/dataset_images_PM_noisy_cqt/unlensed/neg_2066.png,0,2066,train,negative
/root/autodl-tmp/qkzhang/cqt_v2/dataset_images_PM_noisy_cqt/unlensed/neg_2068.png,0,2068,train,negative
/root/autodl-tmp/qkzhang/cqt_v2/dataset_images_PM_noisy_cqt/unlensed/neg_2069.png,0,2069,train,negative
/root/autodl-tmp/qkzhang/cqt_v2/dataset_images_PM_noisy_cqt/unlensed/neg_2070.png,0,2070,train,negative
/root/autodl-tmp/qkzhang/cqt_v2/dataset_images_PM_noisy_cqt/unlensed/neg_2071.png,0,2071,train,negative
/root/autodl-tmp/qkzhang/cqt_v2/dataset_images_PM_noisy_cqt/unlensed/neg_2072.png,0,2072,train,negative
/root/autodl-tmp/qkzhang/cqt_v2/dataset_images_PM_noisy_cqt/unlensed/neg_2073.png,0,2073,train,negative
/root/autodl-tmp/qkzhang/cqt_v2/dataset_images_PM_noisy_cqt/unlensed/neg_2074.png,0,2074,train,negative
/root/autodl-tmp/qkzhang/cqt_v2/dataset_images_PM_noisy_cqt/unlensed/neg_2075.png,0,2075,train,negative
/root/autodl-tmp/qkzhang/cqt_v2/dataset_images_PM_noisy_cqt/unlensed/neg_2076.png,0,2076,train,negative
/root/autodl-tmp/qkzhang/cqt_v2/dataset_images_PM_noisy_cqt/unlensed/neg_2077.png,0,2077,train,negative
/root/autodl-tmp/qkzhang/cqt_v2/dataset_images_PM_noisy_cqt/unlensed/neg_2078.png,0,2078,train,negative
/root/autodl-tmp/qkzhang/cqt_v2/dataset_images_PM_noisy_cqt/unlensed/neg_2079.png,0,2079,train,negative
/root/autodl-tmp/qkzhang/cqt_v2/dataset_images_PM_noisy_cqt/unlensed/neg_2080.png,0,2080,train,negative
/root/autodl-tmp/qkzhang/cqt_v2/dataset_images_PM_noisy_cqt/unlensed/neg_2081.png,0,2081,train,negative
/root/autodl-tmp/qkzhang/cqt_v2/dataset_images_PM_noisy_cqt/unlensed/neg_2082.png,0,2082,train,negative
/root/autodl-tmp/qkzhang/cqt_v2/dataset_images_PM_noisy_cqt/unlensed/neg_2083.png,0,2083,train,negative
/root/autodl-tmp/qkzhang/cqt_v2/dataset_images_PM_noisy_cqt/unlensed/neg_2084.png,0,2084,train,negative
/root/autodl-tmp/qkzhang/cqt_v2/dataset_images_PM_noisy_cqt/unlensed/neg_2085.png,0,2085,train,negative
/root/autodl-tmp/qkzhang/cqt_v2/dataset_images_PM_noisy_cqt/unlensed/neg_2088.png,0,2088,train,negative
/root/autodl-tmp/qkzhang/cqt_v2/dataset_images_PM_noisy_cqt/unlensed/neg_2089.png,0,2089,train,negative
/root/autodl-tmp/qkzhang/cqt_v2/dataset_images_PM_noisy_cqt/unlensed/neg_2090.png,0,2090,train,negative
/root/autodl-tmp/qkzhang/cqt_v2/dataset_images_PM_noisy_cqt/unlensed/neg_2091.png,0,2091,train,negative
/root/autodl-tmp/qkzhang/cqt_v2/dataset_images_PM_noisy_cqt/unlensed/neg_2093.png,0,2093,train,negative
/root/autodl-tmp/qkzhang/cqt_v2/dataset_images_PM_noisy_cqt/unlensed/neg_2094.png,0,2094,train,negative
/root/autodl-tmp/qkzhang/cqt_v2/dataset_images_PM_noisy_cqt/unlensed/neg_2095.png,0,2095,train,negative
/root/autodl-tmp/qkzhang/cqt_v2/dataset_images_PM_noisy_cqt/unlensed/neg_2096.png,0,2096,train,negative
/root/autodl-tmp/qkzhang/cqt_v2/dataset_images_PM_noisy_cqt/unlensed/neg_2097.png,0,2097,train,negative
/root/autodl-tmp/qkzhang/cqt_v2/dataset_images_PM_noisy_cqt/unlensed/neg_2098.png,0,2098,train,negative
/root/autodl-tmp/qkzhang/cqt_v2/dataset_images_PM_noisy_cqt/unlensed/neg_2099.png,0,2099,train,negative
/root/autodl-tmp/qkzhang/cqt_v2/dataset_images_PM_noisy_cqt/unlensed/neg_2101.png,0,2101,train,negative
/root/autodl-tmp/qkzhang/cqt_v2/dataset_images_PM_noisy_cqt/unlensed/neg_2102.png,0,2102,train,negative
/root/autodl-tmp/qkzhang/cqt_v2/dataset_images_PM_noisy_cqt/unlensed/neg_2103.png,0,2103,train,negative
/root/autodl-tmp/qkzhang/cqt_v2/dataset_images_PM_noisy_cqt/unlensed/neg_2104.png,0,2104,train,negative
/root/autodl-tmp/qkzhang/cqt_v2/dataset_images_PM_noisy_cqt/unlensed/neg_2105.png,0,2105,train,negative
/root/autodl-tmp/qkzhang/cqt_v2/dataset_images_PM_noisy_cqt/unlensed/neg_2106.png,0,2106,train,negative
/root/autodl-tmp/qkzhang/cqt_v2/dataset_images_PM_noisy_cqt/unlensed/neg_2108.png,0,2108,train,negative
/root/autodl-tmp/qkzhang/cqt_v2/dataset_images_PM_noisy_cqt/unlensed/neg_2109.png,0,2109,train,negative
/root/autodl-tmp/qkzhang/cqt_v2/dataset_images_PM_noisy_cqt/unlensed/neg_2110.png,0,2110,train,negative
/root/autodl-tmp/qkzhang/cqt_v2/dataset_images_PM_noisy_cqt/unlensed/neg_2111.png,0,2111,train,negative
/root/autodl-tmp/qkzhang/cqt_v2/dataset_images_PM_noisy_cqt/unlensed/neg_2112.png,0,2112,train,negative
/root/autodl-tmp/qkzhang/cqt_v2/dataset_images_PM_noisy_cqt/unlensed/neg_2113.png,0,2113,train,negative
/root/autodl-tmp/qkzhang/cqt_v2/dataset_images_PM_noisy_cqt/unlensed/neg_2114.png,0,2114,train,negative
/root/autodl-tmp/qkzhang/cqt_v2/dataset_images_PM_noisy_cqt/unlensed/neg_2116.png,0,2116,train,negative
/root/autodl-tmp/qkzhang/cqt_v2/dataset_images_PM_noisy_cqt/unlensed/neg_2117.png,0,2117,train,negative
/root/autodl-tmp/qkzhang/cqt_v2/dataset_images_PM_noisy_cqt/unlensed/neg_2118.png,0,2118,train,negative
/root/autodl-tmp/qkzhang/cqt_v2/dataset_images_PM_noisy_cqt/unlensed/neg_2119.png,0,2119,train,negative
/root/autodl-tmp/qkzhang/cqt_v2/dataset_images_PM_noisy_cqt/unlensed/neg_2124.png,0,2124,train,negative
/root/autodl-tmp/qkzhang/cqt_v2/dataset_images_PM_noisy_cqt/unlensed/neg_2125.png,0,2125,train,negative
/root/autodl-tmp/qkzhang/cqt_v2/dataset_images_PM_noisy_cqt/unlensed/neg_2126.png,0,2126,train,negative
/root/autodl-tmp/qkzhang/cqt_v2/dataset_images_PM_noisy_cqt/unlensed/neg_2128.png,0,2128,train,negative
/root/autodl-tmp/qkzhang/cqt_v2/dataset_images_PM_noisy_cqt/unlensed/neg_2129.png,0,2129,train,negative
/root/autodl-tmp/qkzhang/cqt_v2/dataset_images_PM_noisy_cqt/unlensed/neg_2130.png,0,2130,train,negative
/root/autodl-tmp/qkzhang/cqt_v2/dataset_images_PM_noisy_cqt/unlensed/neg_2131.png,0,2131,train,negative
/root/autodl-tmp/qkzhang/cqt_v2/dataset_images_PM_noisy_cqt/unlensed/neg_2132.png,0,2132,train,negative
/root/autodl-tmp/qkzhang/cqt_v2/dataset_images_PM_noisy_cqt/unlensed/neg_2133.png,0,2133,train,negative
/root/autodl-tmp/qkzhang/cqt_v2/dataset_images_PM_noisy_cqt/unlensed/neg_2134.png,0,2134,train,negative
/root/autodl-tmp/qkzhang/cqt_v2/dataset_images_PM_noisy_cqt/unlensed/neg_2135.png,0,2135,train,negative
/root/autodl-tmp/qkzhang/cqt_v2/dataset_images_PM_noisy_cqt/unlensed/neg_2136.png,0,2136,train,negative
/root/autodl-tmp/qkzhang/cqt_v2/dataset_images_PM_noisy_cqt/unlensed/neg_2137.png,0,2137,train,negative
/root/autodl-tmp/qkzhang/cqt_v2/dataset_images_PM_noisy_cqt/unlensed/neg_2138.png,0,2138,train,negative
/root/autodl-tmp/qkzhang/cqt_v2/dataset_images_PM_noisy_cqt/unlensed/neg_2139.png,0,2139,train,negative
/root/autodl-tmp/qkzhang/cqt_v2/dataset_images_PM_noisy_cqt/unlensed/neg_2140.png,0,2140,train,negative
/root/autodl-tmp/qkzhang/cqt_v2/dataset_images_PM_noisy_cqt/unlensed/neg_2141.png,0,2141,train,negative
/root/autodl-tmp/qkzhang/cqt_v2/dataset_images_PM_noisy_cqt/unlensed/neg_2143.png,0,2143,train,negative
/root/autodl-tmp/qkzhang/cqt_v2/dataset_images_PM_noisy_cqt/unlensed/neg_2144.png,0,2144,train,negative
/root/autodl-tmp/qkzhang/cqt_v2/dataset_images_PM_noisy_cqt/unlensed/neg_2146.png,0,2146,train,negative
/root/autodl-tmp/qkzhang/cqt_v2/dataset_images_PM_noisy_cqt/unlensed/neg_2147.png,0,2147,train,negative
/root/autodl-tmp/qkzhang/cqt_v2/dataset_images_PM_noisy_cqt/unlensed/neg_2148.png,0,2148,train,negative
/root/autodl-tmp/qkzhang/cqt_v2/dataset_images_PM_noisy_cqt/unlensed/neg_2149.png,0,2149,train,negative
/root/autodl-tmp/qkzhang/cqt_v2/dataset_images_PM_noisy_cqt/unlensed/neg_2150.png,0,2150,train,negative
/root/autodl-tmp/qkzhang/cqt_v2/dataset_images_PM_noisy_cqt/unlensed/neg_2151.png,0,2151,train,negative
/root/autodl-tmp/qkzhang/cqt_v2/dataset_images_PM_noisy_cqt/unlensed/neg_2152.png,0,2152,train,negative
/root/autodl-tmp/qkzhang/cqt_v2/dataset_images_PM_noisy_cqt/unlensed/neg_2153.png,0,2153,train,negative
/root/autodl-tmp/qkzhang/cqt_v2/dataset_images_PM_noisy_cqt/unlensed/neg_2154.png,0,2154,train,negative
/root/autodl-tmp/qkzhang/cqt_v2/dataset_images_PM_noisy_cqt/unlensed/neg_2155.png,0,2155,train,negative
/root/autodl-tmp/qkzhang/cqt_v2/dataset_images_PM_noisy_cqt/unlensed/neg_2156.png,0,2156,train,negative
/root/autodl-tmp/qkzhang/cqt_v2/dataset_images_PM_noisy_cqt/unlensed/neg_2158.png,0,2158,train,negative
/root/autodl-tmp/qkzhang/cqt_v2/dataset_images_PM_noisy_cqt/unlensed/neg_2159.png,0,2159,train,negative
/root/autodl-tmp/qkzhang/cqt_v2/dataset_images_PM_noisy_cqt/unlensed/neg_2161.png,0,2161,train,negative
/root/autodl-tmp/qkzhang/cqt_v2/dataset_images_PM_noisy_cqt/unlensed/neg_2162.png,0,2162,train,negative
/root/autodl-tmp/qkzhang/cqt_v2/dataset_images_PM_noisy_cqt/unlensed/neg_2163.png,0,2163,train,negative
/root/autodl-tmp/qkzhang/cqt_v2/dataset_images_PM_noisy_cqt/unlensed/neg_2165.png,0,2165,train,negative
/root/autodl-tmp/qkzhang/cqt_v2/dataset_images_PM_noisy_cqt/unlensed/neg_2166.png,0,2166,train,negative
/root/autodl-tmp/qkzhang/cqt_v2/dataset_images_PM_noisy_cqt/unlensed/neg_2167.png,0,2167,train,negative
/root/autodl-tmp/qkzhang/cqt_v2/dataset_images_PM_noisy_cqt/unlensed/neg_2168.png,0,2168,train,negative
/root/autodl-tmp/qkzhang/cqt_v2/dataset_images_PM_noisy_cqt/unlensed/neg_2169.png,0,2169,train,negative
/root/autodl-tmp/qkzhang/cqt_v2/dataset_images_PM_noisy_cqt/unlensed/neg_2170.png,0,2170,train,negative
/root/autodl-tmp/qkzhang/cqt_v2/dataset_images_PM_noisy_cqt/unlensed/neg_2173.png,0,2173,train,negative
/root/autodl-tmp/qkzhang/cqt_v2/dataset_images_PM_noisy_cqt/unlensed/neg_2174.png,0,2174,train,negative
/root/autodl-tmp/qkzhang/cqt_v2/dataset_images_PM_noisy_cqt/unlensed/neg_2177.png,0,2177,train,negative
/root/autodl-tmp/qkzhang/cqt_v2/dataset_images_PM_noisy_cqt/unlensed/neg_2178.png,0,2178,train,negative
/root/autodl-tmp/qkzhang/cqt_v2/dataset_images_PM_noisy_cqt/unlensed/neg_2181.png,0,2181,train,negative
/root/autodl-tmp/qkzhang/cqt_v2/dataset_images_PM_noisy_cqt/unlensed/neg_2183.png,0,2183,train,negative
/root/autodl-tmp/qkzhang/cqt_v2/dataset_images_PM_noisy_cqt/unlensed/neg_2185.png,0,2185,train,negative
/root/autodl-tmp/qkzhang/cqt_v2/dataset_images_PM_noisy_cqt/unlensed/neg_2186.png,0,2186,train,negative
/root/autodl-tmp/qkzhang/cqt_v2/dataset_images_PM_noisy_cqt/unlensed/neg_2187.png,0,2187,train,negative
/root/autodl-tmp/qkzhang/cqt_v2/dataset_images_PM_noisy_cqt/unlensed/neg_2189.png,0,2189,train,negative
/root/autodl-tmp/qkzhang/cqt_v2/dataset_images_PM_noisy_cqt/unlensed/neg_2191.png,0,2191,train,negative
/root/autodl-tmp/qkzhang/cqt_v2/dataset_images_PM_noisy_cqt/unlensed/neg_2192.png,0,2192,train,negative
/root/autodl-tmp/qkzhang/cqt_v2/dataset_images_PM_noisy_cqt/unlensed/neg_2193.png,0,2193,train,negative
/root/autodl-tmp/qkzhang/cqt_v2/dataset_images_PM_noisy_cqt/unlensed/neg_2194.png,0,2194,train,negative
/root/autodl-tmp/qkzhang/cqt_v2/dataset_images_PM_noisy_cqt/unlensed/neg_2195.png,0,2195,train,negative
/root/autodl-tmp/qkzhang/cqt_v2/dataset_images_PM_noisy_cqt/unlensed/neg_2197.png,0,2197,train,negative
/root/autodl-tmp/qkzhang/cqt_v2/dataset_images_PM_noisy_cqt/unlensed/neg_2198.png,0,2198,train,negative
/root/autodl-tmp/qkzhang/cqt_v2/dataset_images_PM_noisy_cqt/unlensed/neg_2199.png,0,2199,train,negative
/root/autodl-tmp/qkzhang/cqt_v2/dataset_images_PM_noisy_cqt/unlensed/neg_2201.png,0,2201,train,negative
/root/autodl-tmp/qkzhang/cqt_v2/dataset_images_PM_noisy_cqt/unlensed/neg_2202.png,0,2202,train,negative
/root/autodl-tmp/qkzhang/cqt_v2/dataset_images_PM_noisy_cqt/unlensed/neg_2203.png,0,2203,train,negative
/root/autodl-tmp/qkzhang/cqt_v2/dataset_images_PM_noisy_cqt/unlensed/neg_2205.png,0,2205,train,negative
/root/autodl-tmp/qkzhang/cqt_v2/dataset_images_PM_noisy_cqt/unlensed/neg_2206.png,0,2206,train,negative
/root/autodl-tmp/qkzhang/cqt_v2/dataset_images_PM_noisy_cqt/unlensed/neg_2207.png,0,2207,train,negative
/root/autodl-tmp/qkzhang/cqt_v2/dataset_images_PM_noisy_cqt/unlensed/neg_2210.png,0,2210,train,negative
/root/autodl-tmp/qkzhang/cqt_v2/dataset_images_PM_noisy_cqt/unlensed/neg_2211.png,0,2211,train,negative
/root/autodl-tmp/qkzhang/cqt_v2/dataset_images_PM_noisy_cqt/unlensed/neg_2212.png,0,2212,train,negative
/root/autodl-tmp/qkzhang/cqt_v2/dataset_images_PM_noisy_cqt/unlensed/neg_2213.png,0,2213,train,negative
/root/autodl-tmp/qkzhang/cqt_v2/dataset_images_PM_noisy_cqt/unlensed/neg_2214.png,0,2214,train,negative
/root/autodl-tmp/qkzhang/cqt_v2/dataset_images_PM_noisy_cqt/unlensed/neg_2215.png,0,2215,train,negative
/root/autodl-tmp/qkzhang/cqt_v2/dataset_images_PM_noisy_cqt/unlensed/neg_2216.png,0,2216,train,negative
/root/autodl-tmp/qkzhang/cqt_v2/dataset_images_PM_noisy_cqt/unlensed/neg_2217.png,0,2217,train,negative
/root/autodl-tmp/qkzhang/cqt_v2/dataset_images_PM_noisy_cqt/unlensed/neg_2218.png,0,2218,train,negative
/root/autodl-tmp/qkzhang/cqt_v2/dataset_images_PM_noisy_cqt/unlensed/neg_2219.png,0,2219,train,negative
/root/autodl-tmp/qkzhang/cqt_v2/dataset_images_PM_noisy_cqt/unlensed/neg_2220.png,0,2220,train,negative
/root/autodl-tmp/qkzhang/cqt_v2/dataset_images_PM_noisy_cqt/unlensed/neg_2221.png,0,2221,train,negative
/root/autodl-tmp/qkzhang/cqt_v2/dataset_images_PM_noisy_cqt/unlensed/neg_2222.png,0,2222,train,negative
/root/autodl-tmp/qkzhang/cqt_v2/dataset_images_PM_noisy_cqt/unlensed/neg_2223.png,0,2223,train,negative
/root/autodl-tmp/qkzhang/cqt_v2/dataset_images_PM_noisy_cqt/unlensed/neg_2226.png,0,2226,train,negative
/root/autodl-tmp/qkzhang/cqt_v2/dataset_images_PM_noisy_cqt/unlensed/neg_2227.png,0,2227,train,negative
/root/autodl-tmp/qkzhang/cqt_v2/dataset_images_PM_noisy_cqt/unlensed/neg_2228.png,0,2228,train,negative
/root/autodl-tmp/qkzhang/cqt_v2/dataset_images_PM_noisy_cqt/unlensed/neg_2229.png,0,2229,train,negative
/root/autodl-tmp/qkzhang/cqt_v2/dataset_images_PM_noisy_cqt/unlensed/neg_2230.png,0,2230,train,negative
/root/autodl-tmp/qkzhang/cqt_v2/dataset_images_PM_noisy_cqt/unlensed/neg_2231.png,0,2231,train,negative
/root/autodl-tmp/qkzhang/cqt_v2/dataset_images_PM_noisy_cqt/unlensed/neg_2233.png,0,2233,train,negative
/root/autodl-tmp/qkzhang/cqt_v2/dataset_images_PM_noisy_cqt/unlensed/neg_2234.png,0,2234,train,negative
/root/autodl-tmp/qkzhang/cqt_v2/dataset_images_PM_noisy_cqt/unlensed/neg_2235.png,0,2235,train,negative
/root/autodl-tmp/qkzhang/cqt_v2/dataset_images_PM_noisy_cqt/unlensed/neg_2238.png,0,2238,train,negative
/root/autodl-tmp/qkzhang/cqt_v2/dataset_images_PM_noisy_cqt/unlensed/neg_2239.png,0,2239,train,negative
/root/autodl-tmp/qkzhang/cqt_v2/dataset_images_PM_noisy_cqt/unlensed/neg_2240.png,0,2240,train,negative
/root/autodl-tmp/qkzhang/cqt_v2/dataset_images_PM_noisy_cqt/unlensed/neg_2241.png,0,2241,train,negative
/root/autodl-tmp/qkzhang/cqt_v2/dataset_images_PM_noisy_cqt/unlensed/neg_2242.png,0,2242,train,negative
/root/autodl-tmp/qkzhang/cqt_v2/dataset_images_PM_noisy_cqt/unlensed/neg_2243.png,0,2243,train,negative
/root/autodl-tmp/qkzhang/cqt_v2/dataset_images_PM_noisy_cqt/unlensed/neg_2244.png,0,2244,train,negative
/root/autodl-tmp/qkzhang/cqt_v2/dataset_images_PM_noisy_cqt/unlensed/neg_2245.png,0,2245,train,negative
/root/autodl-tmp/qkzhang/cqt_v2/dataset_images_PM_noisy_cqt/unlensed/neg_2246.png,0,2246,train,negative
/root/autodl-tmp/qkzhang/cqt_v2/dataset_images_PM_noisy_cqt/unlensed/neg_2247.png,0,2247,train,negative
/root/autodl-tmp/qkzhang/cqt_v2/dataset_images_PM_noisy_cqt/unlensed/neg_2248.png,0,2248,train,negative
/root/autodl-tmp/qkzhang/cqt_v2/dataset_images_PM_noisy_cqt/unlensed/neg_2249.png,0,2249,train,negative
/root/autodl-tmp/qkzhang/cqt_v2/dataset_images_PM_noisy_cqt/unlensed/neg_2250.png,0,2250,train,negative
/root/autodl-tmp/qkzhang/cqt_v2/dataset_images_PM_noisy_cqt/unlensed/neg_2251.png,0,2251,train,negative
/root/autodl-tmp/qkzhang/cqt_v2/dataset_images_PM_noisy_cqt/unlensed/neg_2253.png,0,2253,train,negative
/root/autodl-tmp/qkzhang/cqt_v2/dataset_images_PM_noisy_cqt/unlensed/neg_2254.png,0,2254,train,negative
/root/autodl-tmp/qkzhang/cqt_v2/dataset_images_PM_noisy_cqt/unlensed/neg_2255.png,0,2255,train,negative
/root/autodl-tmp/qkzhang/cqt_v2/dataset_images_PM_noisy_cqt/unlensed/neg_2258.png,0,2258,train,negative
/root/autodl-tmp/qkzhang/cqt_v2/dataset_images_PM_noisy_cqt/unlensed/neg_2259.png,0,2259,train,negative
/root/autodl-tmp/qkzhang/cqt_v2/dataset_images_PM_noisy_cqt/unlensed/neg_2260.png,0,2260,train,negative
/root/autodl-tmp/qkzhang/cqt_v2/dataset_images_PM_noisy_cqt/unlensed/neg_2262.png,0,2262,train,negative
/root/autodl-tmp/qkzhang/cqt_v2/dataset_images_PM_noisy_cqt/unlensed/neg_2264.png,0,2264,train,negative
/root/autodl-tmp/qkzhang/cqt_v2/dataset_images_PM_noisy_cqt/unlensed/neg_2265.png,0,2265,train,negative
/root/autodl-tmp/qkzhang/cqt_v2/dataset_images_PM_noisy_cqt/unlensed/neg_2266.png,0,2266,train,negative
/root/autodl-tmp/qkzhang/cqt_v2/dataset_images_PM_noisy_cqt/unlensed/neg_2267.png,0,2267,train,negative
/root/autodl-tmp/qkzhang/cqt_v2/dataset_images_PM_noisy_cqt/unlensed/neg_2268.png,0,2268,train,negative
/root/autodl-tmp/qkzhang/cqt_v2/dataset_images_PM_noisy_cqt/unlensed/neg_2270.png,0,2270,train,negative
/root/autodl-tmp/qkzhang/cqt_v2/dataset_images_PM_noisy_cqt/unlensed/neg_2272.png,0,2272,train,negative
/root/autodl-tmp/qkzhang/cqt_v2/dataset_images_PM_noisy_cqt/unlensed/neg_2274.png,0,2274,train,negative
/root/autodl-tmp/qkzhang/cqt_v2/dataset_images_PM_noisy_cqt/unlensed/neg_2275.png,0,2275,train,negative
/root/autodl-tmp/qkzhang/cqt_v2/dataset_images_PM_noisy_cqt/unlensed/neg_2278.png,0,2278,train,negative
/root/autodl-tmp/qkzhang/cqt_v2/dataset_images_PM_noisy_cqt/unlensed/neg_2280.png,0,2280,train,negative
/root/autodl-tmp/qkzhang/cqt_v2/dataset_images_PM_noisy_cqt/unlensed/neg_2282.png,0,2282,train,negative
/root/autodl-tmp/qkzhang/cqt_v2/dataset_images_PM_noisy_cqt/unlensed/neg_2283.png,0,2283,train,negative
/root/autodl-tmp/qkzhang/cqt_v2/dataset_images_PM_noisy_cqt/unlensed/neg_2284.png,0,2284,train,negative
/root/autodl-tmp/qkzhang/cqt_v2/dataset_images_PM_noisy_cqt/unlensed/neg_2285.png,0,2285,train,negative
/root/autodl-tmp/qkzhang/cqt_v2/dataset_images_PM_noisy_cqt/unlensed/neg_2286.png,0,2286,train,negative
/root/autodl-tmp/qkzhang/cqt_v2/dataset_images_PM_noisy_cqt/unlensed/neg_2287.png,0,2287,train,negative
/root/autodl-tmp/qkzhang/cqt_v2/dataset_images_PM_noisy_cqt/unlensed/neg_2288.png,0,2288,train,negative
/root/autodl-tmp/qkzhang/cqt_v2/dataset_images_PM_noisy_cqt/unlensed/neg_2289.png,0,2289,train,negative
/root/autodl-tmp/qkzhang/cqt_v2/dataset_images_PM_noisy_cqt/unlensed/neg_2290.png,0,2290,train,negative
/root/autodl-tmp/qkzhang/cqt_v2/dataset_images_PM_noisy_cqt/unlensed/neg_2291.png,0,2291,train,negative
/root/autodl-tmp/qkzhang/cqt_v2/dataset_images_PM_noisy_cqt/unlensed/neg_2292.png,0,2292,train,negative
/root/autodl-tmp/qkzhang/cqt_v2/dataset_images_PM_noisy_cqt/unlensed/neg_2293.png,0,2293,train,negative
/root/autodl-tmp/qkzhang/cqt_v2/dataset_images_PM_noisy_cqt/unlensed/neg_2294.png,0,2294,train,negative
/root/autodl-tmp/qkzhang/cqt_v2/dataset_images_PM_noisy_cqt/unlensed/neg_2296.png,0,2296,train,negative
/root/autodl-tmp/qkzhang/cqt_v2/dataset_images_PM_noisy_cqt/unlensed/neg_2297.png,0,2297,train,negative
/root/autodl-tmp/qkzhang/cqt_v2/dataset_images_PM_noisy_cqt/unlensed/neg_2298.png,0,2298,train,negative
/root/autodl-tmp/qkzhang/cqt_v2/dataset_images_PM_noisy_cqt/unlensed/neg_2299.png,0,2299,train,negative
/root/autodl-tmp/qkzhang/cqt_v2/dataset_images_PM_noisy_cqt/unlensed/neg_2301.png,0,2301,train,negative
/root/autodl-tmp/qkzhang/cqt_v2/dataset_images_PM_noisy_cqt/unlensed/neg_2302.png,0,2302,train,negative
/root/autodl-tmp/qkzhang/cqt_v2/dataset_images_PM_noisy_cqt/unlensed/neg_2303.png,0,2303,train,negative
/root/autodl-tmp/qkzhang/cqt_v2/dataset_images_PM_noisy_cqt/unlensed/neg_2304.png,0,2304,train,negative
/root/autodl-tmp/qkzhang/cqt_v2/dataset_images_PM_noisy_cqt/unlensed/neg_2306.png,0,2306,train,negative
/root/autodl-tmp/qkzhang/cqt_v2/dataset_images_PM_noisy_cqt/unlensed/neg_2307.png,0,2307,train,negative
/root/autodl-tmp/qkzhang/cqt_v2/dataset_images_PM_noisy_cqt/unlensed/neg_2308.png,0,2308,train,negative
/root/autodl-tmp/qkzhang/cqt_v2/dataset_images_PM_noisy_cqt/unlensed/neg_2310.png,0,2310,train,negative
/root/autodl-tmp/qkzhang/cqt_v2/dataset_images_PM_noisy_cqt/unlensed/neg_2311.png,0,2311,train,negative
/root/autodl-tmp/qkzhang/cqt_v2/dataset_images_PM_noisy_cqt/unlensed/neg_2313.png,0,2313,train,negative
/root/autodl-tmp/qkzhang/cqt_v2/dataset_images_PM_noisy_cqt/unlensed/neg_2314.png,0,2314,train,negative
/root/autodl-tmp/qkzhang/cqt_v2/dataset_images_PM_noisy_cqt/unlensed/neg_2315.png,0,2315,train,negative
/root/autodl-tmp/qkzhang/cqt_v2/dataset_images_PM_noisy_cqt/unlensed/neg_2316.png,0,2316,train,negative
/root/autodl-tmp/qkzhang/cqt_v2/dataset_images_PM_noisy_cqt/unlensed/neg_2317.png,0,2317,train,negative
/root/autodl-tmp/qkzhang/cqt_v2/dataset_images_PM_noisy_cqt/unlensed/neg_2318.png,0,2318,train,negative
/root/autodl-tmp/qkzhang/cqt_v2/dataset_images_PM_noisy_cqt/unlensed/neg_2319.png,0,2319,train,negative
/root/autodl-tmp/qkzhang/cqt_v2/dataset_images_PM_noisy_cqt/unlensed/neg_2320.png,0,2320,train,negative
/root/autodl-tmp/qkzhang/cqt_v2/dataset_images_PM_noisy_cqt/unlensed/neg_2321.png,0,2321,train,negative
/root/autodl-tmp/qkzhang/cqt_v2/dataset_images_PM_noisy_cqt/unlensed/neg_2322.png,0,2322,train,negative
/root/autodl-tmp/qkzhang/cqt_v2/dataset_images_PM_noisy_cqt/unlensed/neg_2323.png,0,2323,train,negative
/root/autodl-tmp/qkzhang/cqt_v2/dataset_images_PM_noisy_cqt/unlensed/neg_2326.png,0,2326,train,negative
/root/autodl-tmp/qkzhang/cqt_v2/dataset_images_PM_noisy_cqt/unlensed/neg_2327.png,0,2327,train,negative
/root/autodl-tmp/qkzhang/cqt_v2/dataset_images_PM_noisy_cqt/unlensed/neg_2328.png,0,2328,train,negative
/root/autodl-tmp/qkzhang/cqt_v2/dataset_images_PM_noisy_cqt/unlensed/neg_2329.png,0,2329,train,negative
/root/autodl-tmp/qkzhang/cqt_v2/dataset_images_PM_noisy_cqt/unlensed/neg_2330.png,0,2330,train,negative
/root/autodl-tmp/qkzhang/cqt_v2/dataset_images_PM_noisy_cqt/unlensed/neg_2331.png,0,2331,train,negative
/root/autodl-tmp/qkzhang/cqt_v2/dataset_images_PM_noisy_cqt/unlensed/neg_2332.png,0,2332,train,negative
/root/autodl-tmp/qkzhang/cqt_v2/dataset_images_PM_noisy_cqt/unlensed/neg_2333.png,0,2333,train,negative
/root/autodl-tmp/qkzhang/cqt_v2/dataset_images_PM_noisy_cqt/unlensed/neg_2334.png,0,2334,train,negative
/root/autodl-tmp/qkzhang/cqt_v2/dataset_images_PM_noisy_cqt/unlensed/neg_2336.png,0,2336,train,negative
/root/autodl-tmp/qkzhang/cqt_v2/dataset_images_PM_noisy_cqt/unlensed/neg_2337.png,0,2337,train,negative
/root/autodl-tmp/qkzhang/cqt_v2/dataset_images_PM_noisy_cqt/unlensed/neg_2338.png,0,2338,train,negative
/root/autodl-tmp/qkzhang/cqt_v2/dataset_images_PM_noisy_cqt/unlensed/neg_2339.png,0,2339,train,negative
/root/autodl-tmp/qkzhang/cqt_v2/dataset_images_PM_noisy_cqt/unlensed/neg_2340.png,0,2340,train,negative
/root/autodl-tmp/qkzhang/cqt_v2/dataset_images_PM_noisy_cqt/unlensed/neg_2342.png,0,2342,train,negative
/root/autodl-tmp/qkzhang/cqt_v2/dataset_images_PM_noisy_cqt/unlensed/neg_2343.png,0,2343,train,negative
/root/autodl-tmp/qkzhang/cqt_v2/dataset_images_PM_noisy_cqt/unlensed/neg_2344.png,0,2344,train,negative
/root/autodl-tmp/qkzhang/cqt_v2/dataset_images_PM_noisy_cqt/unlensed/neg_2345.png,0,2345,train,negative
/root/autodl-tmp/qkzhang/cqt_v2/dataset_images_PM_noisy_cqt/unlensed/neg_2347.png,0,2347,train,negative
/root/autodl-tmp/qkzhang/cqt_v2/dataset_images_PM_noisy_cqt/unlensed/neg_2348.png,0,2348,train,negative
/root/autodl-tmp/qkzhang/cqt_v2/dataset_images_PM_noisy_cqt/unlensed/neg_2349.png,0,2349,train,negative
/root/autodl-tmp/qkzhang/cqt_v2/dataset_images_PM_noisy_cqt/unlensed/neg_2350.png,0,2350,train,negative
/root/autodl-tmp/qkzhang/cqt_v2/dataset_images_PM_noisy_cqt/unlensed/neg_2351.png,0,2351,train,negative
/root/autodl-tmp/qkzhang/cqt_v2/dataset_images_PM_noisy_cqt/unlensed/neg_2352.png,0,2352,train,negative
/root/autodl-tmp/qkzhang/cqt_v2/dataset_images_PM_noisy_cqt/unlensed/neg_2353.png,0,2353,train,negative
/root/autodl-tmp/qkzhang/cqt_v2/dataset_images_PM_noisy_cqt/unlensed/neg_2354.png,0,2354,train,negative
/root/autodl-tmp/qkzhang/cqt_v2/dataset_images_PM_noisy_cqt/unlensed/neg_2355.png,0,2355,train,negative
/root/autodl-tmp/qkzhang/cqt_v2/dataset_images_PM_noisy_cqt/unlensed/neg_2356.png,0,2356,train,negative
/root/autodl-tmp/qkzhang/cqt_v2/dataset_images_PM_noisy_cqt/unlensed/neg_2357.png,0,2357,train,negative
/root/autodl-tmp/qkzhang/cqt_v2/dataset_images_PM_noisy_cqt/unlensed/neg_2360.png,0,2360,train,negative
/root/autodl-tmp/qkzhang/cqt_v2/dataset_images_PM_noisy_cqt/unlensed/neg_2361.png,0,2361,train,negative
/root/autodl-tmp/qkzhang/cqt_v2/dataset_images_PM_noisy_cqt/unlensed/neg_2362.png,0,2362,train,negative
/root/autodl-tmp/qkzhang/cqt_v2/dataset_images_PM_noisy_cqt/unlensed/neg_2363.png,0,2363,train,negative
/root/autodl-tmp/qkzhang/cqt_v2/dataset_images_PM_noisy_cqt/unlensed/neg_2364.png,0,2364,train,negative
/root/autodl-tmp/qkzhang/cqt_v2/dataset_images_PM_noisy_cqt/unlensed/neg_2365.png,0,2365,train,negative
/root/autodl-tmp/qkzhang/cqt_v2/dataset_images_PM_noisy_cqt/unlensed/neg_2366.png,0,2366,train,negative
/root/autodl-tmp/qkzhang/cqt_v2/dataset_images_PM_noisy_cqt/unlensed/neg_2367.png,0,2367,train,negative
/root/autodl-tmp/qkzhang/cqt_v2/dataset_images_PM_noisy_cqt/unlensed/neg_2368.png,0,2368,train,negative
/root/autodl-tmp/qkzhang/cqt_v2/dataset_images_PM_noisy_cqt/unlensed/neg_2370.png,0,2370,train,negative
/root/autodl-tmp/qkzhang/cqt_v2/dataset_images_PM_noisy_cqt/unlensed/neg_2371.png,0,2371,train,negative
/root/autodl-tmp/qkzhang/cqt_v2/dataset_images_PM_noisy_cqt/unlensed/neg_2372.png,0,2372,train,negative
/root/autodl-tmp/qkzhang/cqt_v2/dataset_images_PM_noisy_cqt/unlensed/neg_2374.png,0,2374,train,negative
/root/autodl-tmp/qkzhang/cqt_v2/dataset_images_PM_noisy_cqt/unlensed/neg_2375.png,0,2375,train,negative
/root/autodl-tmp/qkzhang/cqt_v2/dataset_images_PM_noisy_cqt/unlensed/neg_2377.png,0,2377,train,negative
/root/autodl-tmp/qkzhang/cqt_v2/dataset_images_PM_noisy_cqt/unlensed/neg_2380.png,0,2380,train,negative
/root/autodl-tmp/qkzhang/cqt_v2/dataset_images_PM_noisy_cqt/unlensed/neg_2382.png,0,2382,train,negative
/root/autodl-tmp/qkzhang/cqt_v2/dataset_images_PM_noisy_cqt/unlensed/neg_2383.png,0,2383,train,negative
/root/autodl-tmp/qkzhang/cqt_v2/dataset_images_PM_noisy_cqt/unlensed/neg_2384.png,0,2384,train,negative
/root/autodl-tmp/qkzhang/cqt_v2/dataset_images_PM_noisy_cqt/unlensed/neg_2385.png,0,2385,train,negative
/root/autodl-tmp/qkzhang/cqt_v2/dataset_images_PM_noisy_cqt/unlensed/neg_2387.png,0,2387,train,negative
/root/autodl-tmp/qkzhang/cqt_v2/dataset_images_PM_noisy_cqt/unlensed/neg_2388.png,0,2388,train,negative
/root/autodl-tmp/qkzhang/cqt_v2/dataset_images_PM_noisy_cqt/unlensed/neg_2389.png,0,2389,train,negative
/root/autodl-tmp/qkzhang/cqt_v2/dataset_images_PM_noisy_cqt/unlensed/neg_2390.png,0,2390,train,negative
/root/autodl-tmp/qkzhang/cqt_v2/dataset_images_PM_noisy_cqt/unlensed/neg_2394.png,0,2394,train,negative
/root/autodl-tmp/qkzhang/cqt_v2/dataset_images_PM_noisy_cqt/unlensed/neg_2395.png,0,2395,train,negative
/root/autodl-tmp/qkzhang/cqt_v2/dataset_images_PM_noisy_cqt/unlensed/neg_2396.png,0,2396,train,negative
/root/autodl-tmp/qkzhang/cqt_v2/dataset_images_PM_noisy_cqt/unlensed/neg_2397.png,0,2397,train,negative
/root/autodl-tmp/qkzhang/cqt_v2/dataset_images_PM_noisy_cqt/unlensed/neg_2398.png,0,2398,train,negative
/root/autodl-tmp/qkzhang/cqt_v2/dataset_images_PM_noisy_cqt/unlensed/neg_2399.png,0,2399,train,negative
/root/autodl-tmp/qkzhang/cqt_v2/dataset_images_PM_noisy_cqt/unlensed/neg_2400.png,0,2400,train,negative
/root/autodl-tmp/qkzhang/cqt_v2/dataset_images_PM_noisy_cqt/unlensed/neg_2401.png,0,2401,train,negative
/root/autodl-tmp/qkzhang/cqt_v2/dataset_images_PM_noisy_cqt/unlensed/neg_2402.png,0,2402,train,negative
/root/autodl-tmp/qkzhang/cqt_v2/dataset_images_PM_noisy_cqt/unlensed/neg_2404.png,0,2404,train,negative
/root/autodl-tmp/qkzhang/cqt_v2/dataset_images_PM_noisy_cqt/unlensed/neg_2405.png,0,2405,train,negative
/root/autodl-tmp/qkzhang/cqt_v2/dataset_images_PM_noisy_cqt/unlensed/neg_2406.png,0,2406,train,negative
/root/autodl-tmp/qkzhang/cqt_v2/dataset_images_PM_noisy_cqt/unlensed/neg_2407.png,0,2407,train,negative
/root/autodl-tmp/qkzhang/cqt_v2/dataset_images_PM_noisy_cqt/unlensed/neg_2408.png,0,2408,train,negative
/root/autodl-tmp/qkzhang/cqt_v2/dataset_images_PM_noisy_cqt/unlensed/neg_2409.png,0,2409,train,negative
/root/autodl-tmp/qkzhang/cqt_v2/dataset_images_PM_noisy_cqt/unlensed/neg_2410.png,0,2410,train,negative
/root/autodl-tmp/qkzhang/cqt_v2/dataset_images_PM_noisy_cqt/unlensed/neg_2411.png,0,2411,train,negative
/root/autodl-tmp/qkzhang/cqt_v2/dataset_images_PM_noisy_cqt/unlensed/neg_2413.png,0,2413,train,negative
/root/autodl-tmp/qkzhang/cqt_v2/dataset_images_PM_noisy_cqt/unlensed/neg_2414.png,0,2414,train,negative
/root/autodl-tmp/qkzhang/cqt_v2/dataset_images_PM_noisy_cqt/unlensed/neg_2415.png,0,2415,train,negative
/root/autodl-tmp/qkzhang/cqt_v2/dataset_images_PM_noisy_cqt/unlensed/neg_2416.png,0,2416,train,negative
/root/autodl-tmp/qkzhang/cqt_v2/dataset_images_PM_noisy_cqt/unlensed/neg_2418.png,0,2418,train,negative
/root/autodl-tmp/qkzhang/cqt_v2/dataset_images_PM_noisy_cqt/unlensed/neg_2420.png,0,2420,train,negative
/root/autodl-tmp/qkzhang/cqt_v2/dataset_images_PM_noisy_cqt/unlensed/neg_2421.png,0,2421,train,negative
/root/autodl-tmp/qkzhang/cqt_v2/dataset_images_PM_noisy_cqt/unlensed/neg_2422.png,0,2422,train,negative
/root/autodl-tmp/qkzhang/cqt_v2/dataset_images_PM_noisy_cqt/unlensed/neg_2424.png,0,2424,train,negative
/root/autodl-tmp/qkzhang/cqt_v2/dataset_images_PM_noisy_cqt/unlensed/neg_2425.png,0,2425,train,negative
/root/autodl-tmp/qkzhang/cqt_v2/dataset_images_PM_noisy_cqt/unlensed/neg_2426.png,0,2426,train,negative
/root/autodl-tmp/qkzhang/cqt_v2/dataset_images_PM_noisy_cqt/unlensed/neg_2427.png,0,2427,train,negative
/root/autodl-tmp/qkzhang/cqt_v2/dataset_images_PM_noisy_cqt/unlensed/neg_2429.png,0,2429,train,negative
/root/autodl-tmp/qkzhang/cqt_v2/dataset_images_PM_noisy_cqt/unlensed/neg_2430.png,0,2430,train,negative
/root/autodl-tmp/qkzhang/cqt_v2/dataset_images_PM_noisy_cqt/unlensed/neg_2431.png,0,2431,train,negative
/root/autodl-tmp/qkzhang/cqt_v2/dataset_images_PM_noisy_cqt/unlensed/neg_2432.png,0,2432,train,negative
/root/autodl-tmp/qkzhang/cqt_v2/dataset_images_PM_noisy_cqt/unlensed/neg_2433.png,0,2433,train,negative
/root/autodl-tmp/qkzhang/cqt_v2/dataset_images_PM_noisy_cqt/unlensed/neg_2436.png,0,2436,train,negative
/root/autodl-tmp/qkzhang/cqt_v2/dataset_images_PM_noisy_cqt/unlensed/neg_2437.png,0,2437,train,negative
/root/autodl-tmp/qkzhang/cqt_v2/dataset_images_PM_noisy_cqt/unlensed/neg_2439.png,0,2439,train,negative
/root/autodl-tmp/qkzhang/cqt_v2/dataset_images_PM_noisy_cqt/unlensed/neg_2440.png,0,2440,train,negative
/root/autodl-tmp/qkzhang/cqt_v2/dataset_images_PM_noisy_cqt/unlensed/neg_2441.png,0,2441,train,negative
/root/autodl-tmp/qkzhang/cqt_v2/dataset_images_PM_noisy_cqt/unlensed/neg_2442.png,0,2442,train,negative
/root/autodl-tmp/qkzhang/cqt_v2/dataset_images_PM_noisy_cqt/unlensed/neg_2443.png,0,2443,train,negative
/root/autodl-tmp/qkzhang/cqt_v2/dataset_images_PM_noisy_cqt/unlensed/neg_2444.png,0,2444,train,negative
/root/autodl-tmp/qkzhang/cqt_v2/dataset_images_PM_noisy_cqt/unlensed/neg_2445.png,0,2445,train,negative
/root/autodl-tmp/qkzhang/cqt_v2/dataset_images_PM_noisy_cqt/unlensed/neg_2447.png,0,2447,train,negative
/root/autodl-tmp/qkzhang/cqt_v2/dataset_images_PM_noisy_cqt/unlensed/neg_2448.png,0,2448,train,negative
/root/autodl-tmp/qkzhang/cqt_v2/dataset_images_PM_noisy_cqt/unlensed/neg_2449.png,0,2449,train,negative
/root/autodl-tmp/qkzhang/cqt_v2/dataset_images_PM_noisy_cqt/unlensed/neg_2450.png,0,2450,train,negative
/root/autodl-tmp/qkzhang/cqt_v2/dataset_images_PM_noisy_cqt/unlensed/neg_2452.png,0,2452,train,negative
/root/autodl-tmp/qkzhang/cqt_v2/dataset_images_PM_noisy_cqt/unlensed/neg_2453.png,0,2453,train,negative
/root/autodl-tmp/qkzhang/cqt_v2/dataset_images_PM_noisy_cqt/unlensed/neg_2454.png,0,2454,train,negative
/root/autodl-tmp/qkzhang/cqt_v2/dataset_images_PM_noisy_cqt/unlensed/neg_2455.png,0,2455,train,negative
/root/autodl-tmp/qkzhang/cqt_v2/dataset_images_PM_noisy_cqt/unlensed/neg_2456.png,0,2456,train,negative
/root/autodl-tmp/qkzhang/cqt_v2/dataset_images_PM_noisy_cqt/unlensed/neg_2457.png,0,2457,train,negative
/root/autodl-tmp/qkzhang/cqt_v2/dataset_images_PM_noisy_cqt/unlensed/neg_2458.png,0,2458,train,negative
/root/autodl-tmp/qkzhang/cqt_v2/dataset_images_PM_noisy_cqt/unlensed/neg_2459.png,0,2459,train,negative
/root/autodl-tmp/qkzhang/cqt_v2/dataset_images_PM_noisy_cqt/unlensed/neg_2462.png,0,2462,train,negative
/root/autodl-tmp/qkzhang/cqt_v2/dataset_images_PM_noisy_cqt/unlensed/neg_2463.png,0,2463,train,negative
/root/autodl-tmp/qkzhang/cqt_v2/dataset_images_PM_noisy_cqt/unlensed/neg_2464.png,0,2464,train,negative
/root/autodl-tmp/qkzhang/cqt_v2/dataset_images_PM_noisy_cqt/unlensed/neg_2465.png,0,2465,train,negative
/root/autodl-tmp/qkzhang/cqt_v2/dataset_images_PM_noisy_cqt/unlensed/neg_2466.png,0,2466,train,negative
/root/autodl-tmp/qkzhang/cqt_v2/dataset_images_PM_noisy_cqt/unlensed/neg_2467.png,0,2467,train,negative
/root/autodl-tmp/qkzhang/cqt_v2/dataset_images_PM_noisy_cqt/unlensed/neg_2469.png,0,2469,train,negative
/root/autodl-tmp/qkzhang/cqt_v2/dataset_images_PM_noisy_cqt/unlensed/neg_2470.png,0,2470,train,negative
/root/autodl-tmp/qkzhang/cqt_v2/dataset_images_PM_noisy_cqt/unlensed/neg_2471.png,0,2471,train,negative
/root/autodl-tmp/qkzhang/cqt_v2/dataset_images_PM_noisy_cqt/unlensed/neg_2472.png,0,2472,train,negative
/root/autodl-tmp/qkzhang/cqt_v2/dataset_images_PM_noisy_cqt/unlensed/neg_2473.png,0,2473,train,negative
/root/autodl-tmp/qkzhang/cqt_v2/dataset_images_PM_noisy_cqt/unlensed/neg_2474.png,0,2474,train,negative
/root/autodl-tmp/qkzhang/cqt_v2/dataset_images_PM_noisy_cqt/unlensed/neg_2475.png,0,2475,train,negative
/root/autodl-tmp/qkzhang/cqt_v2/dataset_images_PM_noisy_cqt/unlensed/neg_2476.png,0,2476,train,negative
/root/autodl-tmp/qkzhang/cqt_v2/dataset_images_PM_noisy_cqt/unlensed/neg_2477.png,0,2477,train,negative
/root/autodl-tmp/qkzhang/cqt_v2/dataset_images_PM_noisy_cqt/unlensed/neg_2478.png,0,2478,train,negative
/root/autodl-tmp/qkzhang/cqt_v2/dataset_images_PM_noisy_cqt/unlensed/neg_2479.png,0,2479,train,negative
/root/autodl-tmp/qkzhang/cqt_v2/dataset_images_PM_noisy_cqt/unlensed/neg_2480.png,0,2480,train,negative
/root/autodl-tmp/qkzhang/cqt_v2/dataset_images_PM_noisy_cqt/unlensed/neg_2481.png,0,2481,train,negative
/root/autodl-tmp/qkzhang/cqt_v2/dataset_images_PM_noisy_cqt/unlensed/neg_2482.png,0,2482,train,negative
/root/autodl-tmp/qkzhang/cqt_v2/dataset_images_PM_noisy_cqt/unlensed/neg_2483.png,0,2483,train,negative
/root/autodl-tmp/qkzhang/cqt_v2/dataset_images_PM_noisy_cqt/unlensed/neg_2485.png,0,2485,train,negative
/root/autodl-tmp/qkzhang/cqt_v2/dataset_images_PM_noisy_cqt/unlensed/neg_2486.png,0,2486,train,negative
/root/autodl-tmp/qkzhang/cqt_v2/dataset_images_PM_noisy_cqt/unlensed/neg_2487.png,0,2487,train,negative
/root/autodl-tmp/qkzhang/cqt_v2/dataset_images_PM_noisy_cqt/unlensed/neg_2489.png,0,2489,train,negative
/root/autodl-tmp/qkzhang/cqt_v2/dataset_images_PM_noisy_cqt/unlensed/neg_2490.png,0,2490,train,negative
/root/autodl-tmp/qkzhang/cqt_v2/dataset_images_PM_noisy_cqt/unlensed/neg_2491.png,0,2491,train,negative
/root/autodl-tmp/qkzhang/cqt_v2/dataset_images_PM_noisy_cqt/unlensed/neg_2493.png,0,2493,train,negative
/root/autodl-tmp/qkzhang/cqt_v2/dataset_images_PM_noisy_cqt/unlensed/neg_2494.png,0,2494,train,negative
/root/autodl-tmp/qkzhang/cqt_v2/dataset_images_PM_noisy_cqt/unlensed/neg_2495.png,0,2495,train,negative
/root/autodl-tmp/qkzhang/cqt_v2/dataset_images_PM_noisy_cqt/unlensed/neg_2496.png,0,2496,train,negative
/root/autodl-tmp/qkzhang/cqt_v2/dataset_images_PM_noisy_cqt/unlensed/neg_2497.png,0,2497,train,negative
/root/autodl-tmp/qkzhang/cqt_v2/dataset_images_PM_noisy_cqt/unlensed/neg_2498.png,0,2498,train,negative
/root/autodl-tmp/qkzhang/cqt_v2/dataset_images_PM_noisy_cqt/unlensed/neg_2499.png,0,2499,train,negative
/root/autodl-tmp/qkzhang/cqt_v2/dataset_images_PM_noisy_cqt/lensed/pos_0006.png,1,6,val,positive
/root/autodl-tmp/qkzhang/cqt_v2/dataset_images_PM_noisy_cqt/lensed/pos_0008.png,1,8,val,positive
/root/autodl-tmp/qkzhang/cqt_v2/dataset_images_PM_noisy_cqt/lensed/pos_0034.png,1,34,val,positive
/root/autodl-tmp/qkzhang/cqt_v2/dataset_images_PM_noisy_cqt/lensed/pos_0036.png,1,36,val,positive
/root/autodl-tmp/qkzhang/cqt_v2/dataset_images_PM_noisy_cqt/lensed/pos_0038.png,1,38,val,positive
/root/autodl-tmp/qkzhang/cqt_v2/dataset_images_PM_noisy_cqt/lensed/pos_0039.png,1,39,val,positive
/root/autodl-tmp/qkzhang/cqt_v2/dataset_images_PM_noisy_cqt/lensed/pos_0040.png,1,40,val,positive
/root/autodl-tmp/qkzhang/cqt_v2/dataset_images_PM_noisy_cqt/lensed/pos_0047.png,1,47,val,positive
/root/autodl-tmp/qkzhang/cqt_v2/dataset_images_PM_noisy_cqt/lensed/pos_0059.png,1,59,val,positive
/root/autodl-tmp/qkzhang/cqt_v2/dataset_images_PM_noisy_cqt/lensed/pos_0064.png,1,64,val,positive
/root/autodl-tmp/qkzhang/cqt_v2/dataset_images_PM_noisy_cqt/lensed/pos_0080.png,1,80,val,positive
/root/autodl-tmp/qkzhang/cqt_v2/dataset_images_PM_noisy_cqt/lensed/pos_0084.png,1,84,val,positive
/root/autodl-tmp/qkzhang/cqt_v2/dataset_images_PM_noisy_cqt/lensed/pos_0092.png,1,92,val,positive
/root/autodl-tmp/qkzhang/cqt_v2/dataset_images_PM_noisy_cqt/lensed/pos_0096.png,1,96,val,positive
/root/autodl-tmp/qkzhang/cqt_v2/dataset_images_PM_noisy_cqt/lensed/pos_0100.png,1,100,val,positive
/root/autodl-tmp/qkzhang/cqt_v2/dataset_images_PM_noisy_cqt/lensed/pos_0104.png,1,104,val,positive
/root/autodl-tmp/qkzhang/cqt_v2/dataset_images_PM_noisy_cqt/lensed/pos_0107.png,1,107,val,positive
/root/autodl-tmp/qkzhang/cqt_v2/dataset_images_PM_noisy_cqt/lensed/pos_0113.png,1,113,val,positive
/root/autodl-tmp/qkzhang/cqt_v2/dataset_images_PM_noisy_cqt/lensed/pos_0118.png,1,118,val,positive
/root/autodl-tmp/qkzhang/cqt_v2/dataset_images_PM_noisy_cqt/lensed/pos_0121.png,1,121,val,positive
/root/autodl-tmp/qkzhang/cqt_v2/dataset_images_PM_noisy_cqt/lensed/pos_0122.png,1,122,val,positive
/root/autodl-tmp/qkzhang/cqt_v2/dataset_images_PM_noisy_cqt/lensed/pos_0124.png,1,124,val,positive
/root/autodl-tmp/qkzhang/cqt_v2/dataset_images_PM_noisy_cqt/lensed/pos_0128.png,1,128,val,positive
/root/autodl-tmp/qkzhang/cqt_v2/dataset_images_PM_noisy_cqt/lensed/pos_0132.png,1,132,val,positive
/root/autodl-tmp/qkzhang/cqt_v2/dataset_images_PM_noisy_cqt/lensed/pos_0135.png,1,135,val,positive
/root/autodl-tmp/qkzhang/cqt_v2/dataset_images_PM_noisy_cqt/lensed/pos_0138.png,1,138,val,positive
/root/autodl-tmp/qkzhang/cqt_v2/dataset_images_PM_noisy_cqt/lensed/pos_0140.png,1,140,val,positive
/root/autodl-tmp/qkzhang/cqt_v2/dataset_images_PM_noisy_cqt/lensed/pos_0144.png,1,144,val,positive
/root/autodl-tmp/qkzhang/cqt_v2/dataset_images_PM_noisy_cqt/lensed/pos_0148.png,1,148,val,positive
/root/autodl-tmp/qkzhang/cqt_v2/dataset_images_PM_noisy_cqt/lensed/pos_0155.png,1,155,val,positive
/root/autodl-tmp/qkzhang/cqt_v2/dataset_images_PM_noisy_cqt/lensed/pos_0156.png,1,156,val,positive
/root/autodl-tmp/qkzhang/cqt_v2/dataset_images_PM_noisy_cqt/lensed/pos_0161.png,1,161,val,positive
/root/autodl-tmp/qkzhang/cqt_v2/dataset_images_PM_noisy_cqt/lensed/pos_0164.png,1,164,val,positive
/root/autodl-tmp/qkzhang/cqt_v2/dataset_images_PM_noisy_cqt/lensed/pos_0166.png,1,166,val,positive
/root/autodl-tmp/qkzhang/cqt_v2/dataset_images_PM_noisy_cqt/lensed/pos_0170.png,1,170,val,positive
/root/autodl-tmp/qkzhang/cqt_v2/dataset_images_PM_noisy_cqt/lensed/pos_0178.png,1,178,val,positive
/root/autodl-tmp/qkzhang/cqt_v2/dataset_images_PM_noisy_cqt/lensed/pos_0186.png,1,186,val,positive
/root/autodl-tmp/qkzhang/cqt_v2/dataset_images_PM_noisy_cqt/lensed/pos_0191.png,1,191,val,positive
/root/autodl-tmp/qkzhang/cqt_v2/dataset_images_PM_noisy_cqt/lensed/pos_0195.png,1,195,val,positive
/root/autodl-tmp/qkzhang/cqt_v2/dataset_images_PM_noisy_cqt/lensed/pos_0196.png,1,196,val,positive
/root/autodl-tmp/qkzhang/cqt_v2/dataset_images_PM_noisy_cqt/lensed/pos_0203.png,1,203,val,positive
/root/autodl-tmp/qkzhang/cqt_v2/dataset_images_PM_noisy_cqt/lensed/pos_0205.png,1,205,val,positive
/root/autodl-tmp/qkzhang/cqt_v2/dataset_images_PM_noisy_cqt/lensed/pos_0213.png,1,213,val,positive
/root/autodl-tmp/qkzhang/cqt_v2/dataset_images_PM_noisy_cqt/lensed/pos_0215.png,1,215,val,positive
/root/autodl-tmp/qkzhang/cqt_v2/dataset_images_PM_noisy_cqt/lensed/pos_0224.png,1,224,val,positive
/root/autodl-tmp/qkzhang/cqt_v2/dataset_images_PM_noisy_cqt/lensed/pos_0233.png,1,233,val,positive
/root/autodl-tmp/qkzhang/cqt_v2/dataset_images_PM_noisy_cqt/lensed/pos_0237.png,1,237,val,positive
/root/autodl-tmp/qkzhang/cqt_v2/dataset_images_PM_noisy_cqt/lensed/pos_0240.png,1,240,val,positive
/root/autodl-tmp/qkzhang/cqt_v2/dataset_images_PM_noisy_cqt/lensed/pos_0247.png,1,247,val,positive
/root/autodl-tmp/qkzhang/cqt_v2/dataset_images_PM_noisy_cqt/lensed/pos_0253.png,1,253,val,positive
/root/autodl-tmp/qkzhang/cqt_v2/dataset_images_PM_noisy_cqt/lensed/pos_0255.png,1,255,val,positive
/root/autodl-tmp/qkzhang/cqt_v2/dataset_images_PM_noisy_cqt/lensed/pos_0259.png,1,259,val,positive
/root/autodl-tmp/qkzhang/cqt_v2/dataset_images_PM_noisy_cqt/lensed/pos_0282.png,1,282,val,positive
/root/autodl-tmp/qkzhang/cqt_v2/dataset_images_PM_noisy_cqt/lensed/pos_0285.png,1,285,val,positive
/root/autodl-tmp/qkzhang/cqt_v2/dataset_images_PM_noisy_cqt/lensed/pos_0299.png,1,299,val,positive
/root/autodl-tmp/qkzhang/cqt_v2/dataset_images_PM_noisy_cqt/lensed/pos_0303.png,1,303,val,positive
/root/autodl-tmp/qkzhang/cqt_v2/dataset_images_PM_noisy_cqt/lensed/pos_0310.png,1,310,val,positive
/root/autodl-tmp/qkzhang/cqt_v2/dataset_images_PM_noisy_cqt/lensed/pos_0313.png,1,313,val,positive
/root/autodl-tmp/qkzhang/cqt_v2/dataset_images_PM_noisy_cqt/lensed/pos_0314.png,1,314,val,positive
/root/autodl-tmp/qkzhang/cqt_v2/dataset_images_PM_noisy_cqt/lensed/pos_0324.png,1,324,val,positive
/root/autodl-tmp/qkzhang/cqt_v2/dataset_images_PM_noisy_cqt/lensed/pos_0328.png,1,328,val,positive
/root/autodl-tmp/qkzhang/cqt_v2/dataset_images_PM_noisy_cqt/lensed/pos_0333.png,1,333,val,positive
/root/autodl-tmp/qkzhang/cqt_v2/dataset_images_PM_noisy_cqt/lensed/pos_0340.png,1,340,val,positive
/root/autodl-tmp/qkzhang/cqt_v2/dataset_images_PM_noisy_cqt/lensed/pos_0343.png,1,343,val,positive
/root/autodl-tmp/qkzhang/cqt_v2/dataset_images_PM_noisy_cqt/lensed/pos_0347.png,1,347,val,positive
/root/autodl-tmp/qkzhang/cqt_v2/dataset_images_PM_noisy_cqt/lensed/pos_0348.png,1,348,val,positive
/root/autodl-tmp/qkzhang/cqt_v2/dataset_images_PM_noisy_cqt/lensed/pos_0362.png,1,362,val,positive
/root/autodl-tmp/qkzhang/cqt_v2/dataset_images_PM_noisy_cqt/lensed/pos_0371.png,1,371,val,positive
/root/autodl-tmp/qkzhang/cqt_v2/dataset_images_PM_noisy_cqt/lensed/pos_0376.png,1,376,val,positive
/root/autodl-tmp/qkzhang/cqt_v2/dataset_images_PM_noisy_cqt/lensed/pos_0381.png,1,381,val,positive
/root/autodl-tmp/qkzhang/cqt_v2/dataset_images_PM_noisy_cqt/lensed/pos_0389.png,1,389,val,positive
/root/autodl-tmp/qkzhang/cqt_v2/dataset_images_PM_noisy_cqt/lensed/pos_0398.png,1,398,val,positive
/root/autodl-tmp/qkzhang/cqt_v2/dataset_images_PM_noisy_cqt/lensed/pos_0403.png,1,403,val,positive
/root/autodl-tmp/qkzhang/cqt_v2/dataset_images_PM_noisy_cqt/lensed/pos_0405.png,1,405,val,positive
/root/autodl-tmp/qkzhang/cqt_v2/dataset_images_PM_noisy_cqt/lensed/pos_0409.png,1,409,val,positive
/root/autodl-tmp/qkzhang/cqt_v2/dataset_images_PM_noisy_cqt/lensed/pos_0424.png,1,424,val,positive
/root/autodl-tmp/qkzhang/cqt_v2/dataset_images_PM_noisy_cqt/lensed/pos_0431.png,1,431,val,positive
/root/autodl-tmp/qkzhang/cqt_v2/dataset_images_PM_noisy_cqt/lensed/pos_0437.png,1,437,val,positive
/root/autodl-tmp/qkzhang/cqt_v2/dataset_images_PM_noisy_cqt/lensed/pos_0452.png,1,452,val,positive
/root/autodl-tmp/qkzhang/cqt_v2/dataset_images_PM_noisy_cqt/lensed/pos_0454.png,1,454,val,positive
/root/autodl-tmp/qkzhang/cqt_v2/dataset_images_PM_noisy_cqt/lensed/pos_0457.png,1,457,val,positive
/root/autodl-tmp/qkzhang/cqt_v2/dataset_images_PM_noisy_cqt/lensed/pos_0458.png,1,458,val,positive
/root/autodl-tmp/qkzhang/cqt_v2/dataset_images_PM_noisy_cqt/lensed/pos_0461.png,1,461,val,positive
/root/autodl-tmp/qkzhang/cqt_v2/dataset_images_PM_noisy_cqt/lensed/pos_0464.png,1,464,val,positive
/root/autodl-tmp/qkzhang/cqt_v2/dataset_images_PM_noisy_cqt/lensed/pos_0474.png,1,474,val,positive
/root/autodl-tmp/qkzhang/cqt_v2/dataset_images_PM_noisy_cqt/lensed/pos_0475.png,1,475,val,positive
/root/autodl-tmp/qkzhang/cqt_v2/dataset_images_PM_noisy_cqt/lensed/pos_0482.png,1,482,val,positive
/root/autodl-tmp/qkzhang/cqt_v2/dataset_images_PM_noisy_cqt/lensed/pos_0486.png,1,486,val,positive
/root/autodl-tmp/qkzhang/cqt_v2/dataset_images_PM_noisy_cqt/lensed/pos_0488.png,1,488,val,positive
/root/autodl-tmp/qkzhang/cqt_v2/dataset_images_PM_noisy_cqt/lensed/pos_0493.png,1,493,val,positive
/root/autodl-tmp/qkzhang/cqt_v2/dataset_images_PM_noisy_cqt/lensed/pos_0512.png,1,512,val,positive
/root/autodl-tmp/qkzhang/cqt_v2/dataset_images_PM_noisy_cqt/lensed/pos_0519.png,1,519,val,positive
/root/autodl-tmp/qkzhang/cqt_v2/dataset_images_PM_noisy_cqt/lensed/pos_0531.png,1,531,val,positive
/root/autodl-tmp/qkzhang/cqt_v2/dataset_images_PM_noisy_cqt/lensed/pos_0538.png,1,538,val,positive
/root/autodl-tmp/qkzhang/cqt_v2/dataset_images_PM_noisy_cqt/lensed/pos_0542.png,1,542,val,positive
/root/autodl-tmp/qkzhang/cqt_v2/dataset_images_PM_noisy_cqt/lensed/pos_0543.png,1,543,val,positive
/root/autodl-tmp/qkzhang/cqt_v2/dataset_images_PM_noisy_cqt/lensed/pos_0554.png,1,554,val,positive
/root/autodl-tmp/qkzhang/cqt_v2/dataset_images_PM_noisy_cqt/lensed/pos_0555.png,1,555,val,positive
/root/autodl-tmp/qkzhang/cqt_v2/dataset_images_PM_noisy_cqt/lensed/pos_0566.png,1,566,val,positive
/root/autodl-tmp/qkzhang/cqt_v2/dataset_images_PM_noisy_cqt/lensed/pos_0571.png,1,571,val,positive
/root/autodl-tmp/qkzhang/cqt_v2/dataset_images_PM_noisy_cqt/lensed/pos_0581.png,1,581,val,positive
/root/autodl-tmp/qkzhang/cqt_v2/dataset_images_PM_noisy_cqt/lensed/pos_0584.png,1,584,val,positive
/root/autodl-tmp/qkzhang/cqt_v2/dataset_images_PM_noisy_cqt/lensed/pos_0587.png,1,587,val,positive
/root/autodl-tmp/qkzhang/cqt_v2/dataset_images_PM_noisy_cqt/lensed/pos_0588.png,1,588,val,positive
/root/autodl-tmp/qkzhang/cqt_v2/dataset_images_PM_noisy_cqt/lensed/pos_0593.png,1,593,val,positive
/root/autodl-tmp/qkzhang/cqt_v2/dataset_images_PM_noisy_cqt/lensed/pos_0600.png,1,600,val,positive
/root/autodl-tmp/qkzhang/cqt_v2/dataset_images_PM_noisy_cqt/lensed/pos_0613.png,1,613,val,positive
/root/autodl-tmp/qkzhang/cqt_v2/dataset_images_PM_noisy_cqt/lensed/pos_0615.png,1,615,val,positive
/root/autodl-tmp/qkzhang/cqt_v2/dataset_images_PM_noisy_cqt/lensed/pos_0623.png,1,623,val,positive
/root/autodl-tmp/qkzhang/cqt_v2/dataset_images_PM_noisy_cqt/lensed/pos_0627.png,1,627,val,positive
/root/autodl-tmp/qkzhang/cqt_v2/dataset_images_PM_noisy_cqt/lensed/pos_0632.png,1,632,val,positive
/root/autodl-tmp/qkzhang/cqt_v2/dataset_images_PM_noisy_cqt/lensed/pos_0657.png,1,657,val,positive
/root/autodl-tmp/qkzhang/cqt_v2/dataset_images_PM_noisy_cqt/lensed/pos_0666.png,1,666,val,positive
/root/autodl-tmp/qkzhang/cqt_v2/dataset_images_PM_noisy_cqt/lensed/pos_0671.png,1,671,val,positive
/root/autodl-tmp/qkzhang/cqt_v2/dataset_images_PM_noisy_cqt/lensed/pos_0686.png,1,686,val,positive
/root/autodl-tmp/qkzhang/cqt_v2/dataset_images_PM_noisy_cqt/lensed/pos_0693.png,1,693,val,positive
/root/autodl-tmp/qkzhang/cqt_v2/dataset_images_PM_noisy_cqt/lensed/pos_0699.png,1,699,val,positive
/root/autodl-tmp/qkzhang/cqt_v2/dataset_images_PM_noisy_cqt/lensed/pos_0702.png,1,702,val,positive
/root/autodl-tmp/qkzhang/cqt_v2/dataset_images_PM_noisy_cqt/lensed/pos_0714.png,1,714,val,positive
/root/autodl-tmp/qkzhang/cqt_v2/dataset_images_PM_noisy_cqt/lensed/pos_0715.png,1,715,val,positive
/root/autodl-tmp/qkzhang/cqt_v2/dataset_images_PM_noisy_cqt/lensed/pos_0734.png,1,734,val,positive
/root/autodl-tmp/qkzhang/cqt_v2/dataset_images_PM_noisy_cqt/lensed/pos_0735.png,1,735,val,positive
/root/autodl-tmp/qkzhang/cqt_v2/dataset_images_PM_noisy_cqt/lensed/pos_0737.png,1,737,val,positive
/root/autodl-tmp/qkzhang/cqt_v2/dataset_images_PM_noisy_cqt/lensed/pos_0744.png,1,744,val,positive
/root/autodl-tmp/qkzhang/cqt_v2/dataset_images_PM_noisy_cqt/lensed/pos_0746.png,1,746,val,positive
/root/autodl-tmp/qkzhang/cqt_v2/dataset_images_PM_noisy_cqt/lensed/pos_0760.png,1,760,val,positive
/root/autodl-tmp/qkzhang/cqt_v2/dataset_images_PM_noisy_cqt/lensed/pos_0762.png,1,762,val,positive
/root/autodl-tmp/qkzhang/cqt_v2/dataset_images_PM_noisy_cqt/lensed/pos_0763.png,1,763,val,positive
/root/autodl-tmp/qkzhang/cqt_v2/dataset_images_PM_noisy_cqt/lensed/pos_0764.png,1,764,val,positive
/root/autodl-tmp/qkzhang/cqt_v2/dataset_images_PM_noisy_cqt/lensed/pos_0767.png,1,767,val,positive
/root/autodl-tmp/qkzhang/cqt_v2/dataset_images_PM_noisy_cqt/lensed/pos_0775.png,1,775,val,positive
/root/autodl-tmp/qkzhang/cqt_v2/dataset_images_PM_noisy_cqt/lensed/pos_0776.png,1,776,val,positive
/root/autodl-tmp/qkzhang/cqt_v2/dataset_images_PM_noisy_cqt/lensed/pos_0781.png,1,781,val,positive
/root/autodl-tmp/qkzhang/cqt_v2/dataset_images_PM_noisy_cqt/lensed/pos_0784.png,1,784,val,positive
/root/autodl-tmp/qkzhang/cqt_v2/dataset_images_PM_noisy_cqt/lensed/pos_0789.png,1,789,val,positive
/root/autodl-tmp/qkzhang/cqt_v2/dataset_images_PM_noisy_cqt/lensed/pos_0797.png,1,797,val,positive
/root/autodl-tmp/qkzhang/cqt_v2/dataset_images_PM_noisy_cqt/lensed/pos_0800.png,1,800,val,positive
/root/autodl-tmp/qkzhang/cqt_v2/dataset_images_PM_noisy_cqt/lensed/pos_0802.png,1,802,val,positive
/root/autodl-tmp/qkzhang/cqt_v2/dataset_images_PM_noisy_cqt/lensed/pos_0803.png,1,803,val,positive
/root/autodl-tmp/qkzhang/cqt_v2/dataset_images_PM_noisy_cqt/lensed/pos_0805.png,1,805,val,positive
/root/autodl-tmp/qkzhang/cqt_v2/dataset_images_PM_noisy_cqt/lensed/pos_0816.png,1,816,val,positive
/root/autodl-tmp/qkzhang/cqt_v2/dataset_images_PM_noisy_cqt/lensed/pos_0822.png,1,822,val,positive
/root/autodl-tmp/qkzhang/cqt_v2/dataset_images_PM_noisy_cqt/lensed/pos_0828.png,1,828,val,positive
/root/autodl-tmp/qkzhang/cqt_v2/dataset_images_PM_noisy_cqt/lensed/pos_0834.png,1,834,val,positive
/root/autodl-tmp/qkzhang/cqt_v2/dataset_images_PM_noisy_cqt/lensed/pos_0842.png,1,842,val,positive
/root/autodl-tmp/qkzhang/cqt_v2/dataset_images_PM_noisy_cqt/lensed/pos_0844.png,1,844,val,positive
/root/autodl-tmp/qkzhang/cqt_v2/dataset_images_PM_noisy_cqt/lensed/pos_0852.png,1,852,val,positive
/root/autodl-tmp/qkzhang/cqt_v2/dataset_images_PM_noisy_cqt/lensed/pos_0856.png,1,856,val,positive
/root/autodl-tmp/qkzhang/cqt_v2/dataset_images_PM_noisy_cqt/lensed/pos_0859.png,1,859,val,positive
/root/autodl-tmp/qkzhang/cqt_v2/dataset_images_PM_noisy_cqt/lensed/pos_0862.png,1,862,val,positive
/root/autodl-tmp/qkzhang/cqt_v2/dataset_images_PM_noisy_cqt/lensed/pos_0864.png,1,864,val,positive
/root/autodl-tmp/qkzhang/cqt_v2/dataset_images_PM_noisy_cqt/lensed/pos_0865.png,1,865,val,positive
/root/autodl-tmp/qkzhang/cqt_v2/dataset_images_PM_noisy_cqt/lensed/pos_0874.png,1,874,val,positive
/root/autodl-tmp/qkzhang/cqt_v2/dataset_images_PM_noisy_cqt/lensed/pos_0875.png,1,875,val,positive
/root/autodl-tmp/qkzhang/cqt_v2/dataset_images_PM_noisy_cqt/lensed/pos_0882.png,1,882,val,positive
/root/autodl-tmp/qkzhang/cqt_v2/dataset_images_PM_noisy_cqt/lensed/pos_0884.png,1,884,val,positive
/root/autodl-tmp/qkzhang/cqt_v2/dataset_images_PM_noisy_cqt/lensed/pos_0897.png,1,897,val,positive
/root/autodl-tmp/qkzhang/cqt_v2/dataset_images_PM_noisy_cqt/lensed/pos_0900.png,1,900,val,positive
/root/autodl-tmp/qkzhang/cqt_v2/dataset_images_PM_noisy_cqt/lensed/pos_0902.png,1,902,val,positive
/root/autodl-tmp/qkzhang/cqt_v2/dataset_images_PM_noisy_cqt/lensed/pos_0905.png,1,905,val,positive
/root/autodl-tmp/qkzhang/cqt_v2/dataset_images_PM_noisy_cqt/lensed/pos_0908.png,1,908,val,positive
/root/autodl-tmp/qkzhang/cqt_v2/dataset_images_PM_noisy_cqt/lensed/pos_0917.png,1,917,val,positive
/root/autodl-tmp/qkzhang/cqt_v2/dataset_images_PM_noisy_cqt/lensed/pos_0920.png,1,920,val,positive
/root/autodl-tmp/qkzhang/cqt_v2/dataset_images_PM_noisy_cqt/lensed/pos_0925.png,1,925,val,positive
/root/autodl-tmp/qkzhang/cqt_v2/dataset_images_PM_noisy_cqt/lensed/pos_0927.png,1,927,val,positive
/root/autodl-tmp/qkzhang/cqt_v2/dataset_images_PM_noisy_cqt/lensed/pos_0930.png,1,930,val,positive
/root/autodl-tmp/qkzhang/cqt_v2/dataset_images_PM_noisy_cqt/lensed/pos_0932.png,1,932,val,positive
/root/autodl-tmp/qkzhang/cqt_v2/dataset_images_PM_noisy_cqt/lensed/pos_0940.png,1,940,val,positive
/root/autodl-tmp/qkzhang/cqt_v2/dataset_images_PM_noisy_cqt/lensed/pos_0941.png,1,941,val,positive
/root/autodl-tmp/qkzhang/cqt_v2/dataset_images_PM_noisy_cqt/lensed/pos_0945.png,1,945,val,positive
/root/autodl-tmp/qkzhang/cqt_v2/dataset_images_PM_noisy_cqt/lensed/pos_0947.png,1,947,val,positive
/root/autodl-tmp/qkzhang/cqt_v2/dataset_images_PM_noisy_cqt/lensed/pos_0961.png,1,961,val,positive
/root/autodl-tmp/qkzhang/cqt_v2/dataset_images_PM_noisy_cqt/lensed/pos_0963.png,1,963,val,positive
/root/autodl-tmp/qkzhang/cqt_v2/dataset_images_PM_noisy_cqt/lensed/pos_0970.png,1,970,val,positive
/root/autodl-tmp/qkzhang/cqt_v2/dataset_images_PM_noisy_cqt/lensed/pos_0977.png,1,977,val,positive
/root/autodl-tmp/qkzhang/cqt_v2/dataset_images_PM_noisy_cqt/lensed/pos_0994.png,1,994,val,positive
/root/autodl-tmp/qkzhang/cqt_v2/dataset_images_PM_noisy_cqt/lensed/pos_0995.png,1,995,val,positive
/root/autodl-tmp/qkzhang/cqt_v2/dataset_images_PM_noisy_cqt/lensed/pos_0998.png,1,998,val,positive
/root/autodl-tmp/qkzhang/cqt_v2/dataset_images_PM_noisy_cqt/lensed/pos_1001.png,1,1001,val,positive
/root/autodl-tmp/qkzhang/cqt_v2/dataset_images_PM_noisy_cqt/lensed/pos_1007.png,1,1007,val,positive
/root/autodl-tmp/qkzhang/cqt_v2/dataset_images_PM_noisy_cqt/lensed/pos_1018.png,1,1018,val,positive
/root/autodl-tmp/qkzhang/cqt_v2/dataset_images_PM_noisy_cqt/lensed/pos_1029.png,1,1029,val,positive
/root/autodl-tmp/qkzhang/cqt_v2/dataset_images_PM_noisy_cqt/lensed/pos_1042.png,1,1042,val,positive
/root/autodl-tmp/qkzhang/cqt_v2/dataset_images_PM_noisy_cqt/lensed/pos_1044.png,1,1044,val,positive
/root/autodl-tmp/qkzhang/cqt_v2/dataset_images_PM_noisy_cqt/lensed/pos_1052.png,1,1052,val,positive
/root/autodl-tmp/qkzhang/cqt_v2/dataset_images_PM_noisy_cqt/lensed/pos_1056.png,1,1056,val,positive
/root/autodl-tmp/qkzhang/cqt_v2/dataset_images_PM_noisy_cqt/lensed/pos_1058.png,1,1058,val,positive
/root/autodl-tmp/qkzhang/cqt_v2/dataset_images_PM_noisy_cqt/lensed/pos_1061.png,1,1061,val,positive
/root/autodl-tmp/qkzhang/cqt_v2/dataset_images_PM_noisy_cqt/lensed/pos_1065.png,1,1065,val,positive
/root/autodl-tmp/qkzhang/cqt_v2/dataset_images_PM_noisy_cqt/lensed/pos_1073.png,1,1073,val,positive
/root/autodl-tmp/qkzhang/cqt_v2/dataset_images_PM_noisy_cqt/lensed/pos_1077.png,1,1077,val,positive
/root/autodl-tmp/qkzhang/cqt_v2/dataset_images_PM_noisy_cqt/lensed/pos_1079.png,1,1079,val,positive
/root/autodl-tmp/qkzhang/cqt_v2/dataset_images_PM_noisy_cqt/lensed/pos_1082.png,1,1082,val,positive
/root/autodl-tmp/qkzhang/cqt_v2/dataset_images_PM_noisy_cqt/lensed/pos_1086.png,1,1086,val,positive
/root/autodl-tmp/qkzhang/cqt_v2/dataset_images_PM_noisy_cqt/lensed/pos_1094.png,1,1094,val,positive
/root/autodl-tmp/qkzhang/cqt_v2/dataset_images_PM_noisy_cqt/lensed/pos_1099.png,1,1099,val,positive
/root/autodl-tmp/qkzhang/cqt_v2/dataset_images_PM_noisy_cqt/lensed/pos_1103.png,1,1103,val,positive
/root/autodl-tmp/qkzhang/cqt_v2/dataset_images_PM_noisy_cqt/lensed/pos_1108.png,1,1108,val,positive
/root/autodl-tmp/qkzhang/cqt_v2/dataset_images_PM_noisy_cqt/lensed/pos_1114.png,1,1114,val,positive
/root/autodl-tmp/qkzhang/cqt_v2/dataset_images_PM_noisy_cqt/lensed/pos_1116.png,1,1116,val,positive
/root/autodl-tmp/qkzhang/cqt_v2/dataset_images_PM_noisy_cqt/lensed/pos_1118.png,1,1118,val,positive
/root/autodl-tmp/qkzhang/cqt_v2/dataset_images_PM_noisy_cqt/lensed/pos_1126.png,1,1126,val,positive
/root/autodl-tmp/qkzhang/cqt_v2/dataset_images_PM_noisy_cqt/lensed/pos_1131.png,1,1131,val,positive
/root/autodl-tmp/qkzhang/cqt_v2/dataset_images_PM_noisy_cqt/lensed/pos_1133.png,1,1133,val,positive
/root/autodl-tmp/qkzhang/cqt_v2/dataset_images_PM_noisy_cqt/lensed/pos_1141.png,1,1141,val,positive
/root/autodl-tmp/qkzhang/cqt_v2/dataset_images_PM_noisy_cqt/lensed/pos_1145.png,1,1145,val,positive
/root/autodl-tmp/qkzhang/cqt_v2/dataset_images_PM_noisy_cqt/lensed/pos_1151.png,1,1151,val,positive
/root/autodl-tmp/qkzhang/cqt_v2/dataset_images_PM_noisy_cqt/lensed/pos_1152.png,1,1152,val,positive
/root/autodl-tmp/qkzhang/cqt_v2/dataset_images_PM_noisy_cqt/lensed/pos_1158.png,1,1158,val,positive
/root/autodl-tmp/qkzhang/cqt_v2/dataset_images_PM_noisy_cqt/lensed/pos_1166.png,1,1166,val,positive
/root/autodl-tmp/qkzhang/cqt_v2/dataset_images_PM_noisy_cqt/lensed/pos_1171.png,1,1171,val,positive
/root/autodl-tmp/qkzhang/cqt_v2/dataset_images_PM_noisy_cqt/lensed/pos_1175.png,1,1175,val,positive
/root/autodl-tmp/qkzhang/cqt_v2/dataset_images_PM_noisy_cqt/lensed/pos_1176.png,1,1176,val,positive
/root/autodl-tmp/qkzhang/cqt_v2/dataset_images_PM_noisy_cqt/lensed/pos_1180.png,1,1180,val,positive
/root/autodl-tmp/qkzhang/cqt_v2/dataset_images_PM_noisy_cqt/lensed/pos_1184.png,1,1184,val,positive
/root/autodl-tmp/qkzhang/cqt_v2/dataset_images_PM_noisy_cqt/lensed/pos_1186.png,1,1186,val,positive
/root/autodl-tmp/qkzhang/cqt_v2/dataset_images_PM_noisy_cqt/lensed/pos_1194.png,1,1194,val,positive
/root/autodl-tmp/qkzhang/cqt_v2/dataset_images_PM_noisy_cqt/lensed/pos_1200.png,1,1200,val,positive
/root/autodl-tmp/qkzhang/cqt_v2/dataset_images_PM_noisy_cqt/lensed/pos_1202.png,1,1202,val,positive
/root/autodl-tmp/qkzhang/cqt_v2/dataset_images_PM_noisy_cqt/lensed/pos_1211.png,1,1211,val,positive
/root/autodl-tmp/qkzhang/cqt_v2/dataset_images_PM_noisy_cqt/lensed/pos_1222.png,1,1222,val,positive
/root/autodl-tmp/qkzhang/cqt_v2/dataset_images_PM_noisy_cqt/lensed/pos_1226.png,1,1226,val,positive
/root/autodl-tmp/qkzhang/cqt_v2/dataset_images_PM_noisy_cqt/lensed/pos_1227.png,1,1227,val,positive
/root/autodl-tmp/qkzhang/cqt_v2/dataset_images_PM_noisy_cqt/lensed/pos_1232.png,1,1232,val,positive
/root/autodl-tmp/qkzhang/cqt_v2/dataset_images_PM_noisy_cqt/lensed/pos_1251.png,1,1251,val,positive
/root/autodl-tmp/qkzhang/cqt_v2/dataset_images_PM_noisy_cqt/lensed/pos_1254.png,1,1254,val,positive
/root/autodl-tmp/qkzhang/cqt_v2/dataset_images_PM_noisy_cqt/lensed/pos_1256.png,1,1256,val,positive
/root/autodl-tmp/qkzhang/cqt_v2/dataset_images_PM_noisy_cqt/lensed/pos_1257.png,1,1257,val,positive
/root/autodl-tmp/qkzhang/cqt_v2/dataset_images_PM_noisy_cqt/lensed/pos_1261.png,1,1261,val,positive
/root/autodl-tmp/qkzhang/cqt_v2/dataset_images_PM_noisy_cqt/lensed/pos_1263.png,1,1263,val,positive
/root/autodl-tmp/qkzhang/cqt_v2/dataset_images_PM_noisy_cqt/lensed/pos_1267.png,1,1267,val,positive
/root/autodl-tmp/qkzhang/cqt_v2/dataset_images_PM_noisy_cqt/lensed/pos_1283.png,1,1283,val,positive
/root/autodl-tmp/qkzhang/cqt_v2/dataset_images_PM_noisy_cqt/lensed/pos_1287.png,1,1287,val,positive
/root/autodl-tmp/qkzhang/cqt_v2/dataset_images_PM_noisy_cqt/lensed/pos_1297.png,1,1297,val,positive
/root/autodl-tmp/qkzhang/cqt_v2/dataset_images_PM_noisy_cqt/lensed/pos_1299.png,1,1299,val,positive
/root/autodl-tmp/qkzhang/cqt_v2/dataset_images_PM_noisy_cqt/lensed/pos_1303.png,1,1303,val,positive
/root/autodl-tmp/qkzhang/cqt_v2/dataset_images_PM_noisy_cqt/lensed/pos_1311.png,1,1311,val,positive
/root/autodl-tmp/qkzhang/cqt_v2/dataset_images_PM_noisy_cqt/lensed/pos_1317.png,1,1317,val,positive
/root/autodl-tmp/qkzhang/cqt_v2/dataset_images_PM_noisy_cqt/lensed/pos_1320.png,1,1320,val,positive
/root/autodl-tmp/qkzhang/cqt_v2/dataset_images_PM_noisy_cqt/lensed/pos_1332.png,1,1332,val,positive
/root/autodl-tmp/qkzhang/cqt_v2/dataset_images_PM_noisy_cqt/lensed/pos_1334.png,1,1334,val,positive
/root/autodl-tmp/qkzhang/cqt_v2/dataset_images_PM_noisy_cqt/lensed/pos_1335.png,1,1335,val,positive
/root/autodl-tmp/qkzhang/cqt_v2/dataset_images_PM_noisy_cqt/lensed/pos_1340.png,1,1340,val,positive
/root/autodl-tmp/qkzhang/cqt_v2/dataset_images_PM_noisy_cqt/lensed/pos_1345.png,1,1345,val,positive
/root/autodl-tmp/qkzhang/cqt_v2/dataset_images_PM_noisy_cqt/lensed/pos_1353.png,1,1353,val,positive
/root/autodl-tmp/qkzhang/cqt_v2/dataset_images_PM_noisy_cqt/lensed/pos_1362.png,1,1362,val,positive
/root/autodl-tmp/qkzhang/cqt_v2/dataset_images_PM_noisy_cqt/lensed/pos_1363.png,1,1363,val,positive
/root/autodl-tmp/qkzhang/cqt_v2/dataset_images_PM_noisy_cqt/lensed/pos_1378.png,1,1378,val,positive
/root/autodl-tmp/qkzhang/cqt_v2/dataset_images_PM_noisy_cqt/lensed/pos_1380.png,1,1380,val,positive
/root/autodl-tmp/qkzhang/cqt_v2/dataset_images_PM_noisy_cqt/lensed/pos_1381.png,1,1381,val,positive
/root/autodl-tmp/qkzhang/cqt_v2/dataset_images_PM_noisy_cqt/lensed/pos_1384.png,1,1384,val,positive
/root/autodl-tmp/qkzhang/cqt_v2/dataset_images_PM_noisy_cqt/lensed/pos_1386.png,1,1386,val,positive
/root/autodl-tmp/qkzhang/cqt_v2/dataset_images_PM_noisy_cqt/lensed/pos_1388.png,1,1388,val,positive
/root/autodl-tmp/qkzhang/cqt_v2/dataset_images_PM_noisy_cqt/lensed/pos_1397.png,1,1397,val,positive
/root/autodl-tmp/qkzhang/cqt_v2/dataset_images_PM_noisy_cqt/lensed/pos_1399.png,1,1399,val,positive
/root/autodl-tmp/qkzhang/cqt_v2/dataset_images_PM_noisy_cqt/lensed/pos_1401.png,1,1401,val,positive
/root/autodl-tmp/qkzhang/cqt_v2/dataset_images_PM_noisy_cqt/lensed/pos_1402.png,1,1402,val,positive
/root/autodl-tmp/qkzhang/cqt_v2/dataset_images_PM_noisy_cqt/lensed/pos_1404.png,1,1404,val,positive
/root/autodl-tmp/qkzhang/cqt_v2/dataset_images_PM_noisy_cqt/lensed/pos_1407.png,1,1407,val,positive
/root/autodl-tmp/qkzhang/cqt_v2/dataset_images_PM_noisy_cqt/lensed/pos_1410.png,1,1410,val,positive
/root/autodl-tmp/qkzhang/cqt_v2/dataset_images_PM_noisy_cqt/lensed/pos_1411.png,1,1411,val,positive
/root/autodl-tmp/qkzhang/cqt_v2/dataset_images_PM_noisy_cqt/lensed/pos_1414.png,1,1414,val,positive
/root/autodl-tmp/qkzhang/cqt_v2/dataset_images_PM_noisy_cqt/lensed/pos_1415.png,1,1415,val,positive
/root/autodl-tmp/qkzhang/cqt_v2/dataset_images_PM_noisy_cqt/lensed/pos_1416.png,1,1416,val,positive
/root/autodl-tmp/qkzhang/cqt_v2/dataset_images_PM_noisy_cqt/lensed/pos_1418.png,1,1418,val,positive
/root/autodl-tmp/qkzhang/cqt_v2/dataset_images_PM_noisy_cqt/lensed/pos_1424.png,1,1424,val,positive
/root/autodl-tmp/qkzhang/cqt_v2/dataset_images_PM_noisy_cqt/lensed/pos_1432.png,1,1432,val,positive
/root/autodl-tmp/qkzhang/cqt_v2/dataset_images_PM_noisy_cqt/lensed/pos_1434.png,1,1434,val,positive
/root/autodl-tmp/qkzhang/cqt_v2/dataset_images_PM_noisy_cqt/lensed/pos_1439.png,1,1439,val,positive
/root/autodl-tmp/qkzhang/cqt_v2/dataset_images_PM_noisy_cqt/lensed/pos_1442.png,1,1442,val,positive
/root/autodl-tmp/qkzhang/cqt_v2/dataset_images_PM_noisy_cqt/lensed/pos_1451.png,1,1451,val,positive
/root/autodl-tmp/qkzhang/cqt_v2/dataset_images_PM_noisy_cqt/lensed/pos_1453.png,1,1453,val,positive
/root/autodl-tmp/qkzhang/cqt_v2/dataset_images_PM_noisy_cqt/lensed/pos_1457.png,1,1457,val,positive
/root/autodl-tmp/qkzhang/cqt_v2/dataset_images_PM_noisy_cqt/lensed/pos_1461.png,1,1461,val,positive
/root/autodl-tmp/qkzhang/cqt_v2/dataset_images_PM_noisy_cqt/lensed/pos_1462.png,1,1462,val,positive
/root/autodl-tmp/qkzhang/cqt_v2/dataset_images_PM_noisy_cqt/lensed/pos_1463.png,1,1463,val,positive
/root/autodl-tmp/qkzhang/cqt_v2/dataset_images_PM_noisy_cqt/lensed/pos_1466.png,1,1466,val,positive
/root/autodl-tmp/qkzhang/cqt_v2/dataset_images_PM_noisy_cqt/lensed/pos_1470.png,1,1470,val,positive
/root/autodl-tmp/qkzhang/cqt_v2/dataset_images_PM_noisy_cqt/lensed/pos_1473.png,1,1473,val,positive
/root/autodl-tmp/qkzhang/cqt_v2/dataset_images_PM_noisy_cqt/lensed/pos_1477.png,1,1477,val,positive
/root/autodl-tmp/qkzhang/cqt_v2/dataset_images_PM_noisy_cqt/lensed/pos_1490.png,1,1490,val,positive
/root/autodl-tmp/qkzhang/cqt_v2/dataset_images_PM_noisy_cqt/lensed/pos_1500.png,1,1500,val,positive
/root/autodl-tmp/qkzhang/cqt_v2/dataset_images_PM_noisy_cqt/lensed/pos_1505.png,1,1505,val,positive
/root/autodl-tmp/qkzhang/cqt_v2/dataset_images_PM_noisy_cqt/lensed/pos_1511.png,1,1511,val,positive
/root/autodl-tmp/qkzhang/cqt_v2/dataset_images_PM_noisy_cqt/lensed/pos_1521.png,1,1521,val,positive
/root/autodl-tmp/qkzhang/cqt_v2/dataset_images_PM_noisy_cqt/lensed/pos_1523.png,1,1523,val,positive
/root/autodl-tmp/qkzhang/cqt_v2/dataset_images_PM_noisy_cqt/lensed/pos_1527.png,1,1527,val,positive
/root/autodl-tmp/qkzhang/cqt_v2/dataset_images_PM_noisy_cqt/lensed/pos_1528.png,1,1528,val,positive
/root/autodl-tmp/qkzhang/cqt_v2/dataset_images_PM_noisy_cqt/lensed/pos_1529.png,1,1529,val,positive
/root/autodl-tmp/qkzhang/cqt_v2/dataset_images_PM_noisy_cqt/lensed/pos_1533.png,1,1533,val,positive
/root/autodl-tmp/qkzhang/cqt_v2/dataset_images_PM_noisy_cqt/lensed/pos_1536.png,1,1536,val,positive
/root/autodl-tmp/qkzhang/cqt_v2/dataset_images_PM_noisy_cqt/lensed/pos_1540.png,1,1540,val,positive
/root/autodl-tmp/qkzhang/cqt_v2/dataset_images_PM_noisy_cqt/lensed/pos_1550.png,1,1550,val,positive
/root/autodl-tmp/qkzhang/cqt_v2/dataset_images_PM_noisy_cqt/lensed/pos_1551.png,1,1551,val,positive
/root/autodl-tmp/qkzhang/cqt_v2/dataset_images_PM_noisy_cqt/lensed/pos_1553.png,1,1553,val,positive
/root/autodl-tmp/qkzhang/cqt_v2/dataset_images_PM_noisy_cqt/lensed/pos_1554.png,1,1554,val,positive
/root/autodl-tmp/qkzhang/cqt_v2/dataset_images_PM_noisy_cqt/lensed/pos_1558.png,1,1558,val,positive
/root/autodl-tmp/qkzhang/cqt_v2/dataset_images_PM_noisy_cqt/lensed/pos_1564.png,1,1564,val,positive
/root/autodl-tmp/qkzhang/cqt_v2/dataset_images_PM_noisy_cqt/lensed/pos_1567.png,1,1567,val,positive
/root/autodl-tmp/qkzhang/cqt_v2/dataset_images_PM_noisy_cqt/lensed/pos_1568.png,1,1568,val,positive
/root/autodl-tmp/qkzhang/cqt_v2/dataset_images_PM_noisy_cqt/lensed/pos_1571.png,1,1571,val,positive
/root/autodl-tmp/qkzhang/cqt_v2/dataset_images_PM_noisy_cqt/lensed/pos_1573.png,1,1573,val,positive
/root/autodl-tmp/qkzhang/cqt_v2/dataset_images_PM_noisy_cqt/lensed/pos_1575.png,1,1575,val,positive
/root/autodl-tmp/qkzhang/cqt_v2/dataset_images_PM_noisy_cqt/lensed/pos_1577.png,1,1577,val,positive
/root/autodl-tmp/qkzhang/cqt_v2/dataset_images_PM_noisy_cqt/lensed/pos_1581.png,1,1581,val,positive
/root/autodl-tmp/qkzhang/cqt_v2/dataset_images_PM_noisy_cqt/lensed/pos_1594.png,1,1594,val,positive
/root/autodl-tmp/qkzhang/cqt_v2/dataset_images_PM_noisy_cqt/lensed/pos_1596.png,1,1596,val,positive
/root/autodl-tmp/qkzhang/cqt_v2/dataset_images_PM_noisy_cqt/lensed/pos_1602.png,1,1602,val,positive
/root/autodl-tmp/qkzhang/cqt_v2/dataset_images_PM_noisy_cqt/lensed/pos_1604.png,1,1604,val,positive
/root/autodl-tmp/qkzhang/cqt_v2/dataset_images_PM_noisy_cqt/lensed/pos_1606.png,1,1606,val,positive
/root/autodl-tmp/qkzhang/cqt_v2/dataset_images_PM_noisy_cqt/lensed/pos_1609.png,1,1609,val,positive
/root/autodl-tmp/qkzhang/cqt_v2/dataset_images_PM_noisy_cqt/lensed/pos_1622.png,1,1622,val,positive
/root/autodl-tmp/qkzhang/cqt_v2/dataset_images_PM_noisy_cqt/lensed/pos_1629.png,1,1629,val,positive
/root/autodl-tmp/qkzhang/cqt_v2/dataset_images_PM_noisy_cqt/lensed/pos_1630.png,1,1630,val,positive
/root/autodl-tmp/qkzhang/cqt_v2/dataset_images_PM_noisy_cqt/lensed/pos_1635.png,1,1635,val,positive
/root/autodl-tmp/qkzhang/cqt_v2/dataset_images_PM_noisy_cqt/lensed/pos_1648.png,1,1648,val,positive
/root/autodl-tmp/qkzhang/cqt_v2/dataset_images_PM_noisy_cqt/lensed/pos_1652.png,1,1652,val,positive
/root/autodl-tmp/qkzhang/cqt_v2/dataset_images_PM_noisy_cqt/lensed/pos_1665.png,1,1665,val,positive
/root/autodl-tmp/qkzhang/cqt_v2/dataset_images_PM_noisy_cqt/lensed/pos_1667.png,1,1667,val,positive
/root/autodl-tmp/qkzhang/cqt_v2/dataset_images_PM_noisy_cqt/lensed/pos_1671.png,1,1671,val,positive
/root/autodl-tmp/qkzhang/cqt_v2/dataset_images_PM_noisy_cqt/lensed/pos_1673.png,1,1673,val,positive
/root/autodl-tmp/qkzhang/cqt_v2/dataset_images_PM_noisy_cqt/lensed/pos_1683.png,1,1683,val,positive
/root/autodl-tmp/qkzhang/cqt_v2/dataset_images_PM_noisy_cqt/lensed/pos_1684.png,1,1684,val,positive
/root/autodl-tmp/qkzhang/cqt_v2/dataset_images_PM_noisy_cqt/lensed/pos_1686.png,1,1686,val,positive
/root/autodl-tmp/qkzhang/cqt_v2/dataset_images_PM_noisy_cqt/lensed/pos_1688.png,1,1688,val,positive
/root/autodl-tmp/qkzhang/cqt_v2/dataset_images_PM_noisy_cqt/lensed/pos_1709.png,1,1709,val,positive
/root/autodl-tmp/qkzhang/cqt_v2/dataset_images_PM_noisy_cqt/lensed/pos_1714.png,1,1714,val,positive
/root/autodl-tmp/qkzhang/cqt_v2/dataset_images_PM_noisy_cqt/lensed/pos_1715.png,1,1715,val,positive
/root/autodl-tmp/qkzhang/cqt_v2/dataset_images_PM_noisy_cqt/lensed/pos_1717.png,1,1717,val,positive
/root/autodl-tmp/qkzhang/cqt_v2/dataset_images_PM_noisy_cqt/lensed/pos_1718.png,1,1718,val,positive
/root/autodl-tmp/qkzhang/cqt_v2/dataset_images_PM_noisy_cqt/lensed/pos_1721.png,1,1721,val,positive
/root/autodl-tmp/qkzhang/cqt_v2/dataset_images_PM_noisy_cqt/lensed/pos_1722.png,1,1722,val,positive
/root/autodl-tmp/qkzhang/cqt_v2/dataset_images_PM_noisy_cqt/lensed/pos_1729.png,1,1729,val,positive
/root/autodl-tmp/qkzhang/cqt_v2/dataset_images_PM_noisy_cqt/lensed/pos_1744.png,1,1744,val,positive
/root/autodl-tmp/qkzhang/cqt_v2/dataset_images_PM_noisy_cqt/lensed/pos_1750.png,1,1750,val,positive
/root/autodl-tmp/qkzhang/cqt_v2/dataset_images_PM_noisy_cqt/lensed/pos_1753.png,1,1753,val,positive
/root/autodl-tmp/qkzhang/cqt_v2/dataset_images_PM_noisy_cqt/lensed/pos_1763.png,1,1763,val,positive
/root/autodl-tmp/qkzhang/cqt_v2/dataset_images_PM_noisy_cqt/lensed/pos_1771.png,1,1771,val,positive
/root/autodl-tmp/qkzhang/cqt_v2/dataset_images_PM_noisy_cqt/lensed/pos_1785.png,1,1785,val,positive
/root/autodl-tmp/qkzhang/cqt_v2/dataset_images_PM_noisy_cqt/lensed/pos_1792.png,1,1792,val,positive
/root/autodl-tmp/qkzhang/cqt_v2/dataset_images_PM_noisy_cqt/lensed/pos_1797.png,1,1797,val,positive
/root/autodl-tmp/qkzhang/cqt_v2/dataset_images_PM_noisy_cqt/lensed/pos_1807.png,1,1807,val,positive
/root/autodl-tmp/qkzhang/cqt_v2/dataset_images_PM_noisy_cqt/lensed/pos_1809.png,1,1809,val,positive
/root/autodl-tmp/qkzhang/cqt_v2/dataset_images_PM_noisy_cqt/lensed/pos_1810.png,1,1810,val,positive
/root/autodl-tmp/qkzhang/cqt_v2/dataset_images_PM_noisy_cqt/lensed/pos_1811.png,1,1811,val,positive
/root/autodl-tmp/qkzhang/cqt_v2/dataset_images_PM_noisy_cqt/lensed/pos_1812.png,1,1812,val,positive
/root/autodl-tmp/qkzhang/cqt_v2/dataset_images_PM_noisy_cqt/lensed/pos_1816.png,1,1816,val,positive
/root/autodl-tmp/qkzhang/cqt_v2/dataset_images_PM_noisy_cqt/lensed/pos_1819.png,1,1819,val,positive
/root/autodl-tmp/qkzhang/cqt_v2/dataset_images_PM_noisy_cqt/lensed/pos_1820.png,1,1820,val,positive
/root/autodl-tmp/qkzhang/cqt_v2/dataset_images_PM_noisy_cqt/lensed/pos_1822.png,1,1822,val,positive
/root/autodl-tmp/qkzhang/cqt_v2/dataset_images_PM_noisy_cqt/lensed/pos_1824.png,1,1824,val,positive
/root/autodl-tmp/qkzhang/cqt_v2/dataset_images_PM_noisy_cqt/lensed/pos_1832.png,1,1832,val,positive
/root/autodl-tmp/qkzhang/cqt_v2/dataset_images_PM_noisy_cqt/lensed/pos_1839.png,1,1839,val,positive
/root/autodl-tmp/qkzhang/cqt_v2/dataset_images_PM_noisy_cqt/lensed/pos_1842.png,1,1842,val,positive
/root/autodl-tmp/qkzhang/cqt_v2/dataset_images_PM_noisy_cqt/lensed/pos_1846.png,1,1846,val,positive
/root/autodl-tmp/qkzhang/cqt_v2/dataset_images_PM_noisy_cqt/lensed/pos_1852.png,1,1852,val,positive
/root/autodl-tmp/qkzhang/cqt_v2/dataset_images_PM_noisy_cqt/lensed/pos_1855.png,1,1855,val,positive
/root/autodl-tmp/qkzhang/cqt_v2/dataset_images_PM_noisy_cqt/lensed/pos_1858.png,1,1858,val,positive
/root/autodl-tmp/qkzhang/cqt_v2/dataset_images_PM_noisy_cqt/lensed/pos_1860.png,1,1860,val,positive
/root/autodl-tmp/qkzhang/cqt_v2/dataset_images_PM_noisy_cqt/lensed/pos_1861.png,1,1861,val,positive
/root/autodl-tmp/qkzhang/cqt_v2/dataset_images_PM_noisy_cqt/lensed/pos_1864.png,1,1864,val,positive
/root/autodl-tmp/qkzhang/cqt_v2/dataset_images_PM_noisy_cqt/lensed/pos_1872.png,1,1872,val,positive
/root/autodl-tmp/qkzhang/cqt_v2/dataset_images_PM_noisy_cqt/lensed/pos_1876.png,1,1876,val,positive
/root/autodl-tmp/qkzhang/cqt_v2/dataset_images_PM_noisy_cqt/lensed/pos_1879.png,1,1879,val,positive
/root/autodl-tmp/qkzhang/cqt_v2/dataset_images_PM_noisy_cqt/lensed/pos_1882.png,1,1882,val,positive
/root/autodl-tmp/qkzhang/cqt_v2/dataset_images_PM_noisy_cqt/lensed/pos_1890.png,1,1890,val,positive
/root/autodl-tmp/qkzhang/cqt_v2/dataset_images_PM_noisy_cqt/lensed/pos_1897.png,1,1897,val,positive
/root/autodl-tmp/qkzhang/cqt_v2/dataset_images_PM_noisy_cqt/lensed/pos_1906.png,1,1906,val,positive
/root/autodl-tmp/qkzhang/cqt_v2/dataset_images_PM_noisy_cqt/lensed/pos_1914.png,1,1914,val,positive
/root/autodl-tmp/qkzhang/cqt_v2/dataset_images_PM_noisy_cqt/lensed/pos_1915.png,1,1915,val,positive
/root/autodl-tmp/qkzhang/cqt_v2/dataset_images_PM_noisy_cqt/lensed/pos_1916.png,1,1916,val,positive
/root/autodl-tmp/qkzhang/cqt_v2/dataset_images_PM_noisy_cqt/lensed/pos_1917.png,1,1917,val,positive
/root/autodl-tmp/qkzhang/cqt_v2/dataset_images_PM_noisy_cqt/lensed/pos_1919.png,1,1919,val,positive
/root/autodl-tmp/qkzhang/cqt_v2/dataset_images_PM_noisy_cqt/lensed/pos_1920.png,1,1920,val,positive
/root/autodl-tmp/qkzhang/cqt_v2/dataset_images_PM_noisy_cqt/lensed/pos_1922.png,1,1922,val,positive
/root/autodl-tmp/qkzhang/cqt_v2/dataset_images_PM_noisy_cqt/lensed/pos_1931.png,1,1931,val,positive
/root/autodl-tmp/qkzhang/cqt_v2/dataset_images_PM_noisy_cqt/lensed/pos_1933.png,1,1933,val,positive
/root/autodl-tmp/qkzhang/cqt_v2/dataset_images_PM_noisy_cqt/lensed/pos_1934.png,1,1934,val,positive
/root/autodl-tmp/qkzhang/cqt_v2/dataset_images_PM_noisy_cqt/lensed/pos_1937.png,1,1937,val,positive
/root/autodl-tmp/qkzhang/cqt_v2/dataset_images_PM_noisy_cqt/lensed/pos_1940.png,1,1940,val,positive
/root/autodl-tmp/qkzhang/cqt_v2/dataset_images_PM_noisy_cqt/lensed/pos_1942.png,1,1942,val,positive
/root/autodl-tmp/qkzhang/cqt_v2/dataset_images_PM_noisy_cqt/lensed/pos_1946.png,1,1946,val,positive
/root/autodl-tmp/qkzhang/cqt_v2/dataset_images_PM_noisy_cqt/lensed/pos_1947.png,1,1947,val,positive
/root/autodl-tmp/qkzhang/cqt_v2/dataset_images_PM_noisy_cqt/lensed/pos_1959.png,1,1959,val,positive
/root/autodl-tmp/qkzhang/cqt_v2/dataset_images_PM_noisy_cqt/lensed/pos_1965.png,1,1965,val,positive
/root/autodl-tmp/qkzhang/cqt_v2/dataset_images_PM_noisy_cqt/lensed/pos_1966.png,1,1966,val,positive
/root/autodl-tmp/qkzhang/cqt_v2/dataset_images_PM_noisy_cqt/lensed/pos_1971.png,1,1971,val,positive
/root/autodl-tmp/qkzhang/cqt_v2/dataset_images_PM_noisy_cqt/lensed/pos_1972.png,1,1972,val,positive
/root/autodl-tmp/qkzhang/cqt_v2/dataset_images_PM_noisy_cqt/lensed/pos_1973.png,1,1973,val,positive
/root/autodl-tmp/qkzhang/cqt_v2/dataset_images_PM_noisy_cqt/lensed/pos_1976.png,1,1976,val,positive
/root/autodl-tmp/qkzhang/cqt_v2/dataset_images_PM_noisy_cqt/lensed/pos_1979.png,1,1979,val,positive
/root/autodl-tmp/qkzhang/cqt_v2/dataset_images_PM_noisy_cqt/lensed/pos_1985.png,1,1985,val,positive
/root/autodl-tmp/qkzhang/cqt_v2/dataset_images_PM_noisy_cqt/lensed/pos_1990.png,1,1990,val,positive
/root/autodl-tmp/qkzhang/cqt_v2/dataset_images_PM_noisy_cqt/lensed/pos_1996.png,1,1996,val,positive
/root/autodl-tmp/qkzhang/cqt_v2/dataset_images_PM_noisy_cqt/lensed/pos_1999.png,1,1999,val,positive
/root/autodl-tmp/qkzhang/cqt_v2/dataset_images_PM_noisy_cqt/lensed/pos_2000.png,1,2000,val,positive
/root/autodl-tmp/qkzhang/cqt_v2/dataset_images_PM_noisy_cqt/lensed/pos_2001.png,1,2001,val,positive
/root/autodl-tmp/qkzhang/cqt_v2/dataset_images_PM_noisy_cqt/lensed/pos_2004.png,1,2004,val,positive
/root/autodl-tmp/qkzhang/cqt_v2/dataset_images_PM_noisy_cqt/lensed/pos_2005.png,1,2005,val,positive
/root/autodl-tmp/qkzhang/cqt_v2/dataset_images_PM_noisy_cqt/lensed/pos_2006.png,1,2006,val,positive
/root/autodl-tmp/qkzhang/cqt_v2/dataset_images_PM_noisy_cqt/lensed/pos_2009.png,1,2009,val,positive
/root/autodl-tmp/qkzhang/cqt_v2/dataset_images_PM_noisy_cqt/lensed/pos_2016.png,1,2016,val,positive
/root/autodl-tmp/qkzhang/cqt_v2/dataset_images_PM_noisy_cqt/lensed/pos_2017.png,1,2017,val,positive
/root/autodl-tmp/qkzhang/cqt_v2/dataset_images_PM_noisy_cqt/lensed/pos_2023.png,1,2023,val,positive
/root/autodl-tmp/qkzhang/cqt_v2/dataset_images_PM_noisy_cqt/lensed/pos_2031.png,1,2031,val,positive
/root/autodl-tmp/qkzhang/cqt_v2/dataset_images_PM_noisy_cqt/lensed/pos_2041.png,1,2041,val,positive
/root/autodl-tmp/qkzhang/cqt_v2/dataset_images_PM_noisy_cqt/lensed/pos_2043.png,1,2043,val,positive
/root/autodl-tmp/qkzhang/cqt_v2/dataset_images_PM_noisy_cqt/lensed/pos_2045.png,1,2045,val,positive
/root/autodl-tmp/qkzhang/cqt_v2/dataset_images_PM_noisy_cqt/lensed/pos_2048.png,1,2048,val,positive
/root/autodl-tmp/qkzhang/cqt_v2/dataset_images_PM_noisy_cqt/lensed/pos_2049.png,1,2049,val,positive
/root/autodl-tmp/qkzhang/cqt_v2/dataset_images_PM_noisy_cqt/lensed/pos_2063.png,1,2063,val,positive
/root/autodl-tmp/qkzhang/cqt_v2/dataset_images_PM_noisy_cqt/lensed/pos_2065.png,1,2065,val,positive
/root/autodl-tmp/qkzhang/cqt_v2/dataset_images_PM_noisy_cqt/lensed/pos_2067.png,1,2067,val,positive
/root/autodl-tmp/qkzhang/cqt_v2/dataset_images_PM_noisy_cqt/lensed/pos_2086.png,1,2086,val,positive
/root/autodl-tmp/qkzhang/cqt_v2/dataset_images_PM_noisy_cqt/lensed/pos_2087.png,1,2087,val,positive
/root/autodl-tmp/qkzhang/cqt_v2/dataset_images_PM_noisy_cqt/lensed/pos_2092.png,1,2092,val,positive
/root/autodl-tmp/qkzhang/cqt_v2/dataset_images_PM_noisy_cqt/lensed/pos_2100.png,1,2100,val,positive
/root/autodl-tmp/qkzhang/cqt_v2/dataset_images_PM_noisy_cqt/lensed/pos_2107.png,1,2107,val,positive
/root/autodl-tmp/qkzhang/cqt_v2/dataset_images_PM_noisy_cqt/lensed/pos_2115.png,1,2115,val,positive
/root/autodl-tmp/qkzhang/cqt_v2/dataset_images_PM_noisy_cqt/lensed/pos_2120.png,1,2120,val,positive
/root/autodl-tmp/qkzhang/cqt_v2/dataset_images_PM_noisy_cqt/lensed/pos_2121.png,1,2121,val,positive
/root/autodl-tmp/qkzhang/cqt_v2/dataset_images_PM_noisy_cqt/lensed/pos_2122.png,1,2122,val,positive
/root/autodl-tmp/qkzhang/cqt_v2/dataset_images_PM_noisy_cqt/lensed/pos_2123.png,1,2123,val,positive
/root/autodl-tmp/qkzhang/cqt_v2/dataset_images_PM_noisy_cqt/lensed/pos_2127.png,1,2127,val,positive
/root/autodl-tmp/qkzhang/cqt_v2/dataset_images_PM_noisy_cqt/lensed/pos_2142.png,1,2142,val,positive
/root/autodl-tmp/qkzhang/cqt_v2/dataset_images_PM_noisy_cqt/lensed/pos_2145.png,1,2145,val,positive
/root/autodl-tmp/qkzhang/cqt_v2/dataset_images_PM_noisy_cqt/lensed/pos_2157.png,1,2157,val,positive
/root/autodl-tmp/qkzhang/cqt_v2/dataset_images_PM_noisy_cqt/lensed/pos_2160.png,1,2160,val,positive
/root/autodl-tmp/qkzhang/cqt_v2/dataset_images_PM_noisy_cqt/lensed/pos_2164.png,1,2164,val,positive
/root/autodl-tmp/qkzhang/cqt_v2/dataset_images_PM_noisy_cqt/lensed/pos_2171.png,1,2171,val,positive
/root/autodl-tmp/qkzhang/cqt_v2/dataset_images_PM_noisy_cqt/lensed/pos_2172.png,1,2172,val,positive
/root/autodl-tmp/qkzhang/cqt_v2/dataset_images_PM_noisy_cqt/lensed/pos_2175.png,1,2175,val,positive
/root/autodl-tmp/qkzhang/cqt_v2/dataset_images_PM_noisy_cqt/lensed/pos_2176.png,1,2176,val,positive
/root/autodl-tmp/qkzhang/cqt_v2/dataset_images_PM_noisy_cqt/lensed/pos_2179.png,1,2179,val,positive
/root/autodl-tmp/qkzhang/cqt_v2/dataset_images_PM_noisy_cqt/lensed/pos_2180.png,1,2180,val,positive
/root/autodl-tmp/qkzhang/cqt_v2/dataset_images_PM_noisy_cqt/lensed/pos_2182.png,1,2182,val,positive
/root/autodl-tmp/qkzhang/cqt_v2/dataset_images_PM_noisy_cqt/lensed/pos_2184.png,1,2184,val,positive
/root/autodl-tmp/qkzhang/cqt_v2/dataset_images_PM_noisy_cqt/lensed/pos_2188.png,1,2188,val,positive
/root/autodl-tmp/qkzhang/cqt_v2/dataset_images_PM_noisy_cqt/lensed/pos_2190.png,1,2190,val,positive
/root/autodl-tmp/qkzhang/cqt_v2/dataset_images_PM_noisy_cqt/lensed/pos_2196.png,1,2196,val,positive
/root/autodl-tmp/qkzhang/cqt_v2/dataset_images_PM_noisy_cqt/lensed/pos_2200.png,1,2200,val,positive
/root/autodl-tmp/qkzhang/cqt_v2/dataset_images_PM_noisy_cqt/lensed/pos_2204.png,1,2204,val,positive
/root/autodl-tmp/qkzhang/cqt_v2/dataset_images_PM_noisy_cqt/lensed/pos_2208.png,1,2208,val,positive
/root/autodl-tmp/qkzhang/cqt_v2/dataset_images_PM_noisy_cqt/lensed/pos_2209.png,1,2209,val,positive
/root/autodl-tmp/qkzhang/cqt_v2/dataset_images_PM_noisy_cqt/lensed/pos_2224.png,1,2224,val,positive
/root/autodl-tmp/qkzhang/cqt_v2/dataset_images_PM_noisy_cqt/lensed/pos_2225.png,1,2225,val,positive
/root/autodl-tmp/qkzhang/cqt_v2/dataset_images_PM_noisy_cqt/lensed/pos_2232.png,1,2232,val,positive
/root/autodl-tmp/qkzhang/cqt_v2/dataset_images_PM_noisy_cqt/lensed/pos_2236.png,1,2236,val,positive
/root/autodl-tmp/qkzhang/cqt_v2/dataset_images_PM_noisy_cqt/lensed/pos_2237.png,1,2237,val,positive
/root/autodl-tmp/qkzhang/cqt_v2/dataset_images_PM_noisy_cqt/lensed/pos_2252.png,1,2252,val,positive
/root/autodl-tmp/qkzhang/cqt_v2/dataset_images_PM_noisy_cqt/lensed/pos_2256.png,1,2256,val,positive
/root/autodl-tmp/qkzhang/cqt_v2/dataset_images_PM_noisy_cqt/lensed/pos_2257.png,1,2257,val,positive
/root/autodl-tmp/qkzhang/cqt_v2/dataset_images_PM_noisy_cqt/lensed/pos_2261.png,1,2261,val,positive
/root/autodl-tmp/qkzhang/cqt_v2/dataset_images_PM_noisy_cqt/lensed/pos_2263.png,1,2263,val,positive
/root/autodl-tmp/qkzhang/cqt_v2/dataset_images_PM_noisy_cqt/lensed/pos_2269.png,1,2269,val,positive
/root/autodl-tmp/qkzhang/cqt_v2/dataset_images_PM_noisy_cqt/lensed/pos_2271.png,1,2271,val,positive
/root/autodl-tmp/qkzhang/cqt_v2/dataset_images_PM_noisy_cqt/lensed/pos_2273.png,1,2273,val,positive
/root/autodl-tmp/qkzhang/cqt_v2/dataset_images_PM_noisy_cqt/lensed/pos_2276.png,1,2276,val,positive
/root/autodl-tmp/qkzhang/cqt_v2/dataset_images_PM_noisy_cqt/lensed/pos_2277.png,1,2277,val,positive
/root/autodl-tmp/qkzhang/cqt_v2/dataset_images_PM_noisy_cqt/lensed/pos_2279.png,1,2279,val,positive
/root/autodl-tmp/qkzhang/cqt_v2/dataset_images_PM_noisy_cqt/lensed/pos_2281.png,1,2281,val,positive
/root/autodl-tmp/qkzhang/cqt_v2/dataset_images_PM_noisy_cqt/lensed/pos_2295.png,1,2295,val,positive
/root/autodl-tmp/qkzhang/cqt_v2/dataset_images_PM_noisy_cqt/lensed/pos_2300.png,1,2300,val,positive
/root/autodl-tmp/qkzhang/cqt_v2/dataset_images_PM_noisy_cqt/lensed/pos_2305.png,1,2305,val,positive
/root/autodl-tmp/qkzhang/cqt_v2/dataset_images_PM_noisy_cqt/lensed/pos_2309.png,1,2309,val,positive
/root/autodl-tmp/qkzhang/cqt_v2/dataset_images_PM_noisy_cqt/lensed/pos_2312.png,1,2312,val,positive
/root/autodl-tmp/qkzhang/cqt_v2/dataset_images_PM_noisy_cqt/lensed/pos_2324.png,1,2324,val,positive
/root/autodl-tmp/qkzhang/cqt_v2/dataset_images_PM_noisy_cqt/lensed/pos_2325.png,1,2325,val,positive
/root/autodl-tmp/qkzhang/cqt_v2/dataset_images_PM_noisy_cqt/lensed/pos_2335.png,1,2335,val,positive
/root/autodl-tmp/qkzhang/cqt_v2/dataset_images_PM_noisy_cqt/lensed/pos_2341.png,1,2341,val,positive
/root/autodl-tmp/qkzhang/cqt_v2/dataset_images_PM_noisy_cqt/lensed/pos_2346.png,1,2346,val,positive
/root/autodl-tmp/qkzhang/cqt_v2/dataset_images_PM_noisy_cqt/lensed/pos_2358.png,1,2358,val,positive
/root/autodl-tmp/qkzhang/cqt_v2/dataset_images_PM_noisy_cqt/lensed/pos_2359.png,1,2359,val,positive
/root/autodl-tmp/qkzhang/cqt_v2/dataset_images_PM_noisy_cqt/lensed/pos_2369.png,1,2369,val,positive
/root/autodl-tmp/qkzhang/cqt_v2/dataset_images_PM_noisy_cqt/lensed/pos_2373.png,1,2373,val,positive
/root/autodl-tmp/qkzhang/cqt_v2/dataset_images_PM_noisy_cqt/lensed/pos_2376.png,1,2376,val,positive
/root/autodl-tmp/qkzhang/cqt_v2/dataset_images_PM_noisy_cqt/lensed/pos_2378.png,1,2378,val,positive
/root/autodl-tmp/qkzhang/cqt_v2/dataset_images_PM_noisy_cqt/lensed/pos_2379.png,1,2379,val,positive
/root/autodl-tmp/qkzhang/cqt_v2/dataset_images_PM_noisy_cqt/lensed/pos_2381.png,1,2381,val,positive
/root/autodl-tmp/qkzhang/cqt_v2/dataset_images_PM_noisy_cqt/lensed/pos_2386.png,1,2386,val,positive
/root/autodl-tmp/qkzhang/cqt_v2/dataset_images_PM_noisy_cqt/lensed/pos_2391.png,1,2391,val,positive
/root/autodl-tmp/qkzhang/cqt_v2/dataset_images_PM_noisy_cqt/lensed/pos_2392.png,1,2392,val,positive
/root/autodl-tmp/qkzhang/cqt_v2/dataset_images_PM_noisy_cqt/lensed/pos_2393.png,1,2393,val,positive
/root/autodl-tmp/qkzhang/cqt_v2/dataset_images_PM_noisy_cqt/lensed/pos_2403.png,1,2403,val,positive
/root/autodl-tmp/qkzhang/cqt_v2/dataset_images_PM_noisy_cqt/lensed/pos_2412.png,1,2412,val,positive
/root/autodl-tmp/qkzhang/cqt_v2/dataset_images_PM_noisy_cqt/lensed/pos_2417.png,1,2417,val,positive
/root/autodl-tmp/qkzhang/cqt_v2/dataset_images_PM_noisy_cqt/lensed/pos_2419.png,1,2419,val,positive
/root/autodl-tmp/qkzhang/cqt_v2/dataset_images_PM_noisy_cqt/lensed/pos_2423.png,1,2423,val,positive
/root/autodl-tmp/qkzhang/cqt_v2/dataset_images_PM_noisy_cqt/lensed/pos_2428.png,1,2428,val,positive
/root/autodl-tmp/qkzhang/cqt_v2/dataset_images_PM_noisy_cqt/lensed/pos_2434.png,1,2434,val,positive
/root/autodl-tmp/qkzhang/cqt_v2/dataset_images_PM_noisy_cqt/lensed/pos_2435.png,1,2435,val,positive
/root/autodl-tmp/qkzhang/cqt_v2/dataset_images_PM_noisy_cqt/lensed/pos_2438.png,1,2438,val,positive
/root/autodl-tmp/qkzhang/cqt_v2/dataset_images_PM_noisy_cqt/lensed/pos_2446.png,1,2446,val,positive
/root/autodl-tmp/qkzhang/cqt_v2/dataset_images_PM_noisy_cqt/lensed/pos_2451.png,1,2451,val,positive
/root/autodl-tmp/qkzhang/cqt_v2/dataset_images_PM_noisy_cqt/lensed/pos_2460.png,1,2460,val,positive
/root/autodl-tmp/qkzhang/cqt_v2/dataset_images_PM_noisy_cqt/lensed/pos_2461.png,1,2461,val,positive
/root/autodl-tmp/qkzhang/cqt_v2/dataset_images_PM_noisy_cqt/lensed/pos_2468.png,1,2468,val,positive
/root/autodl-tmp/qkzhang/cqt_v2/dataset_images_PM_noisy_cqt/lensed/pos_2484.png,1,2484,val,positive
/root/autodl-tmp/qkzhang/cqt_v2/dataset_images_PM_noisy_cqt/lensed/pos_2488.png,1,2488,val,positive
/root/autodl-tmp/qkzhang/cqt_v2/dataset_images_PM_noisy_cqt/lensed/pos_2492.png,1,2492,val,positive
/root/autodl-tmp/qkzhang/cqt_v2/dataset_images_PM_noisy_cqt/unlensed/neg_0006.png,0,6,val,negative
/root/autodl-tmp/qkzhang/cqt_v2/dataset_images_PM_noisy_cqt/unlensed/neg_0008.png,0,8,val,negative
/root/autodl-tmp/qkzhang/cqt_v2/dataset_images_PM_noisy_cqt/unlensed/neg_0034.png,0,34,val,negative
/root/autodl-tmp/qkzhang/cqt_v2/dataset_images_PM_noisy_cqt/unlensed/neg_0036.png,0,36,val,negative
/root/autodl-tmp/qkzhang/cqt_v2/dataset_images_PM_noisy_cqt/unlensed/neg_0038.png,0,38,val,negative
/root/autodl-tmp/qkzhang/cqt_v2/dataset_images_PM_noisy_cqt/unlensed/neg_0039.png,0,39,val,negative
/root/autodl-tmp/qkzhang/cqt_v2/dataset_images_PM_noisy_cqt/unlensed/neg_0040.png,0,40,val,negative
/root/autodl-tmp/qkzhang/cqt_v2/dataset_images_PM_noisy_cqt/unlensed/neg_0047.png,0,47,val,negative
/root/autodl-tmp/qkzhang/cqt_v2/dataset_images_PM_noisy_cqt/unlensed/neg_0059.png,0,59,val,negative
/root/autodl-tmp/qkzhang/cqt_v2/dataset_images_PM_noisy_cqt/unlensed/neg_0064.png,0,64,val,negative
/root/autodl-tmp/qkzhang/cqt_v2/dataset_images_PM_noisy_cqt/unlensed/neg_0080.png,0,80,val,negative
/root/autodl-tmp/qkzhang/cqt_v2/dataset_images_PM_noisy_cqt/unlensed/neg_0084.png,0,84,val,negative
/root/autodl-tmp/qkzhang/cqt_v2/dataset_images_PM_noisy_cqt/unlensed/neg_0092.png,0,92,val,negative
/root/autodl-tmp/qkzhang/cqt_v2/dataset_images_PM_noisy_cqt/unlensed/neg_0096.png,0,96,val,negative
/root/autodl-tmp/qkzhang/cqt_v2/dataset_images_PM_noisy_cqt/unlensed/neg_0100.png,0,100,val,negative
/root/autodl-tmp/qkzhang/cqt_v2/dataset_images_PM_noisy_cqt/unlensed/neg_0104.png,0,104,val,negative
/root/autodl-tmp/qkzhang/cqt_v2/dataset_images_PM_noisy_cqt/unlensed/neg_0107.png,0,107,val,negative
/root/autodl-tmp/qkzhang/cqt_v2/dataset_images_PM_noisy_cqt/unlensed/neg_0113.png,0,113,val,negative
/root/autodl-tmp/qkzhang/cqt_v2/dataset_images_PM_noisy_cqt/unlensed/neg_0118.png,0,118,val,negative
/root/autodl-tmp/qkzhang/cqt_v2/dataset_images_PM_noisy_cqt/unlensed/neg_0121.png,0,121,val,negative
/root/autodl-tmp/qkzhang/cqt_v2/dataset_images_PM_noisy_cqt/unlensed/neg_0122.png,0,122,val,negative
/root/autodl-tmp/qkzhang/cqt_v2/dataset_images_PM_noisy_cqt/unlensed/neg_0124.png,0,124,val,negative
/root/autodl-tmp/qkzhang/cqt_v2/dataset_images_PM_noisy_cqt/unlensed/neg_0128.png,0,128,val,negative
/root/autodl-tmp/qkzhang/cqt_v2/dataset_images_PM_noisy_cqt/unlensed/neg_0132.png,0,132,val,negative
/root/autodl-tmp/qkzhang/cqt_v2/dataset_images_PM_noisy_cqt/unlensed/neg_0135.png,0,135,val,negative
/root/autodl-tmp/qkzhang/cqt_v2/dataset_images_PM_noisy_cqt/unlensed/neg_0138.png,0,138,val,negative
/root/autodl-tmp/qkzhang/cqt_v2/dataset_images_PM_noisy_cqt/unlensed/neg_0140.png,0,140,val,negative
/root/autodl-tmp/qkzhang/cqt_v2/dataset_images_PM_noisy_cqt/unlensed/neg_0144.png,0,144,val,negative
/root/autodl-tmp/qkzhang/cqt_v2/dataset_images_PM_noisy_cqt/unlensed/neg_0148.png,0,148,val,negative
/root/autodl-tmp/qkzhang/cqt_v2/dataset_images_PM_noisy_cqt/unlensed/neg_0155.png,0,155,val,negative
/root/autodl-tmp/qkzhang/cqt_v2/dataset_images_PM_noisy_cqt/unlensed/neg_0156.png,0,156,val,negative
/root/autodl-tmp/qkzhang/cqt_v2/dataset_images_PM_noisy_cqt/unlensed/neg_0161.png,0,161,val,negative
/root/autodl-tmp/qkzhang/cqt_v2/dataset_images_PM_noisy_cqt/unlensed/neg_0164.png,0,164,val,negative
/root/autodl-tmp/qkzhang/cqt_v2/dataset_images_PM_noisy_cqt/unlensed/neg_0166.png,0,166,val,negative
/root/autodl-tmp/qkzhang/cqt_v2/dataset_images_PM_noisy_cqt/unlensed/neg_0170.png,0,170,val,negative
/root/autodl-tmp/qkzhang/cqt_v2/dataset_images_PM_noisy_cqt/unlensed/neg_0178.png,0,178,val,negative
/root/autodl-tmp/qkzhang/cqt_v2/dataset_images_PM_noisy_cqt/unlensed/neg_0186.png,0,186,val,negative
/root/autodl-tmp/qkzhang/cqt_v2/dataset_images_PM_noisy_cqt/unlensed/neg_0191.png,0,191,val,negative
/root/autodl-tmp/qkzhang/cqt_v2/dataset_images_PM_noisy_cqt/unlensed/neg_0195.png,0,195,val,negative
/root/autodl-tmp/qkzhang/cqt_v2/dataset_images_PM_noisy_cqt/unlensed/neg_0196.png,0,196,val,negative
/root/autodl-tmp/qkzhang/cqt_v2/dataset_images_PM_noisy_cqt/unlensed/neg_0203.png,0,203,val,negative
/root/autodl-tmp/qkzhang/cqt_v2/dataset_images_PM_noisy_cqt/unlensed/neg_0205.png,0,205,val,negative
/root/autodl-tmp/qkzhang/cqt_v2/dataset_images_PM_noisy_cqt/unlensed/neg_0213.png,0,213,val,negative
/root/autodl-tmp/qkzhang/cqt_v2/dataset_images_PM_noisy_cqt/unlensed/neg_0215.png,0,215,val,negative
/root/autodl-tmp/qkzhang/cqt_v2/dataset_images_PM_noisy_cqt/unlensed/neg_0224.png,0,224,val,negative
/root/autodl-tmp/qkzhang/cqt_v2/dataset_images_PM_noisy_cqt/unlensed/neg_0233.png,0,233,val,negative
/root/autodl-tmp/qkzhang/cqt_v2/dataset_images_PM_noisy_cqt/unlensed/neg_0237.png,0,237,val,negative
/root/autodl-tmp/qkzhang/cqt_v2/dataset_images_PM_noisy_cqt/unlensed/neg_0240.png,0,240,val,negative
/root/autodl-tmp/qkzhang/cqt_v2/dataset_images_PM_noisy_cqt/unlensed/neg_0247.png,0,247,val,negative
/root/autodl-tmp/qkzhang/cqt_v2/dataset_images_PM_noisy_cqt/unlensed/neg_0253.png,0,253,val,negative
/root/autodl-tmp/qkzhang/cqt_v2/dataset_images_PM_noisy_cqt/unlensed/neg_0255.png,0,255,val,negative
/root/autodl-tmp/qkzhang/cqt_v2/dataset_images_PM_noisy_cqt/unlensed/neg_0259.png,0,259,val,negative
/root/autodl-tmp/qkzhang/cqt_v2/dataset_images_PM_noisy_cqt/unlensed/neg_0282.png,0,282,val,negative
/root/autodl-tmp/qkzhang/cqt_v2/dataset_images_PM_noisy_cqt/unlensed/neg_0285.png,0,285,val,negative
/root/autodl-tmp/qkzhang/cqt_v2/dataset_images_PM_noisy_cqt/unlensed/neg_0299.png,0,299,val,negative
/root/autodl-tmp/qkzhang/cqt_v2/dataset_images_PM_noisy_cqt/unlensed/neg_0303.png,0,303,val,negative
/root/autodl-tmp/qkzhang/cqt_v2/dataset_images_PM_noisy_cqt/unlensed/neg_0310.png,0,310,val,negative
/root/autodl-tmp/qkzhang/cqt_v2/dataset_images_PM_noisy_cqt/unlensed/neg_0313.png,0,313,val,negative
/root/autodl-tmp/qkzhang/cqt_v2/dataset_images_PM_noisy_cqt/unlensed/neg_0314.png,0,314,val,negative
/root/autodl-tmp/qkzhang/cqt_v2/dataset_images_PM_noisy_cqt/unlensed/neg_0324.png,0,324,val,negative
/root/autodl-tmp/qkzhang/cqt_v2/dataset_images_PM_noisy_cqt/unlensed/neg_0328.png,0,328,val,negative
/root/autodl-tmp/qkzhang/cqt_v2/dataset_images_PM_noisy_cqt/unlensed/neg_0333.png,0,333,val,negative
/root/autodl-tmp/qkzhang/cqt_v2/dataset_images_PM_noisy_cqt/unlensed/neg_0340.png,0,340,val,negative
/root/autodl-tmp/qkzhang/cqt_v2/dataset_images_PM_noisy_cqt/unlensed/neg_0343.png,0,343,val,negative
/root/autodl-tmp/qkzhang/cqt_v2/dataset_images_PM_noisy_cqt/unlensed/neg_0347.png,0,347,val,negative
/root/autodl-tmp/qkzhang/cqt_v2/dataset_images_PM_noisy_cqt/unlensed/neg_0348.png,0,348,val,negative
/root/autodl-tmp/qkzhang/cqt_v2/dataset_images_PM_noisy_cqt/unlensed/neg_0362.png,0,362,val,negative
/root/autodl-tmp/qkzhang/cqt_v2/dataset_images_PM_noisy_cqt/unlensed/neg_0371.png,0,371,val,negative
/root/autodl-tmp/qkzhang/cqt_v2/dataset_images_PM_noisy_cqt/unlensed/neg_0376.png,0,376,val,negative
/root/autodl-tmp/qkzhang/cqt_v2/dataset_images_PM_noisy_cqt/unlensed/neg_0381.png,0,381,val,negative
/root/autodl-tmp/qkzhang/cqt_v2/dataset_images_PM_noisy_cqt/unlensed/neg_0389.png,0,389,val,negative
/root/autodl-tmp/qkzhang/cqt_v2/dataset_images_PM_noisy_cqt/unlensed/neg_0398.png,0,398,val,negative
/root/autodl-tmp/qkzhang/cqt_v2/dataset_images_PM_noisy_cqt/unlensed/neg_0403.png,0,403,val,negative
/root/autodl-tmp/qkzhang/cqt_v2/dataset_images_PM_noisy_cqt/unlensed/neg_0405.png,0,405,val,negative
/root/autodl-tmp/qkzhang/cqt_v2/dataset_images_PM_noisy_cqt/unlensed/neg_0409.png,0,409,val,negative
/root/autodl-tmp/qkzhang/cqt_v2/dataset_images_PM_noisy_cqt/unlensed/neg_0424.png,0,424,val,negative
/root/autodl-tmp/qkzhang/cqt_v2/dataset_images_PM_noisy_cqt/unlensed/neg_0431.png,0,431,val,negative
/root/autodl-tmp/qkzhang/cqt_v2/dataset_images_PM_noisy_cqt/unlensed/neg_0437.png,0,437,val,negative
/root/autodl-tmp/qkzhang/cqt_v2/dataset_images_PM_noisy_cqt/unlensed/neg_0452.png,0,452,val,negative
/root/autodl-tmp/qkzhang/cqt_v2/dataset_images_PM_noisy_cqt/unlensed/neg_0454.png,0,454,val,negative
/root/autodl-tmp/qkzhang/cqt_v2/dataset_images_PM_noisy_cqt/unlensed/neg_0457.png,0,457,val,negative
/root/autodl-tmp/qkzhang/cqt_v2/dataset_images_PM_noisy_cqt/unlensed/neg_0458.png,0,458,val,negative
/root/autodl-tmp/qkzhang/cqt_v2/dataset_images_PM_noisy_cqt/unlensed/neg_0461.png,0,461,val,negative
/root/autodl-tmp/qkzhang/cqt_v2/dataset_images_PM_noisy_cqt/unlensed/neg_0464.png,0,464,val,negative
/root/autodl-tmp/qkzhang/cqt_v2/dataset_images_PM_noisy_cqt/unlensed/neg_0474.png,0,474,val,negative
/root/autodl-tmp/qkzhang/cqt_v2/dataset_images_PM_noisy_cqt/unlensed/neg_0475.png,0,475,val,negative
/root/autodl-tmp/qkzhang/cqt_v2/dataset_images_PM_noisy_cqt/unlensed/neg_0482.png,0,482,val,negative
/root/autodl-tmp/qkzhang/cqt_v2/dataset_images_PM_noisy_cqt/unlensed/neg_0486.png,0,486,val,negative
/root/autodl-tmp/qkzhang/cqt_v2/dataset_images_PM_noisy_cqt/unlensed/neg_0488.png,0,488,val,negative
/root/autodl-tmp/qkzhang/cqt_v2/dataset_images_PM_noisy_cqt/unlensed/neg_0493.png,0,493,val,negative
/root/autodl-tmp/qkzhang/cqt_v2/dataset_images_PM_noisy_cqt/unlensed/neg_0512.png,0,512,val,negative
/root/autodl-tmp/qkzhang/cqt_v2/dataset_images_PM_noisy_cqt/unlensed/neg_0519.png,0,519,val,negative
/root/autodl-tmp/qkzhang/cqt_v2/dataset_images_PM_noisy_cqt/unlensed/neg_0531.png,0,531,val,negative
/root/autodl-tmp/qkzhang/cqt_v2/dataset_images_PM_noisy_cqt/unlensed/neg_0538.png,0,538,val,negative
/root/autodl-tmp/qkzhang/cqt_v2/dataset_images_PM_noisy_cqt/unlensed/neg_0542.png,0,542,val,negative
/root/autodl-tmp/qkzhang/cqt_v2/dataset_images_PM_noisy_cqt/unlensed/neg_0543.png,0,543,val,negative
/root/autodl-tmp/qkzhang/cqt_v2/dataset_images_PM_noisy_cqt/unlensed/neg_0554.png,0,554,val,negative
/root/autodl-tmp/qkzhang/cqt_v2/dataset_images_PM_noisy_cqt/unlensed/neg_0555.png,0,555,val,negative
/root/autodl-tmp/qkzhang/cqt_v2/dataset_images_PM_noisy_cqt/unlensed/neg_0566.png,0,566,val,negative
/root/autodl-tmp/qkzhang/cqt_v2/dataset_images_PM_noisy_cqt/unlensed/neg_0571.png,0,571,val,negative
/root/autodl-tmp/qkzhang/cqt_v2/dataset_images_PM_noisy_cqt/unlensed/neg_0581.png,0,581,val,negative
/root/autodl-tmp/qkzhang/cqt_v2/dataset_images_PM_noisy_cqt/unlensed/neg_0584.png,0,584,val,negative
/root/autodl-tmp/qkzhang/cqt_v2/dataset_images_PM_noisy_cqt/unlensed/neg_0587.png,0,587,val,negative
/root/autodl-tmp/qkzhang/cqt_v2/dataset_images_PM_noisy_cqt/unlensed/neg_0588.png,0,588,val,negative
/root/autodl-tmp/qkzhang/cqt_v2/dataset_images_PM_noisy_cqt/unlensed/neg_0593.png,0,593,val,negative
/root/autodl-tmp/qkzhang/cqt_v2/dataset_images_PM_noisy_cqt/unlensed/neg_0600.png,0,600,val,negative
/root/autodl-tmp/qkzhang/cqt_v2/dataset_images_PM_noisy_cqt/unlensed/neg_0613.png,0,613,val,negative
/root/autodl-tmp/qkzhang/cqt_v2/dataset_images_PM_noisy_cqt/unlensed/neg_0615.png,0,615,val,negative
/root/autodl-tmp/qkzhang/cqt_v2/dataset_images_PM_noisy_cqt/unlensed/neg_0623.png,0,623,val,negative
/root/autodl-tmp/qkzhang/cqt_v2/dataset_images_PM_noisy_cqt/unlensed/neg_0627.png,0,627,val,negative
/root/autodl-tmp/qkzhang/cqt_v2/dataset_images_PM_noisy_cqt/unlensed/neg_0632.png,0,632,val,negative
/root/autodl-tmp/qkzhang/cqt_v2/dataset_images_PM_noisy_cqt/unlensed/neg_0657.png,0,657,val,negative
/root/autodl-tmp/qkzhang/cqt_v2/dataset_images_PM_noisy_cqt/unlensed/neg_0666.png,0,666,val,negative
/root/autodl-tmp/qkzhang/cqt_v2/dataset_images_PM_noisy_cqt/unlensed/neg_0671.png,0,671,val,negative
/root/autodl-tmp/qkzhang/cqt_v2/dataset_images_PM_noisy_cqt/unlensed/neg_0686.png,0,686,val,negative
/root/autodl-tmp/qkzhang/cqt_v2/dataset_images_PM_noisy_cqt/unlensed/neg_0693.png,0,693,val,negative
/root/autodl-tmp/qkzhang/cqt_v2/dataset_images_PM_noisy_cqt/unlensed/neg_0699.png,0,699,val,negative
/root/autodl-tmp/qkzhang/cqt_v2/dataset_images_PM_noisy_cqt/unlensed/neg_0702.png,0,702,val,negative
/root/autodl-tmp/qkzhang/cqt_v2/dataset_images_PM_noisy_cqt/unlensed/neg_0714.png,0,714,val,negative
/root/autodl-tmp/qkzhang/cqt_v2/dataset_images_PM_noisy_cqt/unlensed/neg_0715.png,0,715,val,negative
/root/autodl-tmp/qkzhang/cqt_v2/dataset_images_PM_noisy_cqt/unlensed/neg_0734.png,0,734,val,negative
/root/autodl-tmp/qkzhang/cqt_v2/dataset_images_PM_noisy_cqt/unlensed/neg_0735.png,0,735,val,negative
/root/autodl-tmp/qkzhang/cqt_v2/dataset_images_PM_noisy_cqt/unlensed/neg_0737.png,0,737,val,negative
/root/autodl-tmp/qkzhang/cqt_v2/dataset_images_PM_noisy_cqt/unlensed/neg_0744.png,0,744,val,negative
/root/autodl-tmp/qkzhang/cqt_v2/dataset_images_PM_noisy_cqt/unlensed/neg_0746.png,0,746,val,negative
/root/autodl-tmp/qkzhang/cqt_v2/dataset_images_PM_noisy_cqt/unlensed/neg_0760.png,0,760,val,negative
/root/autodl-tmp/qkzhang/cqt_v2/dataset_images_PM_noisy_cqt/unlensed/neg_0762.png,0,762,val,negative
/root/autodl-tmp/qkzhang/cqt_v2/dataset_images_PM_noisy_cqt/unlensed/neg_0763.png,0,763,val,negative
/root/autodl-tmp/qkzhang/cqt_v2/dataset_images_PM_noisy_cqt/unlensed/neg_0764.png,0,764,val,negative
/root/autodl-tmp/qkzhang/cqt_v2/dataset_images_PM_noisy_cqt/unlensed/neg_0767.png,0,767,val,negative
/root/autodl-tmp/qkzhang/cqt_v2/dataset_images_PM_noisy_cqt/unlensed/neg_0775.png,0,775,val,negative
/root/autodl-tmp/qkzhang/cqt_v2/dataset_images_PM_noisy_cqt/unlensed/neg_0776.png,0,776,val,negative
/root/autodl-tmp/qkzhang/cqt_v2/dataset_images_PM_noisy_cqt/unlensed/neg_0781.png,0,781,val,negative
/root/autodl-tmp/qkzhang/cqt_v2/dataset_images_PM_noisy_cqt/unlensed/neg_0784.png,0,784,val,negative
/root/autodl-tmp/qkzhang/cqt_v2/dataset_images_PM_noisy_cqt/unlensed/neg_0789.png,0,789,val,negative
/root/autodl-tmp/qkzhang/cqt_v2/dataset_images_PM_noisy_cqt/unlensed/neg_0797.png,0,797,val,negative
/root/autodl-tmp/qkzhang/cqt_v2/dataset_images_PM_noisy_cqt/unlensed/neg_0800.png,0,800,val,negative
/root/autodl-tmp/qkzhang/cqt_v2/dataset_images_PM_noisy_cqt/unlensed/neg_0802.png,0,802,val,negative
/root/autodl-tmp/qkzhang/cqt_v2/dataset_images_PM_noisy_cqt/unlensed/neg_0803.png,0,803,val,negative
/root/autodl-tmp/qkzhang/cqt_v2/dataset_images_PM_noisy_cqt/unlensed/neg_0805.png,0,805,val,negative
/root/autodl-tmp/qkzhang/cqt_v2/dataset_images_PM_noisy_cqt/unlensed/neg_0816.png,0,816,val,negative
/root/autodl-tmp/qkzhang/cqt_v2/dataset_images_PM_noisy_cqt/unlensed/neg_0822.png,0,822,val,negative
/root/autodl-tmp/qkzhang/cqt_v2/dataset_images_PM_noisy_cqt/unlensed/neg_0828.png,0,828,val,negative
/root/autodl-tmp/qkzhang/cqt_v2/dataset_images_PM_noisy_cqt/unlensed/neg_0834.png,0,834,val,negative
/root/autodl-tmp/qkzhang/cqt_v2/dataset_images_PM_noisy_cqt/unlensed/neg_0842.png,0,842,val,negative
/root/autodl-tmp/qkzhang/cqt_v2/dataset_images_PM_noisy_cqt/unlensed/neg_0844.png,0,844,val,negative
/root/autodl-tmp/qkzhang/cqt_v2/dataset_images_PM_noisy_cqt/unlensed/neg_0852.png,0,852,val,negative
/root/autodl-tmp/qkzhang/cqt_v2/dataset_images_PM_noisy_cqt/unlensed/neg_0856.png,0,856,val,negative
/root/autodl-tmp/qkzhang/cqt_v2/dataset_images_PM_noisy_cqt/unlensed/neg_0859.png,0,859,val,negative
/root/autodl-tmp/qkzhang/cqt_v2/dataset_images_PM_noisy_cqt/unlensed/neg_0862.png,0,862,val,negative
/root/autodl-tmp/qkzhang/cqt_v2/dataset_images_PM_noisy_cqt/unlensed/neg_0864.png,0,864,val,negative
/root/autodl-tmp/qkzhang/cqt_v2/dataset_images_PM_noisy_cqt/unlensed/neg_0865.png,0,865,val,negative
/root/autodl-tmp/qkzhang/cqt_v2/dataset_images_PM_noisy_cqt/unlensed/neg_0874.png,0,874,val,negative
/root/autodl-tmp/qkzhang/cqt_v2/dataset_images_PM_noisy_cqt/unlensed/neg_0875.png,0,875,val,negative
/root/autodl-tmp/qkzhang/cqt_v2/dataset_images_PM_noisy_cqt/unlensed/neg_0882.png,0,882,val,negative
/root/autodl-tmp/qkzhang/cqt_v2/dataset_images_PM_noisy_cqt/unlensed/neg_0884.png,0,884,val,negative
/root/autodl-tmp/qkzhang/cqt_v2/dataset_images_PM_noisy_cqt/unlensed/neg_0897.png,0,897,val,negative
/root/autodl-tmp/qkzhang/cqt_v2/dataset_images_PM_noisy_cqt/unlensed/neg_0900.png,0,900,val,negative
/root/autodl-tmp/qkzhang/cqt_v2/dataset_images_PM_noisy_cqt/unlensed/neg_0902.png,0,902,val,negative
/root/autodl-tmp/qkzhang/cqt_v2/dataset_images_PM_noisy_cqt/unlensed/neg_0905.png,0,905,val,negative
/root/autodl-tmp/qkzhang/cqt_v2/dataset_images_PM_noisy_cqt/unlensed/neg_0908.png,0,908,val,negative
/root/autodl-tmp/qkzhang/cqt_v2/dataset_images_PM_noisy_cqt/unlensed/neg_0917.png,0,917,val,negative
/root/autodl-tmp/qkzhang/cqt_v2/dataset_images_PM_noisy_cqt/unlensed/neg_0920.png,0,920,val,negative
/root/autodl-tmp/qkzhang/cqt_v2/dataset_images_PM_noisy_cqt/unlensed/neg_0925.png,0,925,val,negative
/root/autodl-tmp/qkzhang/cqt_v2/dataset_images_PM_noisy_cqt/unlensed/neg_0927.png,0,927,val,negative
/root/autodl-tmp/qkzhang/cqt_v2/dataset_images_PM_noisy_cqt/unlensed/neg_0930.png,0,930,val,negative
/root/autodl-tmp/qkzhang/cqt_v2/dataset_images_PM_noisy_cqt/unlensed/neg_0932.png,0,932,val,negative
/root/autodl-tmp/qkzhang/cqt_v2/dataset_images_PM_noisy_cqt/unlensed/neg_0940.png,0,940,val,negative
/root/autodl-tmp/qkzhang/cqt_v2/dataset_images_PM_noisy_cqt/unlensed/neg_0941.png,0,941,val,negative
/root/autodl-tmp/qkzhang/cqt_v2/dataset_images_PM_noisy_cqt/unlensed/neg_0945.png,0,945,val,negative
/root/autodl-tmp/qkzhang/cqt_v2/dataset_images_PM_noisy_cqt/unlensed/neg_0947.png,0,947,val,negative
/root/autodl-tmp/qkzhang/cqt_v2/dataset_images_PM_noisy_cqt/unlensed/neg_0961.png,0,961,val,negative
/root/autodl-tmp/qkzhang/cqt_v2/dataset_images_PM_noisy_cqt/unlensed/neg_0963.png,0,963,val,negative
/root/autodl-tmp/qkzhang/cqt_v2/dataset_images_PM_noisy_cqt/unlensed/neg_0970.png,0,970,val,negative
/root/autodl-tmp/qkzhang/cqt_v2/dataset_images_PM_noisy_cqt/unlensed/neg_0977.png,0,977,val,negative
/root/autodl-tmp/qkzhang/cqt_v2/dataset_images_PM_noisy_cqt/unlensed/neg_0994.png,0,994,val,negative
/root/autodl-tmp/qkzhang/cqt_v2/dataset_images_PM_noisy_cqt/unlensed/neg_0995.png,0,995,val,negative
/root/autodl-tmp/qkzhang/cqt_v2/dataset_images_PM_noisy_cqt/unlensed/neg_0998.png,0,998,val,negative
/root/autodl-tmp/qkzhang/cqt_v2/dataset_images_PM_noisy_cqt/unlensed/neg_1001.png,0,1001,val,negative
/root/autodl-tmp/qkzhang/cqt_v2/dataset_images_PM_noisy_cqt/unlensed/neg_1007.png,0,1007,val,negative
/root/autodl-tmp/qkzhang/cqt_v2/dataset_images_PM_noisy_cqt/unlensed/neg_1018.png,0,1018,val,negative
/root/autodl-tmp/qkzhang/cqt_v2/dataset_images_PM_noisy_cqt/unlensed/neg_1029.png,0,1029,val,negative
/root/autodl-tmp/qkzhang/cqt_v2/dataset_images_PM_noisy_cqt/unlensed/neg_1042.png,0,1042,val,negative
/root/autodl-tmp/qkzhang/cqt_v2/dataset_images_PM_noisy_cqt/unlensed/neg_1044.png,0,1044,val,negative
/root/autodl-tmp/qkzhang/cqt_v2/dataset_images_PM_noisy_cqt/unlensed/neg_1052.png,0,1052,val,negative
/root/autodl-tmp/qkzhang/cqt_v2/dataset_images_PM_noisy_cqt/unlensed/neg_1056.png,0,1056,val,negative
/root/autodl-tmp/qkzhang/cqt_v2/dataset_images_PM_noisy_cqt/unlensed/neg_1058.png,0,1058,val,negative
/root/autodl-tmp/qkzhang/cqt_v2/dataset_images_PM_noisy_cqt/unlensed/neg_1061.png,0,1061,val,negative
/root/autodl-tmp/qkzhang/cqt_v2/dataset_images_PM_noisy_cqt/unlensed/neg_1065.png,0,1065,val,negative
/root/autodl-tmp/qkzhang/cqt_v2/dataset_images_PM_noisy_cqt/unlensed/neg_1073.png,0,1073,val,negative
/root/autodl-tmp/qkzhang/cqt_v2/dataset_images_PM_noisy_cqt/unlensed/neg_1077.png,0,1077,val,negative
/root/autodl-tmp/qkzhang/cqt_v2/dataset_images_PM_noisy_cqt/unlensed/neg_1079.png,0,1079,val,negative
/root/autodl-tmp/qkzhang/cqt_v2/dataset_images_PM_noisy_cqt/unlensed/neg_1082.png,0,1082,val,negative
/root/autodl-tmp/qkzhang/cqt_v2/dataset_images_PM_noisy_cqt/unlensed/neg_1086.png,0,1086,val,negative
/root/autodl-tmp/qkzhang/cqt_v2/dataset_images_PM_noisy_cqt/unlensed/neg_1094.png,0,1094,val,negative
/root/autodl-tmp/qkzhang/cqt_v2/dataset_images_PM_noisy_cqt/unlensed/neg_1099.png,0,1099,val,negative
/root/autodl-tmp/qkzhang/cqt_v2/dataset_images_PM_noisy_cqt/unlensed/neg_1103.png,0,1103,val,negative
/root/autodl-tmp/qkzhang/cqt_v2/dataset_images_PM_noisy_cqt/unlensed/neg_1108.png,0,1108,val,negative
/root/autodl-tmp/qkzhang/cqt_v2/dataset_images_PM_noisy_cqt/unlensed/neg_1114.png,0,1114,val,negative
/root/autodl-tmp/qkzhang/cqt_v2/dataset_images_PM_noisy_cqt/unlensed/neg_1116.png,0,1116,val,negative
/root/autodl-tmp/qkzhang/cqt_v2/dataset_images_PM_noisy_cqt/unlensed/neg_1118.png,0,1118,val,negative
/root/autodl-tmp/qkzhang/cqt_v2/dataset_images_PM_noisy_cqt/unlensed/neg_1126.png,0,1126,val,negative
/root/autodl-tmp/qkzhang/cqt_v2/dataset_images_PM_noisy_cqt/unlensed/neg_1131.png,0,1131,val,negative
/root/autodl-tmp/qkzhang/cqt_v2/dataset_images_PM_noisy_cqt/unlensed/neg_1133.png,0,1133,val,negative
/root/autodl-tmp/qkzhang/cqt_v2/dataset_images_PM_noisy_cqt/unlensed/neg_1141.png,0,1141,val,negative
/root/autodl-tmp/qkzhang/cqt_v2/dataset_images_PM_noisy_cqt/unlensed/neg_1145.png,0,1145,val,negative
/root/autodl-tmp/qkzhang/cqt_v2/dataset_images_PM_noisy_cqt/unlensed/neg_1151.png,0,1151,val,negative
/root/autodl-tmp/qkzhang/cqt_v2/dataset_images_PM_noisy_cqt/unlensed/neg_1152.png,0,1152,val,negative
/root/autodl-tmp/qkzhang/cqt_v2/dataset_images_PM_noisy_cqt/unlensed/neg_1158.png,0,1158,val,negative
/root/autodl-tmp/qkzhang/cqt_v2/dataset_images_PM_noisy_cqt/unlensed/neg_1166.png,0,1166,val,negative
/root/autodl-tmp/qkzhang/cqt_v2/dataset_images_PM_noisy_cqt/unlensed/neg_1171.png,0,1171,val,negative
/root/autodl-tmp/qkzhang/cqt_v2/dataset_images_PM_noisy_cqt/unlensed/neg_1175.png,0,1175,val,negative
/root/autodl-tmp/qkzhang/cqt_v2/dataset_images_PM_noisy_cqt/unlensed/neg_1176.png,0,1176,val,negative
/root/autodl-tmp/qkzhang/cqt_v2/dataset_images_PM_noisy_cqt/unlensed/neg_1180.png,0,1180,val,negative
/root/autodl-tmp/qkzhang/cqt_v2/dataset_images_PM_noisy_cqt/unlensed/neg_1184.png,0,1184,val,negative
/root/autodl-tmp/qkzhang/cqt_v2/dataset_images_PM_noisy_cqt/unlensed/neg_1186.png,0,1186,val,negative
/root/autodl-tmp/qkzhang/cqt_v2/dataset_images_PM_noisy_cqt/unlensed/neg_1194.png,0,1194,val,negative
/root/autodl-tmp/qkzhang/cqt_v2/dataset_images_PM_noisy_cqt/unlensed/neg_1200.png,0,1200,val,negative
/root/autodl-tmp/qkzhang/cqt_v2/dataset_images_PM_noisy_cqt/unlensed/neg_1202.png,0,1202,val,negative
/root/autodl-tmp/qkzhang/cqt_v2/dataset_images_PM_noisy_cqt/unlensed/neg_1211.png,0,1211,val,negative
/root/autodl-tmp/qkzhang/cqt_v2/dataset_images_PM_noisy_cqt/unlensed/neg_1222.png,0,1222,val,negative
/root/autodl-tmp/qkzhang/cqt_v2/dataset_images_PM_noisy_cqt/unlensed/neg_1226.png,0,1226,val,negative
/root/autodl-tmp/qkzhang/cqt_v2/dataset_images_PM_noisy_cqt/unlensed/neg_1227.png,0,1227,val,negative
/root/autodl-tmp/qkzhang/cqt_v2/dataset_images_PM_noisy_cqt/unlensed/neg_1232.png,0,1232,val,negative
/root/autodl-tmp/qkzhang/cqt_v2/dataset_images_PM_noisy_cqt/unlensed/neg_1251.png,0,1251,val,negative
/root/autodl-tmp/qkzhang/cqt_v2/dataset_images_PM_noisy_cqt/unlensed/neg_1254.png,0,1254,val,negative
/root/autodl-tmp/qkzhang/cqt_v2/dataset_images_PM_noisy_cqt/unlensed/neg_1256.png,0,1256,val,negative
/root/autodl-tmp/qkzhang/cqt_v2/dataset_images_PM_noisy_cqt/unlensed/neg_1257.png,0,1257,val,negative
/root/autodl-tmp/qkzhang/cqt_v2/dataset_images_PM_noisy_cqt/unlensed/neg_1261.png,0,1261,val,negative
/root/autodl-tmp/qkzhang/cqt_v2/dataset_images_PM_noisy_cqt/unlensed/neg_1263.png,0,1263,val,negative
/root/autodl-tmp/qkzhang/cqt_v2/dataset_images_PM_noisy_cqt/unlensed/neg_1267.png,0,1267,val,negative
/root/autodl-tmp/qkzhang/cqt_v2/dataset_images_PM_noisy_cqt/unlensed/neg_1283.png,0,1283,val,negative
/root/autodl-tmp/qkzhang/cqt_v2/dataset_images_PM_noisy_cqt/unlensed/neg_1287.png,0,1287,val,negative
/root/autodl-tmp/qkzhang/cqt_v2/dataset_images_PM_noisy_cqt/unlensed/neg_1297.png,0,1297,val,negative
/root/autodl-tmp/qkzhang/cqt_v2/dataset_images_PM_noisy_cqt/unlensed/neg_1299.png,0,1299,val,negative
/root/autodl-tmp/qkzhang/cqt_v2/dataset_images_PM_noisy_cqt/unlensed/neg_1303.png,0,1303,val,negative
/root/autodl-tmp/qkzhang/cqt_v2/dataset_images_PM_noisy_cqt/unlensed/neg_1311.png,0,1311,val,negative
/root/autodl-tmp/qkzhang/cqt_v2/dataset_images_PM_noisy_cqt/unlensed/neg_1317.png,0,1317,val,negative
/root/autodl-tmp/qkzhang/cqt_v2/dataset_images_PM_noisy_cqt/unlensed/neg_1320.png,0,1320,val,negative
/root/autodl-tmp/qkzhang/cqt_v2/dataset_images_PM_noisy_cqt/unlensed/neg_1332.png,0,1332,val,negative
/root/autodl-tmp/qkzhang/cqt_v2/dataset_images_PM_noisy_cqt/unlensed/neg_1334.png,0,1334,val,negative
/root/autodl-tmp/qkzhang/cqt_v2/dataset_images_PM_noisy_cqt/unlensed/neg_1335.png,0,1335,val,negative
/root/autodl-tmp/qkzhang/cqt_v2/dataset_images_PM_noisy_cqt/unlensed/neg_1340.png,0,1340,val,negative
/root/autodl-tmp/qkzhang/cqt_v2/dataset_images_PM_noisy_cqt/unlensed/neg_1345.png,0,1345,val,negative
/root/autodl-tmp/qkzhang/cqt_v2/dataset_images_PM_noisy_cqt/unlensed/neg_1353.png,0,1353,val,negative
/root/autodl-tmp/qkzhang/cqt_v2/dataset_images_PM_noisy_cqt/unlensed/neg_1362.png,0,1362,val,negative
/root/autodl-tmp/qkzhang/cqt_v2/dataset_images_PM_noisy_cqt/unlensed/neg_1363.png,0,1363,val,negative
/root/autodl-tmp/qkzhang/cqt_v2/dataset_images_PM_noisy_cqt/unlensed/neg_1378.png,0,1378,val,negative
/root/autodl-tmp/qkzhang/cqt_v2/dataset_images_PM_noisy_cqt/unlensed/neg_1380.png,0,1380,val,negative
/root/autodl-tmp/qkzhang/cqt_v2/dataset_images_PM_noisy_cqt/unlensed/neg_1381.png,0,1381,val,negative
/root/autodl-tmp/qkzhang/cqt_v2/dataset_images_PM_noisy_cqt/unlensed/neg_1384.png,0,1384,val,negative
/root/autodl-tmp/qkzhang/cqt_v2/dataset_images_PM_noisy_cqt/unlensed/neg_1386.png,0,1386,val,negative
/root/autodl-tmp/qkzhang/cqt_v2/dataset_images_PM_noisy_cqt/unlensed/neg_1388.png,0,1388,val,negative
/root/autodl-tmp/qkzhang/cqt_v2/dataset_images_PM_noisy_cqt/unlensed/neg_1397.png,0,1397,val,negative
/root/autodl-tmp/qkzhang/cqt_v2/dataset_images_PM_noisy_cqt/unlensed/neg_1399.png,0,1399,val,negative
/root/autodl-tmp/qkzhang/cqt_v2/dataset_images_PM_noisy_cqt/unlensed/neg_1401.png,0,1401,val,negative
/root/autodl-tmp/qkzhang/cqt_v2/dataset_images_PM_noisy_cqt/unlensed/neg_1402.png,0,1402,val,negative
/root/autodl-tmp/qkzhang/cqt_v2/dataset_images_PM_noisy_cqt/unlensed/neg_1404.png,0,1404,val,negative
/root/autodl-tmp/qkzhang/cqt_v2/dataset_images_PM_noisy_cqt/unlensed/neg_1407.png,0,1407,val,negative
/root/autodl-tmp/qkzhang/cqt_v2/dataset_images_PM_noisy_cqt/unlensed/neg_1410.png,0,1410,val,negative
/root/autodl-tmp/qkzhang/cqt_v2/dataset_images_PM_noisy_cqt/unlensed/neg_1411.png,0,1411,val,negative
/root/autodl-tmp/qkzhang/cqt_v2/dataset_images_PM_noisy_cqt/unlensed/neg_1414.png,0,1414,val,negative
/root/autodl-tmp/qkzhang/cqt_v2/dataset_images_PM_noisy_cqt/unlensed/neg_1415.png,0,1415,val,negative
/root/autodl-tmp/qkzhang/cqt_v2/dataset_images_PM_noisy_cqt/unlensed/neg_1416.png,0,1416,val,negative
/root/autodl-tmp/qkzhang/cqt_v2/dataset_images_PM_noisy_cqt/unlensed/neg_1418.png,0,1418,val,negative
/root/autodl-tmp/qkzhang/cqt_v2/dataset_images_PM_noisy_cqt/unlensed/neg_1424.png,0,1424,val,negative
/root/autodl-tmp/qkzhang/cqt_v2/dataset_images_PM_noisy_cqt/unlensed/neg_1432.png,0,1432,val,negative
/root/autodl-tmp/qkzhang/cqt_v2/dataset_images_PM_noisy_cqt/unlensed/neg_1434.png,0,1434,val,negative
/root/autodl-tmp/qkzhang/cqt_v2/dataset_images_PM_noisy_cqt/unlensed/neg_1439.png,0,1439,val,negative
/root/autodl-tmp/qkzhang/cqt_v2/dataset_images_PM_noisy_cqt/unlensed/neg_1442.png,0,1442,val,negative
/root/autodl-tmp/qkzhang/cqt_v2/dataset_images_PM_noisy_cqt/unlensed/neg_1451.png,0,1451,val,negative
/root/autodl-tmp/qkzhang/cqt_v2/dataset_images_PM_noisy_cqt/unlensed/neg_1453.png,0,1453,val,negative
/root/autodl-tmp/qkzhang/cqt_v2/dataset_images_PM_noisy_cqt/unlensed/neg_1457.png,0,1457,val,negative
/root/autodl-tmp/qkzhang/cqt_v2/dataset_images_PM_noisy_cqt/unlensed/neg_1461.png,0,1461,val,negative
/root/autodl-tmp/qkzhang/cqt_v2/dataset_images_PM_noisy_cqt/unlensed/neg_1462.png,0,1462,val,negative
/root/autodl-tmp/qkzhang/cqt_v2/dataset_images_PM_noisy_cqt/unlensed/neg_1463.png,0,1463,val,negative
/root/autodl-tmp/qkzhang/cqt_v2/dataset_images_PM_noisy_cqt/unlensed/neg_1466.png,0,1466,val,negative
/root/autodl-tmp/qkzhang/cqt_v2/dataset_images_PM_noisy_cqt/unlensed/neg_1470.png,0,1470,val,negative
/root/autodl-tmp/qkzhang/cqt_v2/dataset_images_PM_noisy_cqt/unlensed/neg_1473.png,0,1473,val,negative
/root/autodl-tmp/qkzhang/cqt_v2/dataset_images_PM_noisy_cqt/unlensed/neg_1477.png,0,1477,val,negative
/root/autodl-tmp/qkzhang/cqt_v2/dataset_images_PM_noisy_cqt/unlensed/neg_1490.png,0,1490,val,negative
/root/autodl-tmp/qkzhang/cqt_v2/dataset_images_PM_noisy_cqt/unlensed/neg_1500.png,0,1500,val,negative
/root/autodl-tmp/qkzhang/cqt_v2/dataset_images_PM_noisy_cqt/unlensed/neg_1505.png,0,1505,val,negative
/root/autodl-tmp/qkzhang/cqt_v2/dataset_images_PM_noisy_cqt/unlensed/neg_1511.png,0,1511,val,negative
/root/autodl-tmp/qkzhang/cqt_v2/dataset_images_PM_noisy_cqt/unlensed/neg_1521.png,0,1521,val,negative
/root/autodl-tmp/qkzhang/cqt_v2/dataset_images_PM_noisy_cqt/unlensed/neg_1523.png,0,1523,val,negative
/root/autodl-tmp/qkzhang/cqt_v2/dataset_images_PM_noisy_cqt/unlensed/neg_1527.png,0,1527,val,negative
/root/autodl-tmp/qkzhang/cqt_v2/dataset_images_PM_noisy_cqt/unlensed/neg_1528.png,0,1528,val,negative
/root/autodl-tmp/qkzhang/cqt_v2/dataset_images_PM_noisy_cqt/unlensed/neg_1529.png,0,1529,val,negative
/root/autodl-tmp/qkzhang/cqt_v2/dataset_images_PM_noisy_cqt/unlensed/neg_1533.png,0,1533,val,negative
/root/autodl-tmp/qkzhang/cqt_v2/dataset_images_PM_noisy_cqt/unlensed/neg_1536.png,0,1536,val,negative
/root/autodl-tmp/qkzhang/cqt_v2/dataset_images_PM_noisy_cqt/unlensed/neg_1540.png,0,1540,val,negative
/root/autodl-tmp/qkzhang/cqt_v2/dataset_images_PM_noisy_cqt/unlensed/neg_1550.png,0,1550,val,negative
/root/autodl-tmp/qkzhang/cqt_v2/dataset_images_PM_noisy_cqt/unlensed/neg_1551.png,0,1551,val,negative
/root/autodl-tmp/qkzhang/cqt_v2/dataset_images_PM_noisy_cqt/unlensed/neg_1553.png,0,1553,val,negative
/root/autodl-tmp/qkzhang/cqt_v2/dataset_images_PM_noisy_cqt/unlensed/neg_1554.png,0,1554,val,negative
/root/autodl-tmp/qkzhang/cqt_v2/dataset_images_PM_noisy_cqt/unlensed/neg_1558.png,0,1558,val,negative
/root/autodl-tmp/qkzhang/cqt_v2/dataset_images_PM_noisy_cqt/unlensed/neg_1564.png,0,1564,val,negative
/root/autodl-tmp/qkzhang/cqt_v2/dataset_images_PM_noisy_cqt/unlensed/neg_1567.png,0,1567,val,negative
/root/autodl-tmp/qkzhang/cqt_v2/dataset_images_PM_noisy_cqt/unlensed/neg_1568.png,0,1568,val,negative
/root/autodl-tmp/qkzhang/cqt_v2/dataset_images_PM_noisy_cqt/unlensed/neg_1571.png,0,1571,val,negative
/root/autodl-tmp/qkzhang/cqt_v2/dataset_images_PM_noisy_cqt/unlensed/neg_1573.png,0,1573,val,negative
/root/autodl-tmp/qkzhang/cqt_v2/dataset_images_PM_noisy_cqt/unlensed/neg_1575.png,0,1575,val,negative
/root/autodl-tmp/qkzhang/cqt_v2/dataset_images_PM_noisy_cqt/unlensed/neg_1577.png,0,1577,val,negative
/root/autodl-tmp/qkzhang/cqt_v2/dataset_images_PM_noisy_cqt/unlensed/neg_1581.png,0,1581,val,negative
/root/autodl-tmp/qkzhang/cqt_v2/dataset_images_PM_noisy_cqt/unlensed/neg_1594.png,0,1594,val,negative
/root/autodl-tmp/qkzhang/cqt_v2/dataset_images_PM_noisy_cqt/unlensed/neg_1596.png,0,1596,val,negative
/root/autodl-tmp/qkzhang/cqt_v2/dataset_images_PM_noisy_cqt/unlensed/neg_1602.png,0,1602,val,negative
/root/autodl-tmp/qkzhang/cqt_v2/dataset_images_PM_noisy_cqt/unlensed/neg_1604.png,0,1604,val,negative
/root/autodl-tmp/qkzhang/cqt_v2/dataset_images_PM_noisy_cqt/unlensed/neg_1606.png,0,1606,val,negative
/root/autodl-tmp/qkzhang/cqt_v2/dataset_images_PM_noisy_cqt/unlensed/neg_1609.png,0,1609,val,negative
/root/autodl-tmp/qkzhang/cqt_v2/dataset_images_PM_noisy_cqt/unlensed/neg_1622.png,0,1622,val,negative
/root/autodl-tmp/qkzhang/cqt_v2/dataset_images_PM_noisy_cqt/unlensed/neg_1629.png,0,1629,val,negative
/root/autodl-tmp/qkzhang/cqt_v2/dataset_images_PM_noisy_cqt/unlensed/neg_1630.png,0,1630,val,negative
/root/autodl-tmp/qkzhang/cqt_v2/dataset_images_PM_noisy_cqt/unlensed/neg_1635.png,0,1635,val,negative
/root/autodl-tmp/qkzhang/cqt_v2/dataset_images_PM_noisy_cqt/unlensed/neg_1648.png,0,1648,val,negative
/root/autodl-tmp/qkzhang/cqt_v2/dataset_images_PM_noisy_cqt/unlensed/neg_1652.png,0,1652,val,negative
/root/autodl-tmp/qkzhang/cqt_v2/dataset_images_PM_noisy_cqt/unlensed/neg_1665.png,0,1665,val,negative
/root/autodl-tmp/qkzhang/cqt_v2/dataset_images_PM_noisy_cqt/unlensed/neg_1667.png,0,1667,val,negative
/root/autodl-tmp/qkzhang/cqt_v2/dataset_images_PM_noisy_cqt/unlensed/neg_1671.png,0,1671,val,negative
/root/autodl-tmp/qkzhang/cqt_v2/dataset_images_PM_noisy_cqt/unlensed/neg_1673.png,0,1673,val,negative
/root/autodl-tmp/qkzhang/cqt_v2/dataset_images_PM_noisy_cqt/unlensed/neg_1683.png,0,1683,val,negative
/root/autodl-tmp/qkzhang/cqt_v2/dataset_images_PM_noisy_cqt/unlensed/neg_1684.png,0,1684,val,negative
/root/autodl-tmp/qkzhang/cqt_v2/dataset_images_PM_noisy_cqt/unlensed/neg_1686.png,0,1686,val,negative
/root/autodl-tmp/qkzhang/cqt_v2/dataset_images_PM_noisy_cqt/unlensed/neg_1688.png,0,1688,val,negative
/root/autodl-tmp/qkzhang/cqt_v2/dataset_images_PM_noisy_cqt/unlensed/neg_1709.png,0,1709,val,negative
/root/autodl-tmp/qkzhang/cqt_v2/dataset_images_PM_noisy_cqt/unlensed/neg_1714.png,0,1714,val,negative
/root/autodl-tmp/qkzhang/cqt_v2/dataset_images_PM_noisy_cqt/unlensed/neg_1715.png,0,1715,val,negative
/root/autodl-tmp/qkzhang/cqt_v2/dataset_images_PM_noisy_cqt/unlensed/neg_1717.png,0,1717,val,negative
/root/autodl-tmp/qkzhang/cqt_v2/dataset_images_PM_noisy_cqt/unlensed/neg_1718.png,0,1718,val,negative
/root/autodl-tmp/qkzhang/cqt_v2/dataset_images_PM_noisy_cqt/unlensed/neg_1721.png,0,1721,val,negative
/root/autodl-tmp/qkzhang/cqt_v2/dataset_images_PM_noisy_cqt/unlensed/neg_1722.png,0,1722,val,negative
/root/autodl-tmp/qkzhang/cqt_v2/dataset_images_PM_noisy_cqt/unlensed/neg_1729.png,0,1729,val,negative
/root/autodl-tmp/qkzhang/cqt_v2/dataset_images_PM_noisy_cqt/unlensed/neg_1744.png,0,1744,val,negative
/root/autodl-tmp/qkzhang/cqt_v2/dataset_images_PM_noisy_cqt/unlensed/neg_1750.png,0,1750,val,negative
/root/autodl-tmp/qkzhang/cqt_v2/dataset_images_PM_noisy_cqt/unlensed/neg_1753.png,0,1753,val,negative
/root/autodl-tmp/qkzhang/cqt_v2/dataset_images_PM_noisy_cqt/unlensed/neg_1763.png,0,1763,val,negative
/root/autodl-tmp/qkzhang/cqt_v2/dataset_images_PM_noisy_cqt/unlensed/neg_1771.png,0,1771,val,negative
/root/autodl-tmp/qkzhang/cqt_v2/dataset_images_PM_noisy_cqt/unlensed/neg_1785.png,0,1785,val,negative
/root/autodl-tmp/qkzhang/cqt_v2/dataset_images_PM_noisy_cqt/unlensed/neg_1792.png,0,1792,val,negative
/root/autodl-tmp/qkzhang/cqt_v2/dataset_images_PM_noisy_cqt/unlensed/neg_1797.png,0,1797,val,negative
/root/autodl-tmp/qkzhang/cqt_v2/dataset_images_PM_noisy_cqt/unlensed/neg_1807.png,0,1807,val,negative
/root/autodl-tmp/qkzhang/cqt_v2/dataset_images_PM_noisy_cqt/unlensed/neg_1809.png,0,1809,val,negative
/root/autodl-tmp/qkzhang/cqt_v2/dataset_images_PM_noisy_cqt/unlensed/neg_1810.png,0,1810,val,negative
/root/autodl-tmp/qkzhang/cqt_v2/dataset_images_PM_noisy_cqt/unlensed/neg_1811.png,0,1811,val,negative
/root/autodl-tmp/qkzhang/cqt_v2/dataset_images_PM_noisy_cqt/unlensed/neg_1812.png,0,1812,val,negative
/root/autodl-tmp/qkzhang/cqt_v2/dataset_images_PM_noisy_cqt/unlensed/neg_1816.png,0,1816,val,negative
/root/autodl-tmp/qkzhang/cqt_v2/dataset_images_PM_noisy_cqt/unlensed/neg_1819.png,0,1819,val,negative
/root/autodl-tmp/qkzhang/cqt_v2/dataset_images_PM_noisy_cqt/unlensed/neg_1820.png,0,1820,val,negative
/root/autodl-tmp/qkzhang/cqt_v2/dataset_images_PM_noisy_cqt/unlensed/neg_1822.png,0,1822,val,negative
/root/autodl-tmp/qkzhang/cqt_v2/dataset_images_PM_noisy_cqt/unlensed/neg_1824.png,0,1824,val,negative
/root/autodl-tmp/qkzhang/cqt_v2/dataset_images_PM_noisy_cqt/unlensed/neg_1832.png,0,1832,val,negative
/root/autodl-tmp/qkzhang/cqt_v2/dataset_images_PM_noisy_cqt/unlensed/neg_1839.png,0,1839,val,negative
/root/autodl-tmp/qkzhang/cqt_v2/dataset_images_PM_noisy_cqt/unlensed/neg_1842.png,0,1842,val,negative
/root/autodl-tmp/qkzhang/cqt_v2/dataset_images_PM_noisy_cqt/unlensed/neg_1846.png,0,1846,val,negative
/root/autodl-tmp/qkzhang/cqt_v2/dataset_images_PM_noisy_cqt/unlensed/neg_1852.png,0,1852,val,negative
/root/autodl-tmp/qkzhang/cqt_v2/dataset_images_PM_noisy_cqt/unlensed/neg_1855.png,0,1855,val,negative
/root/autodl-tmp/qkzhang/cqt_v2/dataset_images_PM_noisy_cqt/unlensed/neg_1858.png,0,1858,val,negative
/root/autodl-tmp/qkzhang/cqt_v2/dataset_images_PM_noisy_cqt/unlensed/neg_1860.png,0,1860,val,negative
/root/autodl-tmp/qkzhang/cqt_v2/dataset_images_PM_noisy_cqt/unlensed/neg_1861.png,0,1861,val,negative
/root/autodl-tmp/qkzhang/cqt_v2/dataset_images_PM_noisy_cqt/unlensed/neg_1864.png,0,1864,val,negative
/root/autodl-tmp/qkzhang/cqt_v2/dataset_images_PM_noisy_cqt/unlensed/neg_1872.png,0,1872,val,negative
/root/autodl-tmp/qkzhang/cqt_v2/dataset_images_PM_noisy_cqt/unlensed/neg_1876.png,0,1876,val,negative
/root/autodl-tmp/qkzhang/cqt_v2/dataset_images_PM_noisy_cqt/unlensed/neg_1879.png,0,1879,val,negative
/root/autodl-tmp/qkzhang/cqt_v2/dataset_images_PM_noisy_cqt/unlensed/neg_1882.png,0,1882,val,negative
/root/autodl-tmp/qkzhang/cqt_v2/dataset_images_PM_noisy_cqt/unlensed/neg_1890.png,0,1890,val,negative
/root/autodl-tmp/qkzhang/cqt_v2/dataset_images_PM_noisy_cqt/unlensed/neg_1897.png,0,1897,val,negative
/root/autodl-tmp/qkzhang/cqt_v2/dataset_images_PM_noisy_cqt/unlensed/neg_1906.png,0,1906,val,negative
/root/autodl-tmp/qkzhang/cqt_v2/dataset_images_PM_noisy_cqt/unlensed/neg_1914.png,0,1914,val,negative
/root/autodl-tmp/qkzhang/cqt_v2/dataset_images_PM_noisy_cqt/unlensed/neg_1915.png,0,1915,val,negative
/root/autodl-tmp/qkzhang/cqt_v2/dataset_images_PM_noisy_cqt/unlensed/neg_1916.png,0,1916,val,negative
/root/autodl-tmp/qkzhang/cqt_v2/dataset_images_PM_noisy_cqt/unlensed/neg_1917.png,0,1917,val,negative
/root/autodl-tmp/qkzhang/cqt_v2/dataset_images_PM_noisy_cqt/unlensed/neg_1919.png,0,1919,val,negative
/root/autodl-tmp/qkzhang/cqt_v2/dataset_images_PM_noisy_cqt/unlensed/neg_1920.png,0,1920,val,negative
/root/autodl-tmp/qkzhang/cqt_v2/dataset_images_PM_noisy_cqt/unlensed/neg_1922.png,0,1922,val,negative
/root/autodl-tmp/qkzhang/cqt_v2/dataset_images_PM_noisy_cqt/unlensed/neg_1931.png,0,1931,val,negative
/root/autodl-tmp/qkzhang/cqt_v2/dataset_images_PM_noisy_cqt/unlensed/neg_1933.png,0,1933,val,negative
/root/autodl-tmp/qkzhang/cqt_v2/dataset_images_PM_noisy_cqt/unlensed/neg_1934.png,0,1934,val,negative
/root/autodl-tmp/qkzhang/cqt_v2/dataset_images_PM_noisy_cqt/unlensed/neg_1937.png,0,1937,val,negative
/root/autodl-tmp/qkzhang/cqt_v2/dataset_images_PM_noisy_cqt/unlensed/neg_1940.png,0,1940,val,negative
/root/autodl-tmp/qkzhang/cqt_v2/dataset_images_PM_noisy_cqt/unlensed/neg_1942.png,0,1942,val,negative
/root/autodl-tmp/qkzhang/cqt_v2/dataset_images_PM_noisy_cqt/unlensed/neg_1946.png,0,1946,val,negative
/root/autodl-tmp/qkzhang/cqt_v2/dataset_images_PM_noisy_cqt/unlensed/neg_1947.png,0,1947,val,negative
/root/autodl-tmp/qkzhang/cqt_v2/dataset_images_PM_noisy_cqt/unlensed/neg_1959.png,0,1959,val,negative
/root/autodl-tmp/qkzhang/cqt_v2/dataset_images_PM_noisy_cqt/unlensed/neg_1965.png,0,1965,val,negative
/root/autodl-tmp/qkzhang/cqt_v2/dataset_images_PM_noisy_cqt/unlensed/neg_1966.png,0,1966,val,negative
/root/autodl-tmp/qkzhang/cqt_v2/dataset_images_PM_noisy_cqt/unlensed/neg_1971.png,0,1971,val,negative
/root/autodl-tmp/qkzhang/cqt_v2/dataset_images_PM_noisy_cqt/unlensed/neg_1972.png,0,1972,val,negative
/root/autodl-tmp/qkzhang/cqt_v2/dataset_images_PM_noisy_cqt/unlensed/neg_1973.png,0,1973,val,negative
/root/autodl-tmp/qkzhang/cqt_v2/dataset_images_PM_noisy_cqt/unlensed/neg_1976.png,0,1976,val,negative
/root/autodl-tmp/qkzhang/cqt_v2/dataset_images_PM_noisy_cqt/unlensed/neg_1979.png,0,1979,val,negative
/root/autodl-tmp/qkzhang/cqt_v2/dataset_images_PM_noisy_cqt/unlensed/neg_1985.png,0,1985,val,negative
/root/autodl-tmp/qkzhang/cqt_v2/dataset_images_PM_noisy_cqt/unlensed/neg_1990.png,0,1990,val,negative
/root/autodl-tmp/qkzhang/cqt_v2/dataset_images_PM_noisy_cqt/unlensed/neg_1996.png,0,1996,val,negative
/root/autodl-tmp/qkzhang/cqt_v2/dataset_images_PM_noisy_cqt/unlensed/neg_1999.png,0,1999,val,negative
/root/autodl-tmp/qkzhang/cqt_v2/dataset_images_PM_noisy_cqt/unlensed/neg_2000.png,0,2000,val,negative
/root/autodl-tmp/qkzhang/cqt_v2/dataset_images_PM_noisy_cqt/unlensed/neg_2001.png,0,2001,val,negative
/root/autodl-tmp/qkzhang/cqt_v2/dataset_images_PM_noisy_cqt/unlensed/neg_2004.png,0,2004,val,negative
/root/autodl-tmp/qkzhang/cqt_v2/dataset_images_PM_noisy_cqt/unlensed/neg_2005.png,0,2005,val,negative
/root/autodl-tmp/qkzhang/cqt_v2/dataset_images_PM_noisy_cqt/unlensed/neg_2006.png,0,2006,val,negative
/root/autodl-tmp/qkzhang/cqt_v2/dataset_images_PM_noisy_cqt/unlensed/neg_2009.png,0,2009,val,negative
/root/autodl-tmp/qkzhang/cqt_v2/dataset_images_PM_noisy_cqt/unlensed/neg_2016.png,0,2016,val,negative
/root/autodl-tmp/qkzhang/cqt_v2/dataset_images_PM_noisy_cqt/unlensed/neg_2017.png,0,2017,val,negative
/root/autodl-tmp/qkzhang/cqt_v2/dataset_images_PM_noisy_cqt/unlensed/neg_2023.png,0,2023,val,negative
/root/autodl-tmp/qkzhang/cqt_v2/dataset_images_PM_noisy_cqt/unlensed/neg_2031.png,0,2031,val,negative
/root/autodl-tmp/qkzhang/cqt_v2/dataset_images_PM_noisy_cqt/unlensed/neg_2041.png,0,2041,val,negative
/root/autodl-tmp/qkzhang/cqt_v2/dataset_images_PM_noisy_cqt/unlensed/neg_2043.png,0,2043,val,negative
/root/autodl-tmp/qkzhang/cqt_v2/dataset_images_PM_noisy_cqt/unlensed/neg_2045.png,0,2045,val,negative
/root/autodl-tmp/qkzhang/cqt_v2/dataset_images_PM_noisy_cqt/unlensed/neg_2048.png,0,2048,val,negative
/root/autodl-tmp/qkzhang/cqt_v2/dataset_images_PM_noisy_cqt/unlensed/neg_2049.png,0,2049,val,negative
/root/autodl-tmp/qkzhang/cqt_v2/dataset_images_PM_noisy_cqt/unlensed/neg_2063.png,0,2063,val,negative
/root/autodl-tmp/qkzhang/cqt_v2/dataset_images_PM_noisy_cqt/unlensed/neg_2065.png,0,2065,val,negative
/root/autodl-tmp/qkzhang/cqt_v2/dataset_images_PM_noisy_cqt/unlensed/neg_2067.png,0,2067,val,negative
/root/autodl-tmp/qkzhang/cqt_v2/dataset_images_PM_noisy_cqt/unlensed/neg_2086.png,0,2086,val,negative
/root/autodl-tmp/qkzhang/cqt_v2/dataset_images_PM_noisy_cqt/unlensed/neg_2087.png,0,2087,val,negative
/root/autodl-tmp/qkzhang/cqt_v2/dataset_images_PM_noisy_cqt/unlensed/neg_2092.png,0,2092,val,negative
/root/autodl-tmp/qkzhang/cqt_v2/dataset_images_PM_noisy_cqt/unlensed/neg_2100.png,0,2100,val,negative
/root/autodl-tmp/qkzhang/cqt_v2/dataset_images_PM_noisy_cqt/unlensed/neg_2107.png,0,2107,val,negative
/root/autodl-tmp/qkzhang/cqt_v2/dataset_images_PM_noisy_cqt/unlensed/neg_2115.png,0,2115,val,negative
/root/autodl-tmp/qkzhang/cqt_v2/dataset_images_PM_noisy_cqt/unlensed/neg_2120.png,0,2120,val,negative
/root/autodl-tmp/qkzhang/cqt_v2/dataset_images_PM_noisy_cqt/unlensed/neg_2121.png,0,2121,val,negative
/root/autodl-tmp/qkzhang/cqt_v2/dataset_images_PM_noisy_cqt/unlensed/neg_2122.png,0,2122,val,negative
/root/autodl-tmp/qkzhang/cqt_v2/dataset_images_PM_noisy_cqt/unlensed/neg_2123.png,0,2123,val,negative
/root/autodl-tmp/qkzhang/cqt_v2/dataset_images_PM_noisy_cqt/unlensed/neg_2127.png,0,2127,val,negative
/root/autodl-tmp/qkzhang/cqt_v2/dataset_images_PM_noisy_cqt/unlensed/neg_2142.png,0,2142,val,negative
/root/autodl-tmp/qkzhang/cqt_v2/dataset_images_PM_noisy_cqt/unlensed/neg_2145.png,0,2145,val,negative
/root/autodl-tmp/qkzhang/cqt_v2/dataset_images_PM_noisy_cqt/unlensed/neg_2157.png,0,2157,val,negative
/root/autodl-tmp/qkzhang/cqt_v2/dataset_images_PM_noisy_cqt/unlensed/neg_2160.png,0,2160,val,negative
/root/autodl-tmp/qkzhang/cqt_v2/dataset_images_PM_noisy_cqt/unlensed/neg_2164.png,0,2164,val,negative
/root/autodl-tmp/qkzhang/cqt_v2/dataset_images_PM_noisy_cqt/unlensed/neg_2171.png,0,2171,val,negative
/root/autodl-tmp/qkzhang/cqt_v2/dataset_images_PM_noisy_cqt/unlensed/neg_2172.png,0,2172,val,negative
/root/autodl-tmp/qkzhang/cqt_v2/dataset_images_PM_noisy_cqt/unlensed/neg_2175.png,0,2175,val,negative
/root/autodl-tmp/qkzhang/cqt_v2/dataset_images_PM_noisy_cqt/unlensed/neg_2176.png,0,2176,val,negative
/root/autodl-tmp/qkzhang/cqt_v2/dataset_images_PM_noisy_cqt/unlensed/neg_2179.png,0,2179,val,negative
/root/autodl-tmp/qkzhang/cqt_v2/dataset_images_PM_noisy_cqt/unlensed/neg_2180.png,0,2180,val,negative
/root/autodl-tmp/qkzhang/cqt_v2/dataset_images_PM_noisy_cqt/unlensed/neg_2182.png,0,2182,val,negative
/root/autodl-tmp/qkzhang/cqt_v2/dataset_images_PM_noisy_cqt/unlensed/neg_2184.png,0,2184,val,negative
/root/autodl-tmp/qkzhang/cqt_v2/dataset_images_PM_noisy_cqt/unlensed/neg_2188.png,0,2188,val,negative
/root/autodl-tmp/qkzhang/cqt_v2/dataset_images_PM_noisy_cqt/unlensed/neg_2190.png,0,2190,val,negative
/root/autodl-tmp/qkzhang/cqt_v2/dataset_images_PM_noisy_cqt/unlensed/neg_2196.png,0,2196,val,negative
/root/autodl-tmp/qkzhang/cqt_v2/dataset_images_PM_noisy_cqt/unlensed/neg_2200.png,0,2200,val,negative
/root/autodl-tmp/qkzhang/cqt_v2/dataset_images_PM_noisy_cqt/unlensed/neg_2204.png,0,2204,val,negative
/root/autodl-tmp/qkzhang/cqt_v2/dataset_images_PM_noisy_cqt/unlensed/neg_2208.png,0,2208,val,negative
/root/autodl-tmp/qkzhang/cqt_v2/dataset_images_PM_noisy_cqt/unlensed/neg_2209.png,0,2209,val,negative
/root/autodl-tmp/qkzhang/cqt_v2/dataset_images_PM_noisy_cqt/unlensed/neg_2224.png,0,2224,val,negative
/root/autodl-tmp/qkzhang/cqt_v2/dataset_images_PM_noisy_cqt/unlensed/neg_2225.png,0,2225,val,negative
/root/autodl-tmp/qkzhang/cqt_v2/dataset_images_PM_noisy_cqt/unlensed/neg_2232.png,0,2232,val,negative
/root/autodl-tmp/qkzhang/cqt_v2/dataset_images_PM_noisy_cqt/unlensed/neg_2236.png,0,2236,val,negative
/root/autodl-tmp/qkzhang/cqt_v2/dataset_images_PM_noisy_cqt/unlensed/neg_2237.png,0,2237,val,negative
/root/autodl-tmp/qkzhang/cqt_v2/dataset_images_PM_noisy_cqt/unlensed/neg_2252.png,0,2252,val,negative
/root/autodl-tmp/qkzhang/cqt_v2/dataset_images_PM_noisy_cqt/unlensed/neg_2256.png,0,2256,val,negative
/root/autodl-tmp/qkzhang/cqt_v2/dataset_images_PM_noisy_cqt/unlensed/neg_2257.png,0,2257,val,negative
/root/autodl-tmp/qkzhang/cqt_v2/dataset_images_PM_noisy_cqt/unlensed/neg_2261.png,0,2261,val,negative
/root/autodl-tmp/qkzhang/cqt_v2/dataset_images_PM_noisy_cqt/unlensed/neg_2263.png,0,2263,val,negative
/root/autodl-tmp/qkzhang/cqt_v2/dataset_images_PM_noisy_cqt/unlensed/neg_2269.png,0,2269,val,negative
/root/autodl-tmp/qkzhang/cqt_v2/dataset_images_PM_noisy_cqt/unlensed/neg_2271.png,0,2271,val,negative
/root/autodl-tmp/qkzhang/cqt_v2/dataset_images_PM_noisy_cqt/unlensed/neg_2273.png,0,2273,val,negative
/root/autodl-tmp/qkzhang/cqt_v2/dataset_images_PM_noisy_cqt/unlensed/neg_2276.png,0,2276,val,negative
/root/autodl-tmp/qkzhang/cqt_v2/dataset_images_PM_noisy_cqt/unlensed/neg_2277.png,0,2277,val,negative
/root/autodl-tmp/qkzhang/cqt_v2/dataset_images_PM_noisy_cqt/unlensed/neg_2279.png,0,2279,val,negative
/root/autodl-tmp/qkzhang/cqt_v2/dataset_images_PM_noisy_cqt/unlensed/neg_2281.png,0,2281,val,negative
/root/autodl-tmp/qkzhang/cqt_v2/dataset_images_PM_noisy_cqt/unlensed/neg_2295.png,0,2295,val,negative
/root/autodl-tmp/qkzhang/cqt_v2/dataset_images_PM_noisy_cqt/unlensed/neg_2300.png,0,2300,val,negative
/root/autodl-tmp/qkzhang/cqt_v2/dataset_images_PM_noisy_cqt/unlensed/neg_2305.png,0,2305,val,negative
/root/autodl-tmp/qkzhang/cqt_v2/dataset_images_PM_noisy_cqt/unlensed/neg_2309.png,0,2309,val,negative
/root/autodl-tmp/qkzhang/cqt_v2/dataset_images_PM_noisy_cqt/unlensed/neg_2312.png,0,2312,val,negative
/root/autodl-tmp/qkzhang/cqt_v2/dataset_images_PM_noisy_cqt/unlensed/neg_2324.png,0,2324,val,negative
/root/autodl-tmp/qkzhang/cqt_v2/dataset_images_PM_noisy_cqt/unlensed/neg_2325.png,0,2325,val,negative
/root/autodl-tmp/qkzhang/cqt_v2/dataset_images_PM_noisy_cqt/unlensed/neg_2335.png,0,2335,val,negative
/root/autodl-tmp/qkzhang/cqt_v2/dataset_images_PM_noisy_cqt/unlensed/neg_2341.png,0,2341,val,negative
/root/autodl-tmp/qkzhang/cqt_v2/dataset_images_PM_noisy_cqt/unlensed/neg_2346.png,0,2346,val,negative
/root/autodl-tmp/qkzhang/cqt_v2/dataset_images_PM_noisy_cqt/unlensed/neg_2358.png,0,2358,val,negative
/root/autodl-tmp/qkzhang/cqt_v2/dataset_images_PM_noisy_cqt/unlensed/neg_2359.png,0,2359,val,negative
/root/autodl-tmp/qkzhang/cqt_v2/dataset_images_PM_noisy_cqt/unlensed/neg_2369.png,0,2369,val,negative
/root/autodl-tmp/qkzhang/cqt_v2/dataset_images_PM_noisy_cqt/unlensed/neg_2373.png,0,2373,val,negative
/root/autodl-tmp/qkzhang/cqt_v2/dataset_images_PM_noisy_cqt/unlensed/neg_2376.png,0,2376,val,negative
/root/autodl-tmp/qkzhang/cqt_v2/dataset_images_PM_noisy_cqt/unlensed/neg_2378.png,0,2378,val,negative
/root/autodl-tmp/qkzhang/cqt_v2/dataset_images_PM_noisy_cqt/unlensed/neg_2379.png,0,2379,val,negative
/root/autodl-tmp/qkzhang/cqt_v2/dataset_images_PM_noisy_cqt/unlensed/neg_2381.png,0,2381,val,negative
/root/autodl-tmp/qkzhang/cqt_v2/dataset_images_PM_noisy_cqt/unlensed/neg_2386.png,0,2386,val,negative
/root/autodl-tmp/qkzhang/cqt_v2/dataset_images_PM_noisy_cqt/unlensed/neg_2391.png,0,2391,val,negative
/root/autodl-tmp/qkzhang/cqt_v2/dataset_images_PM_noisy_cqt/unlensed/neg_2392.png,0,2392,val,negative
/root/autodl-tmp/qkzhang/cqt_v2/dataset_images_PM_noisy_cqt/unlensed/neg_2393.png,0,2393,val,negative
/root/autodl-tmp/qkzhang/cqt_v2/dataset_images_PM_noisy_cqt/unlensed/neg_2403.png,0,2403,val,negative
/root/autodl-tmp/qkzhang/cqt_v2/dataset_images_PM_noisy_cqt/unlensed/neg_2412.png,0,2412,val,negative
/root/autodl-tmp/qkzhang/cqt_v2/dataset_images_PM_noisy_cqt/unlensed/neg_2417.png,0,2417,val,negative
/root/autodl-tmp/qkzhang/cqt_v2/dataset_images_PM_noisy_cqt/unlensed/neg_2419.png,0,2419,val,negative
/root/autodl-tmp/qkzhang/cqt_v2/dataset_images_PM_noisy_cqt/unlensed/neg_2423.png,0,2423,val,negative
/root/autodl-tmp/qkzhang/cqt_v2/dataset_images_PM_noisy_cqt/unlensed/neg_2428.png,0,2428,val,negative
/root/autodl-tmp/qkzhang/cqt_v2/dataset_images_PM_noisy_cqt/unlensed/neg_2434.png,0,2434,val,negative
/root/autodl-tmp/qkzhang/cqt_v2/dataset_images_PM_noisy_cqt/unlensed/neg_2435.png,0,2435,val,negative
/root/autodl-tmp/qkzhang/cqt_v2/dataset_images_PM_noisy_cqt/unlensed/neg_2438.png,0,2438,val,negative
/root/autodl-tmp/qkzhang/cqt_v2/dataset_images_PM_noisy_cqt/unlensed/neg_2446.png,0,2446,val,negative
/root/autodl-tmp/qkzhang/cqt_v2/dataset_images_PM_noisy_cqt/unlensed/neg_2451.png,0,2451,val,negative
/root/autodl-tmp/qkzhang/cqt_v2/dataset_images_PM_noisy_cqt/unlensed/neg_2460.png,0,2460,val,negative
/root/autodl-tmp/qkzhang/cqt_v2/dataset_images_PM_noisy_cqt/unlensed/neg_2461.png,0,2461,val,negative
/root/autodl-tmp/qkzhang/cqt_v2/dataset_images_PM_noisy_cqt/unlensed/neg_2468.png,0,2468,val,negative
/root/autodl-tmp/qkzhang/cqt_v2/dataset_images_PM_noisy_cqt/unlensed/neg_2484.png,0,2484,val,negative
/root/autodl-tmp/qkzhang/cqt_v2/dataset_images_PM_noisy_cqt/unlensed/neg_2488.png,0,2488,val,negative
/root/autodl-tmp/qkzhang/cqt_v2/dataset_images_PM_noisy_cqt/unlensed/neg_2492.png,0,2492,val,negative
